game_id,season,week,gameday,home_team,away_team,home_score,away_score,location,home_elo_pre,away_elo_pre,home_elo_post,away_elo_post
2006_01_MIA_PIT,2006,1,2006-09-07,PIT,MIA,28,17,Home,1500,1500,1519.6724363973083,1480.3275636026917
2006_01_ATL_CAR,2006,1,2006-09-10,CAR,ATL,6,20,Home,1500,1500,1468.832298024403,1531.167701975597
2006_01_BAL_TB,2006,1,2006-09-10,TB,BAL,0,27,Home,1500,1500,1461.6487327108596,1538.3512672891404
2006_01_BUF_NE,2006,1,2006-09-10,NE,BUF,19,17,Home,1500,1500,1508.697461683709,1491.302538316291
2006_01_CHI_GB,2006,1,2006-09-10,GB,CHI,0,26,Home,1500,1500,1462.0672980294091,1537.9327019705909
2006_01_CIN_KC,2006,1,2006-09-10,KC,CIN,10,23,Home,1500,1500,1469.6263561463945,1530.3736438536055
2006_01_DAL_JAX,2006,1,2006-09-10,JAX,DAL,24,17,Home,1500,1500,1516.462462070399,1483.537537929601
2006_01_DEN_STL,2006,1,2006-09-10,LA,DEN,18,10,Home,1500,1500,1517.394923367418,1482.605076632582
2006_01_IND_NYG,2006,1,2006-09-10,NYG,IND,21,26,Home,1500,1500,1479.3781425742682,1520.6218574257318
2006_01_NO_CLE,2006,1,2006-09-10,CLE,NO,14,19,Home,1500,1500,1479.3781425742682,1520.6218574257318
2006_01_NYJ_TEN,2006,1,2006-09-10,TEN,NYJ,16,23,Home,1500,1500,1476.0671296933956,1523.9328703066044
2006_01_PHI_HOU,2006,1,2006-09-10,HOU,PHI,10,24,Home,1500,1500,1468.832298024403,1531.167701975597
2006_01_SEA_DET,2006,1,2006-09-10,DET,SEA,6,9,Home,1500,1500,1484.0447531289303,1515.9552468710697
2006_01_SF_ARI,2006,1,2006-09-10,ARI,SF,34,27,Home,1500,1500,1516.462462070399,1483.537537929601
2006_01_MIN_WAS,2006,1,2006-09-11,WAS,MIN,16,19,Home,1500,1500,1484.0447531289303,1515.9552468710697
2006_01_SD_OAK,2006,1,2006-09-11,LV,LAC,0,27,Home,1500,1500,1461.6487327108596,1538.3512672891404
2006_02_ARI_SEA,2006,2,2006-09-17,SEA,ARI,21,10,Home,1515.9552468710697,1516.462462070399,1535.666137021491,1496.7515719199776
2006_02_BUF_MIA,2006,2,2006-09-17,MIA,BUF,6,16,Home,1480.3275636026917,1491.302538316291,1453.3131202022676,1518.3169817167152
2006_02_CAR_MIN,2006,2,2006-09-17,MIN,CAR,16,13,Home,1515.9552468710697,1468.832298024403,1525.030956558739,1459.7565883367336
2006_02_CLE_CIN,2006,2,2006-09-17,CIN,CLE,34,17,Home,1530.3736438536055,1479.3781425742682,1548.9892407690654,1460.7625456588082
2006_02_DET_CHI,2006,2,2006-09-17,CHI,DET,34,7,Home,1537.9327019705909,1484.0447531289303,1559.1319116648897,1462.8455434346315
2006_02_HOU_IND,2006,2,2006-09-17,IND,HOU,43,24,Home,1520.6218574257318,1468.832298024403,1539.851189522491,1449.6029659276437
2006_02_KC_DEN,2006,2,2006-09-17,DEN,KC,9,6,Home,1482.605076632582,1469.6263561463945,1493.0380281811083,1459.1934045978683
2006_02_NE_NYJ,2006,2,2006-09-17,NYJ,NE,17,24,Home,1523.9328703066044,1508.697461683709,1499.3175955995262,1533.3127363907872
2006_02_NO_GB,2006,2,2006-09-17,GB,NO,27,34,Home,1462.0672980294091,1520.6218574257318,1440.949031054271,1541.74012440087
2006_02_NYG_PHI,2006,2,2006-09-17,PHI,NYG,24,30,Home,1531.167701975597,1479.3781425742682,1506.7019886061876,1503.8438559436777
2006_02_OAK_BAL,2006,2,2006-09-17,BAL,LV,28,6,Home,1538.3512672891404,1461.6487327108596,1556.4191315430242,1443.5808684569758
2006_02_STL_SF,2006,2,2006-09-17,SF,LA,20,13,Home,1483.537537929601,1517.394923367418,1502.208704271441,1498.723757025578
2006_02_TB_ATL,2006,2,2006-09-17,ATL,TB,14,3,Home,1531.167701975597,1461.6487327108596,1545.9457538742795,1446.8706808121772
2006_02_TEN_SD,2006,2,2006-09-17,LAC,TEN,40,7,Home,1538.3512672891404,1476.0671296933956,1559.992399461577,1454.425997520959
2006_02_WAS_DAL,2006,2,2006-09-17,DAL,WAS,27,10,Home,1483.537537929601,1484.0447531289303,1506.4646769505507,1461.1176141079807
2006_02_PIT_JAX,2006,2,2006-09-18,JAX,PIT,9,0,Home,1516.462462070399,1519.6724363973083,1534.917556157697,1501.2173423100103
2006_03_BAL_CLE,2006,3,2006-09-24,CLE,BAL,14,15,Home,1460.7625456588082,1556.4191315430242,1454.5279795340496,1562.6536976677828
2006_03_CAR_TB,2006,3,2006-09-24,TB,CAR,24,26,Home,1446.8706808121772,1459.7565883367336,1434.5409955017192,1472.0862736471915
2006_03_CHI_MIN,2006,3,2006-09-24,MIN,CHI,16,19,Home,1525.030956558739,1559.1319116648897,1510.1473977091175,1574.0154705145112
2006_03_CIN_PIT,2006,3,2006-09-24,PIT,CIN,20,28,Home,1501.2173423100103,1548.9892407690654,1478.3356482279926,1571.8709348510831
2006_03_DEN_NE,2006,3,2006-09-24,NE,DEN,7,17,Home,1533.3127363907872,1493.0380281811083,1503.6995819090425,1522.651182662853
2006_03_GB_DET,2006,3,2006-09-24,DET,GB,24,31,Home,1462.8455434346315,1440.949031054271,1437.9398084035117,1465.8547660853908
2006_03_JAX_IND,2006,3,2006-09-24,IND,JAX,21,14,Home,1539.851189522491,1534.917556157697,1556.0022146341425,1518.7665310460454
2006_03_NYG_SEA,2006,3,2006-09-24,SEA,NYG,42,30,Home,1535.666137021491,1503.8438559436777,1553.559676550362,1485.9503164148068
2006_03_NYJ_BUF,2006,3,2006-09-24,BUF,NYJ,20,28,Home,1518.3169817167152,1499.3175955995262,1492.1333837040677,1525.5011936121737
2006_03_PHI_SF,2006,3,2006-09-24,SF,PHI,24,38,Home,1502.208704271441,1506.7019886061876,1471.3090128349484,1537.6016800426803
2006_03_STL_ARI,2006,3,2006-09-24,ARI,LA,14,16,Home,1496.7515719199776,1498.723757025578,1484.154931093777,1511.3203978517786
2006_03_TEN_MIA,2006,3,2006-09-24,MIA,TEN,13,10,Home,1453.3131202022676,1454.425997520959,1464.335190294648,1443.4039274285785
2006_03_WAS_HOU,2006,3,2006-09-24,HOU,WAS,15,31,Home,1449.6029659276437,1461.1176141079807,1417.7185811881002,1493.0019988475242
2006_03_ATL_NO,2006,3,2006-09-25,NO,ATL,23,3,Home,1541.74012440087,1545.9457538742795,1566.2348654674336,1521.4510128077159
2006_04_ARI_ATL,2006,4,2006-10-01,ATL,ARI,32,10,Home,1521.4510128077159,1484.154931093777,1542.837465389873,1462.7684785116198
2006_04_CLE_OAK,2006,4,2006-10-01,LV,CLE,21,24,Home,1443.5808684569758,1454.5279795340496,1427.9621514526932,1470.1466965383322
2006_04_DAL_TEN,2006,4,2006-10-01,TEN,DAL,14,45,Home,1443.4039274285785,1506.4646769505507,1408.5838196351092,1541.28478474402
2006_04_DET_STL,2006,4,2006-10-01,LA,DET,41,34,Home,1511.3203978517786,1437.9398084035117,1523.479600444436,1425.7806058108542
2006_04_IND_NYJ,2006,4,2006-10-01,NYJ,IND,28,31,Home,1525.5011936121737,1556.0022146341425,1510.5014373456436,1571.0019709006726
2006_04_JAX_WAS,2006,4,2006-10-01,WAS,JAX,36,30,Home,1493.0019988475242,1518.7665310460454,1509.970284750042,1501.7982451435275
2006_04_MIA_HOU,2006,4,2006-10-01,HOU,MIA,17,15,Home,1417.7185811881002,1464.335190294648,1428.0377243697976,1454.0160471129507
2006_04_MIN_BUF,2006,4,2006-10-01,BUF,MIN,17,12,Home,1492.1333837040677,1510.1473977091175,1507.3182230231969,1494.9625583899883
2006_04_NE_CIN,2006,4,2006-10-01,CIN,NE,13,38,Home,1571.8709348510831,1503.6995819090425,1529.9188675602456,1545.65164919988
2006_04_NO_CAR,2006,4,2006-10-01,CAR,NO,21,18,Home,1472.0862736471915,1566.2348654674336,1486.9131011347326,1551.4080379798925
2006_04_SD_BAL,2006,4,2006-10-01,BAL,LAC,16,13,Home,1562.6536976677828,1559.992399461577,1573.5164387989987,1549.129658330361
2006_04_SEA_CHI,2006,4,2006-10-01,CHI,SEA,37,6,Home,1574.0154705145112,1553.559676550362,1599.3328739098497,1528.2422731550234
2006_04_SF_KC,2006,4,2006-10-01,KC,SF,41,0,Home,1459.1934045978683,1471.3090128349484,1490.179541055606,1440.3228763772106
2006_04_GB_PHI,2006,4,2006-10-02,PHI,GB,31,9,Home,1537.6016800426803,1465.8547660853908,1556.0679330990267,1447.3885130290444
2006_05_BUF_CHI,2006,5,2006-10-08,CHI,BUF,40,7,Home,1599.3328739098497,1507.3182230231969,1618.3087461351859,1488.3423507978607
2006_05_CLE_CAR,2006,5,2006-10-08,CAR,CLE,20,12,Home,1486.9131011347326,1470.1466965383322,1503.2023252933009,1453.857472379764
2006_05_DAL_PHI,2006,5,2006-10-08,PHI,DAL,38,24,Home,1556.0679330990267,1541.28478474402,1576.3030428631344,1521.0496749799124
2006_05_DET_MIN,2006,5,2006-10-08,MIN,DET,26,17,Home,1494.9625583899883,1425.7806058108542,1508.6764909445728,1412.0666732562697
2006_05_KC_ARI,2006,5,2006-10-08,ARI,KC,20,23,Home,1462.7684785116198,1490.179541055606,1447.669511467685,1505.2785080995409
2006_05_MIA_NE,2006,5,2006-10-08,NE,MIA,20,10,Home,1545.65164919988,1454.0160471129507,1558.5772084714165,1441.0904878414142
2006_05_NYJ_JAX,2006,5,2006-10-08,JAX,NYJ,41,0,Home,1501.7982451435275,1510.5014373456436,1532.3882704210985,1479.9114120680727
2006_05_OAK_SF,2006,5,2006-10-08,SF,LV,34,20,Home,1440.3228763772106,1427.9621514526932,1460.752889575196,1407.532138254708
2006_05_PIT_SD,2006,5,2006-10-08,LAC,PIT,23,13,Home,1549.129658330361,1478.3356482279926,1563.3109526703674,1464.1543538879862
2006_05_STL_GB,2006,5,2006-10-08,GB,LA,20,23,Home,1447.3885130290444,1523.479600444436,1434.035280989704,1536.8328324837764
2006_05_TB_NO,2006,5,2006-10-08,NO,TB,24,21,Home,1551.4080379798925,1434.5409955017192,1558.0617054964089,1427.8873279852028
2006_05_TEN_IND,2006,5,2006-10-08,IND,TEN,14,13,Home,1571.0019709006726,1408.5838196351092,1573.6735320889402,1405.9122584468416
2006_05_WAS_NYG,2006,5,2006-10-08,NYG,WAS,19,3,Home,1485.9503164148068,1509.970284750042,1510.4988138498516,1485.4217873149973
2006_05_BAL_DEN,2006,5,2006-10-09,DEN,BAL,13,3,Home,1522.651182662853,1573.5164387989987,1545.5082817937423,1550.6593396681094
2006_06_BUF_DET,2006,6,2006-10-15,DET,BUF,20,17,Home,1412.0666732562697,1488.3423507978607,1426.3063841666012,1474.1026398875292
2006_06_CAR_BAL,2006,6,2006-10-15,BAL,CAR,21,23,Home,1550.6593396681094,1503.2023252933009,1536.937847226264,1516.9238177351463
2006_06_CIN_TB,2006,6,2006-10-15,TB,CIN,14,13,Home,1427.8873279852028,1529.9188675602456,1435.4278815418925,1522.378314003556
2006_06_HOU_DAL,2006,6,2006-10-15,DAL,HOU,34,6,Home,1521.0496749799124,1428.0377243697976,1539.0880153273672,1409.9993840223428
2006_06_KC_PIT,2006,6,2006-10-15,PIT,KC,45,7,Home,1464.1543538879862,1505.2785080995409,1497.9099805466867,1471.5228814408404
2006_06_MIA_NYJ,2006,6,2006-10-15,NYJ,MIA,20,17,Home,1479.9114120680727,1441.0904878414142,1489.3074604179485,1431.6944394915383
2006_06_NYG_ATL,2006,6,2006-10-15,ATL,NYG,14,27,Home,1542.837465389873,1510.4988138498516,1510.664282906794,1542.6719963329306
2006_06_OAK_DEN,2006,6,2006-10-15,DEN,LV,13,3,Home,1545.5082817937423,1407.532138254708,1555.9203736777065,1397.1200463707437
2006_06_PHI_NO,2006,6,2006-10-15,NO,PHI,27,24,Home,1558.0617054964089,1576.3030428631344,1569.8202115327022,1564.544536826841
2006_06_SD_SF,2006,6,2006-10-15,SF,LAC,19,48,Home,1460.752889575196,1563.3109526703674,1430.9128073318866,1593.1510349136768
2006_06_SEA_STL,2006,6,2006-10-15,LA,SEA,28,30,Home,1536.8328324837764,1528.2422731550234,1523.9837233092571,1541.0913823295427
2006_06_TEN_WAS,2006,6,2006-10-15,WAS,TEN,22,25,Home,1485.4217873149973,1405.9122584468416,1467.2945175829752,1424.0395281788637
2006_06_CHI_ARI,2006,6,2006-10-16,ARI,CHI,23,24,Home,1447.669511467685,1618.3087461351859,1443.0068421524643,1622.9714154504065
2006_07_ARI_OAK,2006,7,2006-10-22,LV,ARI,22,9,Home,1397.1200463707437,1443.0068421524643,1421.8454683050393,1418.2814202181687
2006_07_CAR_CIN,2006,7,2006-10-22,CIN,CAR,17,14,Home,1522.378314003556,1516.9238177351463,1533.1238561687778,1506.1782755699244
2006_07_DEN_CLE,2006,7,2006-10-22,CLE,DEN,7,17,Home,1453.857472379764,1555.9203736777065,1432.78188557844,1576.9959604790304
2006_07_DET_NYJ,2006,7,2006-10-22,NYJ,DET,31,24,Home,1489.3074604179485,1426.3063841666012,1502.0294447191825,1413.5843998653672
2006_07_GB_MIA,2006,7,2006-10-22,MIA,GB,24,34,Home,1431.6944394915383,1434.035280989704,1404.2197436094318,1461.5099768718105
2006_07_JAX_HOU,2006,7,2006-10-22,HOU,JAX,27,7,Home,1409.9993840223428,1532.3882704210985,1444.5275651336856,1497.8600893097557
2006_07_MIN_SEA,2006,7,2006-10-22,SEA,MIN,13,31,Home,1541.0913823295427,1508.6764909445728,1505.190707551502,1544.5771657226135
2006_07_NE_BUF,2006,7,2006-10-22,BUF,NE,6,28,Home,1474.1026398875292,1558.5772084714165,1444.7630924035911,1587.9167559553546
2006_07_PHI_TB,2006,7,2006-10-22,TB,PHI,23,21,Home,1435.4278815418925,1564.544536826841,1448.05082372252,1551.9215946462136
2006_07_PIT_ATL,2006,7,2006-10-22,ATL,PIT,41,38,Home,1510.664282906794,1497.9099805466867,1521.1064908789085,1487.467772574572
2006_07_SD_KC,2006,7,2006-10-22,KC,LAC,30,27,Home,1471.5228814408404,1593.1510349136768,1487.221451208992,1577.4524651455251
2006_07_WAS_IND,2006,7,2006-10-22,IND,WAS,36,22,Home,1573.6735320889402,1467.2945175829752,1587.3203946031333,1453.6476550687821
2006_07_NYG_DAL,2006,7,2006-10-23,DAL,NYG,22,36,Home,1539.0880153273672,1542.6719963329306,1508.133878571179,1573.6261330891189
2006_08_ARI_GB,2006,8,2006-10-29,GB,ARI,31,14,Home,1461.5099768718105,1418.2814202181687,1480.744121821832,1399.0472752681471
2006_08_ATL_CIN,2006,8,2006-10-29,CIN,ATL,27,29,Home,1533.1238561687778,1521.1064908789085,1520.1941605436525,1534.0361865040338
2006_08_BAL_NO,2006,8,2006-10-29,NO,BAL,22,35,Home,1569.8202115327022,1536.937847226264,1537.6180652526875,1569.1399935062786
2006_08_DAL_CAR,2006,8,2006-10-29,CAR,DAL,14,35,Home,1506.1782755699244,1508.133878571179,1470.7353886582614,1543.576765482842
2006_08_HOU_TEN,2006,8,2006-10-29,TEN,HOU,28,22,Home,1424.0395281788637,1444.5275651336856,1440.6824325135758,1427.8846607989735
2006_08_IND_DEN,2006,8,2006-10-29,DEN,IND,31,34,Home,1576.9959604790304,1587.3203946031333,1561.357898134071,1602.9584569480926
2006_08_JAX_PHI,2006,8,2006-10-29,PHI,JAX,6,13,Home,1551.9215946462136,1497.8600893097557,1525.6874120765724,1524.094271879397
2006_08_NYJ_CLE,2006,8,2006-10-29,CLE,NYJ,20,13,Home,1432.78188557844,1502.0294447191825,1453.78994913071,1481.0213811669125
2006_08_PIT_OAK,2006,8,2006-10-29,LV,PIT,20,13,Home,1421.8454683050393,1487.467772574572,1442.6712384076764,1466.642002471935
2006_08_SEA_KC,2006,8,2006-10-29,KC,SEA,35,28,Home,1487.221451208992,1505.190707551502,1504.841418043291,1487.570740717203
2006_08_SF_CHI,2006,8,2006-10-29,CHI,SF,41,10,Home,1622.9714154504065,1430.9128073318866,1634.4819534070414,1419.4022693752518
2006_08_STL_SD,2006,8,2006-10-29,LAC,LA,38,24,Home,1577.4524651455251,1523.9837233092571,1594.7116230696995,1506.7245653850828
2006_08_TB_NYG,2006,8,2006-10-29,NYG,TB,17,3,Home,1573.6261330891189,1448.05082372252,1586.1016658694182,1435.5752909422206
2006_08_NE_MIN,2006,8,2006-10-30,MIN,NE,7,31,Home,1544.5771657226135,1587.9167559553546,1510.717607063432,1621.776314614536
2006_09_ATL_DET,2006,9,2006-11-05,DET,ATL,30,14,Home,1413.5843998653672,1534.0361865040338,1445.593616677218,1502.026969692183
2006_09_CIN_BAL,2006,9,2006-11-05,BAL,CIN,26,20,Home,1569.1399935062786,1520.1941605436525,1581.7818491795454,1507.5523048703858
2006_09_CLE_SD,2006,9,2006-11-05,LAC,CLE,32,25,Home,1594.7116230696995,1453.78994913071,1603.6137471087213,1444.8878250916882
2006_09_DAL_WAS,2006,9,2006-11-05,WAS,DAL,22,19,Home,1453.6476550687821,1543.576765482842,1468.3371330711266,1528.8872874804974
2006_09_DEN_PIT,2006,9,2006-11-05,PIT,DEN,20,31,Home,1466.642002471935,1561.357898134071,1444.2160030518637,1583.7838975541424
2006_09_GB_BUF,2006,9,2006-11-05,BUF,GB,24,10,Home,1444.7630924035911,1480.744121821832,1469.2638109622267,1456.2434032631966
2006_09_HOU_NYG,2006,9,2006-11-05,NYG,HOU,14,10,Home,1586.1016658694182,1427.8846607989735,1592.4347378364314,1421.5515888319603
2006_09_IND_NE,2006,9,2006-11-05,NE,IND,20,27,Home,1621.776314614536,1602.9584569480926,1597.004206898427,1627.7305646642017
2006_09_KC_STL,2006,9,2006-11-05,LA,KC,17,31,Home,1506.7245653850828,1504.841418043291,1475.4453166678925,1536.1206667604813
2006_09_MIA_CHI,2006,9,2006-11-05,CHI,MIA,13,31,Home,1634.4819534070414,1404.2197436094318,1590.5836148530807,1448.1180821633925
2006_09_MIN_SF,2006,9,2006-11-05,SF,MIN,9,3,Home,1419.4022693752518,1510.717607063432,1440.0850258262153,1490.0348506124685
2006_09_NO_TB,2006,9,2006-11-05,TB,NO,14,31,Home,1435.5752909422206,1537.6180652526875,1410.1693720070484,1563.0239841878597
2006_09_TEN_JAX,2006,9,2006-11-05,JAX,TEN,37,7,Home,1524.094271879397,1440.6824325135758,1543.3012535671674,1421.4754508258054
2006_09_OAK_SEA,2006,9,2006-11-06,SEA,LV,16,0,Home,1487.570740717203,1442.6712384076764,1506.2930993613259,1423.9488797635536
2006_10_BAL_TEN,2006,10,2006-11-12,TEN,BAL,26,27,Home,1421.4754508258054,1581.7818491795454,1416.6098613403078,1586.647438665043
2006_10_BUF_IND,2006,10,2006-11-12,IND,BUF,17,16,Home,1627.7305646642017,1469.2638109622267,1630.4547193134297,1466.5396563129987
2006_10_CHI_NYG,2006,10,2006-11-12,NYG,CHI,20,38,Home,1592.4347378364314,1590.5836148530807,1558.4271462584863,1624.5912064310257
2006_10_CLE_ATL,2006,10,2006-11-12,ATL,CLE,13,17,Home,1502.026969692183,1444.8878250916882,1481.6292354381014,1465.2855593457698
2006_10_DAL_ARI,2006,10,2006-11-12,ARI,DAL,10,27,Home,1399.0472752681471,1528.8872874804974,1376.1507606344737,1551.7838021141708
2006_10_DEN_OAK,2006,10,2006-11-12,LV,DEN,13,17,Home,1423.9488797635536,1583.7838975541424,1412.6295690535899,1595.1032082641061
2006_10_GB_MIN,2006,10,2006-11-12,MIN,GB,17,23,Home,1490.0348506124685,1456.2434032631966,1466.2549495826893,1480.0233042929758
2006_10_HOU_JAX,2006,10,2006-11-12,JAX,HOU,10,13,Home,1543.3012535671674,1421.5515888319603,1524.2476117225315,1440.6052306765962
2006_10_KC_MIA,2006,10,2006-11-12,MIA,KC,13,10,Home,1448.1180821633925,1536.1206667604813,1462.7445771307569,1521.494171793117
2006_10_NO_PIT,2006,10,2006-11-12,PIT,NO,38,31,Home,1444.2160030518637,1563.0239841878597,1467.6326555699136,1539.6073316698098
2006_10_NYJ_NE,2006,10,2006-11-12,NE,NYJ,14,17,Home,1597.004206898427,1481.0213811669125,1578.0670607455438,1499.9585273197956
2006_10_SD_CIN,2006,10,2006-11-12,CIN,LAC,41,49,Home,1507.5523048703858,1603.6137471087213,1487.8178331346148,1623.3482188444923
2006_10_SF_DET,2006,10,2006-11-12,DET,SF,13,19,Home,1445.593616677218,1440.0850258262153,1422.964081217265,1462.7145612861684
2006_10_STL_SEA,2006,10,2006-11-12,SEA,LA,24,22,Home,1506.2930993613259,1475.4453166678925,1513.9878348736547,1467.7505811555636
2006_10_WAS_PHI,2006,10,2006-11-12,PHI,WAS,27,3,Home,1525.6874120765724,1468.3371330711266,1545.865102394766,1448.159442752933
2006_10_TB_CAR,2006,10,2006-11-13,CAR,TB,24,10,Home,1470.7353886582614,1410.1693720070484,1487.4781503004099,1393.4266103649
2006_11_ATL_BAL,2006,11,2006-11-19,BAL,ATL,24,10,Home,1586.647438665043,1481.6292354381014,1600.380188741885,1467.8964853612595
2006_11_BUF_HOU,2006,11,2006-11-19,HOU,BUF,21,24,Home,1440.6052306765962,1466.5396563129987,1425.4590291623642,1481.6858578272306
2006_11_CHI_NYJ,2006,11,2006-11-19,NYJ,CHI,0,10,Home,1499.9585273197956,1624.5912064310257,1480.580552400008,1643.9691813508134
2006_11_CIN_NO,2006,11,2006-11-19,NO,CIN,16,31,Home,1539.6073316698098,1487.8178331346148,1504.7478831224275,1522.677281681997
2006_11_DET_ARI,2006,11,2006-11-19,ARI,DET,17,10,Home,1376.1507606344737,1422.964081217265,1395.6961007407278,1403.4187411110108
2006_11_IND_DAL,2006,11,2006-11-19,DAL,IND,21,14,Home,1551.7838021141708,1630.4547193134297,1573.262545423411,1608.9759760041895
2006_11_MIN_MIA,2006,11,2006-11-19,MIA,MIN,24,20,Home,1462.7445771307569,1466.2549495826893,1475.658967580962,1453.340559132484
2006_11_NE_GB,2006,11,2006-11-19,GB,NE,0,35,Home,1480.0233042929758,1578.0670607455438,1448.0660678855745,1610.024297152945
2006_11_OAK_KC,2006,11,2006-11-19,KC,LV,17,13,Home,1521.494171793117,1412.6295690535899,1529.5120657478867,1404.6116750988201
2006_11_PIT_CLE,2006,11,2006-11-19,CLE,PIT,20,24,Home,1465.2855593457698,1467.6326555699136,1446.8451020428595,1486.073112872824
2006_11_SD_DEN,2006,11,2006-11-19,DEN,LAC,27,35,Home,1595.1032082641061,1623.3482188444923,1571.2142731364258,1647.2371539721726
2006_11_SEA_SF,2006,11,2006-11-19,SF,SEA,20,14,Home,1462.7145612861684,1513.9878348736547,1481.2893628401152,1495.413033319708
2006_11_STL_CAR,2006,11,2006-11-19,CAR,LA,15,0,Home,1487.4781503004099,1467.7505811555636,1507.7912602714289,1447.4374711845446
2006_11_TEN_PHI,2006,11,2006-11-19,PHI,TEN,13,31,Home,1545.865102394766,1416.6098613403078,1505.083934741616,1457.3910289934577
2006_11_WAS_TB,2006,11,2006-11-19,TB,WAS,20,17,Home,1393.4266103649,1448.159442752933,1406.8175114829373,1434.7685416348957
2006_11_NYG_JAX,2006,11,2006-11-20,JAX,NYG,26,10,Home,1524.2476117225315,1558.4271462584863,1549.7162204848596,1532.9585374961582
2006_12_DEN_KC,2006,12,2006-11-23,KC,DEN,19,10,Home,1529.5120657478867,1571.2142731364258,1550.7710644773374,1549.9552744069751
2006_12_MIA_DET,2006,12,2006-11-23,DET,MIA,10,27,Home,1403.4187411110108,1475.658967580962,1375.2100972705268,1503.867611421446
2006_12_TB_DAL,2006,12,2006-11-23,DAL,TB,38,10,Home,1573.262545423411,1406.8175114829373,1585.9845353066762,1394.095521599672
2006_12_ARI_MIN,2006,12,2006-11-26,MIN,ARI,31,26,Home,1453.340559132484,1395.6961007407278,1464.558151921793,1384.4785079514188
2006_12_CAR_WAS,2006,12,2006-11-26,WAS,CAR,17,13,Home,1434.7685416348957,1507.7912602714289,1451.1746658439524,1491.385136062372
2006_12_CHI_NE,2006,12,2006-11-26,NE,CHI,17,13,Home,1610.024297152945,1643.9691813508134,1624.4798640971119,1629.5136144066466
2006_12_CIN_CLE,2006,12,2006-11-26,CLE,CIN,0,30,Home,1446.8451020428595,1522.677281681997,1413.7385227158215,1555.783861009035
2006_12_HOU_NYJ,2006,12,2006-11-26,NYJ,HOU,26,11,Home,1480.580552400008,1425.4590291623642,1498.1270374740734,1407.9125440882988
2006_12_JAX_BUF,2006,12,2006-11-26,BUF,JAX,27,24,Home,1481.6858578272306,1549.7162204848596,1495.650476752059,1535.7516015600313
2006_12_NO_ATL,2006,12,2006-11-26,ATL,NO,13,31,Home,1467.8964853612595,1504.7478831224275,1436.4738175916566,1536.1705508920304
2006_12_NYG_TEN,2006,12,2006-11-26,TEN,NYG,24,21,Home,1457.3910289934577,1532.9585374961582,1471.6072080597407,1518.7423584298751
2006_12_OAK_SD,2006,12,2006-11-26,LAC,LV,21,14,Home,1647.2371539721726,1404.6116750988201,1652.5437534430093,1399.3050756279833
2006_12_PHI_IND,2006,12,2006-11-26,IND,PHI,45,21,Home,1608.9759760041895,1505.083934741616,1625.3839896061936,1488.675921139612
2006_12_PIT_BAL,2006,12,2006-11-26,BAL,PIT,27,0,Home,1600.380188741885,1486.073112872824,1616.5659195742269,1469.887382040482
2006_12_SF_STL,2006,12,2006-11-26,LA,SF,20,17,Home,1447.4374711845446,1481.2893628401152,1459.8846703447878,1468.842163679872
2006_12_GB_SEA,2006,12,2006-11-27,SEA,GB,34,24,Home,1495.413033319708,1448.0660678855745,1511.0966354614338,1432.3824657438486
2006_13_BAL_CIN,2006,13,2006-11-30,CIN,BAL,13,7,Home,1555.783861009035,1616.5659195742269,1574.969952041951,1597.3798285413109
2006_13_ARI_STL,2006,13,2006-12-03,LA,ARI,20,34,Home,1459.8846703447878,1384.4785079514188,1424.6672236453671,1419.6959546508394
2006_13_ATL_WAS,2006,13,2006-12-03,WAS,ATL,14,24,Home,1451.1746658439524,1436.4738175916566,1422.816839110893,1464.831644324716
2006_13_DAL_NYG,2006,13,2006-12-03,NYG,DAL,20,23,Home,1518.7423584298751,1585.9845353066762,1504.9829013800213,1599.74399235653
2006_13_DET_NE,2006,13,2006-12-03,NE,DET,28,21,Home,1624.4798640971119,1375.2100972705268,1629.60178779524,1370.0881735723988
2006_13_HOU_OAK,2006,13,2006-12-03,LV,HOU,14,23,Home,1399.3050756279833,1407.9125440882988,1373.2424222999878,1433.9751974162943
2006_13_IND_TEN,2006,13,2006-12-03,TEN,IND,20,17,Home,1471.6072080597407,1625.3839896061936,1488.2650854312444,1608.72611223469
2006_13_JAX_MIA,2006,13,2006-12-03,MIA,JAX,10,24,Home,1503.867611421446,1535.7516015600313,1474.65345805182,1564.9657549296574
2006_13_KC_CLE,2006,13,2006-12-03,CLE,KC,31,28,Home,1413.7385227158215,1550.7710644773374,1429.9057847747536,1534.6038024184054
2006_13_MIN_CHI,2006,13,2006-12-03,CHI,MIN,23,13,Home,1629.5136144066466,1464.558151921793,1638.6403178360395,1455.4314484924002
2006_13_NYJ_GB,2006,13,2006-12-03,GB,NYJ,10,38,Home,1432.3824657438486,1498.1270374740734,1398.7930382197787,1531.7164649981432
2006_13_SD_BUF,2006,13,2006-12-03,BUF,LAC,21,24,Home,1495.650476752059,1652.5437534430093,1485.7831278345345,1662.4111023605337
2006_13_SEA_DEN,2006,13,2006-12-03,DEN,SEA,20,23,Home,1549.9552744069751,1511.0966354614338,1532.8738571177737,1528.1780527506353
2006_13_SF_NO,2006,13,2006-12-03,NO,SF,34,10,Home,1536.1705508920304,1468.842163679872,1555.4973528787166,1449.515361693186
2006_13_TB_PIT,2006,13,2006-12-03,PIT,TB,20,3,Home,1469.887382040482,1394.095521599672,1486.6098610014221,1377.373042638732
2006_13_CAR_PHI,2006,13,2006-12-04,PHI,CAR,27,24,Home,1488.675921139612,1491.385136062372,1499.7657115877353,1480.2953456142488
2006_14_CLE_PIT,2006,14,2006-12-07,PIT,CLE,27,7,Home,1486.6098610014221,1429.9057847747536,1505.7474668792788,1410.7681788968969
2006_14_ATL_TB,2006,14,2006-12-10,TB,ATL,6,17,Home,1377.373042638732,1464.831644324716,1354.3629103285994,1487.8417766348487
2006_14_BAL_KC,2006,14,2006-12-10,KC,BAL,10,20,Home,1534.6038024184054,1597.3798285413109,1510.4957306225083,1621.487900337208
2006_14_BUF_NYJ,2006,14,2006-12-10,NYJ,BUF,13,31,Home,1531.7164649981432,1485.7831278345345,1495.0276950761126,1522.471897756565
2006_14_DEN_SD,2006,14,2006-12-10,LAC,DEN,48,20,Home,1662.4111023605337,1532.8738571177737,1677.6347132306655,1517.650246247642
2006_14_GB_SF,2006,14,2006-12-10,SF,GB,19,30,Home,1449.515361693186,1398.7930382197787,1418.3234725205912,1429.9849273923735
2006_14_IND_JAX,2006,14,2006-12-10,JAX,IND,44,17,Home,1564.9657549296574,1608.72611223469,1595.9540971051586,1577.7377700591887
2006_14_MIN_DET,2006,14,2006-12-10,DET,MIN,20,30,Home,1370.0881735723988,1455.4314484924002,1347.7185008739546,1477.8011211908445
2006_14_NE_MIA,2006,14,2006-12-10,MIA,NE,21,0,Home,1474.65345805182,1629.60178779524,1511.8705808743794,1592.3846649726806
2006_14_NO_DAL,2006,14,2006-12-10,DAL,NO,17,42,Home,1599.74399235653,1555.4973528787166,1559.2538002061083,1595.9875450291383
2006_14_NYG_CAR,2006,14,2006-12-10,CAR,NYG,13,27,Home,1480.2953456142488,1504.9829013800213,1450.630334158473,1534.6479128357971
2006_14_OAK_CIN,2006,14,2006-12-10,CIN,LV,27,10,Home,1574.969952041951,1373.2424222999878,1584.1060043805733,1364.1063699613655
2006_14_PHI_WAS,2006,14,2006-12-10,WAS,PHI,19,21,Home,1422.816839110893,1499.7657115877353,1412.2657043276188,1510.3168463710094
2006_14_SEA_ARI,2006,14,2006-12-10,ARI,SEA,27,21,Home,1419.6959546508394,1528.1780527506353,1441.1536543372254,1506.7203530642494
2006_14_TEN_HOU,2006,14,2006-12-10,HOU,TEN,20,26,Home,1433.9751974162943,1488.2650854312444,1414.0136137214597,1508.226669126079
2006_14_CHI_STL,2006,14,2006-12-11,LA,CHI,27,42,Home,1424.6672236453671,1638.6403178360395,1409.1983966512034,1654.1091448302031
2006_15_SF_SEA,2006,15,2006-12-14,SEA,SF,14,24,Home,1506.7203530642494,1418.3234725205912,1475.004057453961,1450.0397681308796
2006_15_DAL_ATL,2006,15,2006-12-16,ATL,DAL,28,38,Home,1487.8417766348487,1559.2538002061083,1464.3737111295586,1582.7218657113983
2006_15_CLE_BAL,2006,15,2006-12-17,BAL,CLE,27,17,Home,1621.487900337208,1410.7681788968969,1628.7234920080375,1403.5325872260673
2006_15_DEN_ARI,2006,15,2006-12-17,ARI,DEN,20,37,Home,1441.1536543372254,1517.650246247642,1413.351295003542,1545.4526055813253
2006_15_DET_GB,2006,15,2006-12-17,GB,DET,17,9,Home,1429.9849273923735,1347.7185008739546,1442.3373882699611,1335.366039996367
2006_15_HOU_NE,2006,15,2006-12-17,NE,HOU,40,7,Home,1592.3846649726806,1414.0136137214597,1604.9368231295998,1401.4614555645405
2006_15_JAX_TEN,2006,15,2006-12-17,TEN,JAX,24,17,Home,1508.226669126079,1595.9540971051586,1530.152897896181,1574.0278683350566
2006_15_KC_SD,2006,15,2006-12-17,LAC,KC,20,9,Home,1677.6347132306655,1510.4957306225083,1686.9906371001096,1501.1398067530642
2006_15_MIA_BUF,2006,15,2006-12-17,BUF,MIA,21,0,Home,1522.471897756565,1511.8705808743794,1545.9535292133007,1488.3889494176437
2006_15_NYJ_MIN,2006,15,2006-12-17,MIN,NYJ,13,26,Home,1477.8011211908445,1495.0276950761126,1448.442002766997,1524.3868134999602
2006_15_PHI_NYG,2006,15,2006-12-17,NYG,PHI,22,36,Home,1534.6479128357971,1510.3168463710094,1502.0766342818574,1542.8881249249491
2006_15_PIT_CAR,2006,15,2006-12-17,CAR,PIT,3,37,Home,1450.630334158473,1505.7474668792788,1414.2293221908938,1542.148478846858
2006_15_STL_OAK,2006,15,2006-12-17,LV,LA,0,20,Home,1364.1063699613655,1409.1983966512034,1332.2072065005232,1441.0975601120458
2006_15_TB_CHI,2006,15,2006-12-17,CHI,TB,34,31,Home,1654.1091448302031,1354.3629103285994,1656.7045907206464,1351.7674644381561
2006_15_WAS_NO,2006,15,2006-12-17,NO,WAS,10,16,Home,1595.9875450291383,1412.2657043276188,1567.7645074923914,1440.4887418643657
2006_15_CIN_IND,2006,15,2006-12-18,IND,CIN,34,16,Home,1577.7377700591887,1584.1060043805733,1601.6233175399113,1560.2204568998507
2006_16_MIN_GB,2006,16,2006-12-21,GB,MIN,9,7,Home,1442.3373882699611,1448.442002766997,1451.2404969411682,1439.5388940957898
2006_16_KC_OAK,2006,16,2006-12-23,LV,KC,9,20,Home,1332.2072065005232,1501.1398067530642,1315.372766186011,1517.9742470675765
2006_16_ARI_SF,2006,16,2006-12-24,SF,ARI,20,26,Home,1450.0397681308796,1413.351295003542,1426.1469363084445,1437.244126825977
2006_16_BAL_PIT,2006,16,2006-12-24,PIT,BAL,7,31,Home,1542.148478846858,1628.7234920080375,1512.2492256176126,1658.622745237283
2006_16_CAR_ATL,2006,16,2006-12-24,ATL,CAR,3,10,Home,1464.3737111295586,1414.2293221908938,1438.2944153802841,1440.3086179401682
2006_16_CHI_DET,2006,16,2006-12-24,DET,CHI,21,26,Home,1335.366039996367,1656.7045907206464,1329.3933101603109,1662.6773205567024
2006_16_CIN_DEN,2006,16,2006-12-24,DEN,CIN,24,23,Home,1545.4526055813253,1560.2204568998507,1551.2563364150087,1554.4167260661673
2006_16_IND_HOU,2006,16,2006-12-24,HOU,IND,27,24,Home,1401.4614555645405,1601.6233175399113,1419.3612031974549,1583.723569906997
2006_16_NE_JAX,2006,16,2006-12-24,JAX,NE,21,24,Home,1574.0278683350566,1604.9368231295998,1559.041246513514,1619.9234449511425
2006_16_NO_NYG,2006,16,2006-12-24,NYG,NO,7,30,Home,1502.0766342818574,1567.7645074923914,1470.3689308933722,1599.4722108808767
2006_16_SD_SEA,2006,16,2006-12-24,SEA,LAC,17,20,Home,1475.004057453961,1686.9906371001096,1467.2007996745085,1694.793894879562
2006_16_TB_CLE,2006,16,2006-12-24,CLE,TB,7,22,Home,1403.5325872260673,1351.7674644381561,1368.6744251765276,1386.6256264876959
2006_16_TEN_BUF,2006,16,2006-12-24,BUF,TEN,29,30,Home,1545.9535292133007,1530.152897896181,1537.7401579671096,1538.3662691423722
2006_16_WAS_STL,2006,16,2006-12-24,LA,WAS,37,31,Home,1441.0975601120458,1440.4887418643657,1456.466776678983,1425.1195252974285
2006_16_NYJ_MIA,2006,16,2006-12-25,MIA,NYJ,10,13,Home,1488.3889494176437,1524.3868134999602,1473.5668752008332,1539.2088877167707
2006_16_PHI_DAL,2006,16,2006-12-25,DAL,PHI,7,23,Home,1582.7218657113983,1542.8881249249491,1547.7573609243116,1577.8526297120359
2006_17_NYG_WAS,2006,17,2006-12-30,WAS,NYG,28,34,Home,1425.1195252974285,1470.3689308933722,1404.7383990057808,1490.7500571850198
2006_17_ARI_SD,2006,17,2006-12-31,LAC,ARI,27,20,Home,1694.793894879562,1437.244126825977,1699.6934850476957,1432.3445366578433
2006_17_ATL_PHI,2006,17,2006-12-31,PHI,ATL,24,17,Home,1577.8526297120359,1438.2944153802841,1586.8134580954359,1429.3335869968842
2006_17_BUF_BAL,2006,17,2006-12-31,BAL,BUF,19,7,Home,1658.622745237283,1537.7401579671096,1670.703667035106,1525.6592361692865
2006_17_CAR_NO,2006,17,2006-12-31,NO,CAR,21,31,Home,1599.4722108808767,1440.3086179401682,1565.3407365112073,1474.4400923098376
2006_17_CLE_HOU,2006,17,2006-12-31,HOU,CLE,14,6,Home,1419.3612031974549,1368.6744251765276,1433.5310649002438,1354.5045634737387
2006_17_DET_DAL,2006,17,2006-12-31,DAL,DET,31,39,Home,1547.7573609243116,1329.3933101603109,1515.1988404521596,1361.9518306324628
2006_17_GB_CHI,2006,17,2006-12-31,CHI,GB,7,26,Home,1662.6773205567024,1451.2404969411682,1618.4567623292185,1495.4610551686521
2006_17_JAX_KC,2006,17,2006-12-31,KC,JAX,35,30,Home,1517.9742470675765,1559.041246513514,1534.4799820152316,1542.5355115658588
2006_17_MIA_IND,2006,17,2006-12-31,IND,MIA,27,22,Home,1583.723569906997,1473.5668752008332,1592.5964596500405,1464.6939854577897
2006_17_NE_TEN,2006,17,2006-12-31,TEN,NE,23,40,Home,1538.3662691423722,1619.9234449511425,1511.0445504666682,1647.2451636268465
2006_17_OAK_NYJ,2006,17,2006-12-31,NYJ,LV,23,3,Home,1539.2088877167707,1315.372766186011,1547.7886038726642,1306.7930500301175
2006_17_PIT_CIN,2006,17,2006-12-31,CIN,PIT,17,23,Home,1554.4167260661673,1512.2492256176126,1530.3129452486694,1536.3530064351105
2006_17_SEA_TB,2006,17,2006-12-31,TB,SEA,7,23,Home,1386.6256264876959,1467.2007996745085,1359.7529909286259,1494.0734352335785
2006_17_SF_DEN,2006,17,2006-12-31,DEN,SF,23,26,Home,1551.2563364150087,1426.1469363084445,1532.1362900753738,1445.2669826480794
2006_17_STL_MIN,2006,17,2006-12-31,MIN,LA,21,41,Home,1439.5388940957898,1456.466776678983,1405.6484041320819,1490.357266642691
2006_18_DAL_SEA,2006,18,2007-01-06,SEA,DAL,21,20,Home,1494.0734352335785,1515.1988404521596,1500.0157088494254,1509.2565668363127
2006_18_KC_IND,2006,18,2007-01-06,IND,KC,23,8,Home,1592.5964596500405,1534.4799820152316,1609.9196049483387,1517.1568367169334
2006_18_NYG_PHI,2006,18,2007-01-07,PHI,NYG,23,20,Home,1586.8134580954359,1490.7500571850198,1594.13760192126,1483.4259133591956
2006_18_NYJ_NE,2006,18,2007-01-07,NE,NYJ,37,16,Home,1647.2451636268465,1547.7886038726642,1663.3252333886078,1531.708534110903
2006_19_IND_BAL,2006,19,2007-01-13,BAL,IND,6,15,Home,1670.703667035106,1609.9196049483387,1641.3651303023175,1639.2581416811272
2006_19_PHI_NO,2006,19,2007-01-13,NO,PHI,27,24,Home,1565.3407365112073,1594.13760192126,1577.563220303736,1581.9151181287314
2006_19_NE_SD,2006,19,2007-01-14,LAC,NE,21,24,Home,1699.6934850476957,1663.3252333886078,1682.680747655895,1680.3379707804086
2006_19_SEA_CHI,2006,19,2007-01-14,CHI,SEA,27,24,Home,1618.4567623292185,1500.0157088494254,1625.061539011332,1493.410932167312
2006_20_NE_IND,2006,20,2007-01-21,IND,NE,38,34,Home,1639.2581416811272,1680.3379707804086,1654.084996365861,1665.5111160956749
2006_20_NO_CHI,2006,20,2007-01-21,CHI,NO,39,14,Home,1625.061539011332,1577.563220303736,1646.3577709864278,1556.26698832864
2006_21_IND_CHI,2006,21,2007-02-04,CHI,IND,17,29,Neutral,1646.3577709864278,1654.084996365861,1621.3664261303807,1679.076341221908
2007_01_NO_IND,2007,1,2007-09-06,IND,NO,41,10,Home,1607.4458047331448,1533.760192997184,1627.6839853856407,1513.5220123446882
2007_01_ATL_MIN,2007,1,2007-09-09,MIN,ATL,24,3,Home,1443.389042479249,1457.6001521981304,1469.2165762929956,1431.7726183843838
2007_01_CAR_STL,2007,1,2007-09-09,LA,CAR,13,27,Home,1494.2143599856145,1484.6640553859024,1462.485847360036,1516.392568011481
2007_01_CHI_SD,2007,1,2007-09-09,LAC,CHI,14,3,Home,1609.6084485935369,1572.8198556782284,1626.5929993242369,1555.8353049475284
2007_01_DEN_BUF,2007,1,2007-09-09,BUF,DEN,14,15,Home,1515.3955417015718,1519.2817740452242,1507.4772112415615,1527.2001045052345
2007_01_DET_OAK,2007,1,2007-09-09,LV,DET,21,36,Home,1384.0758300180705,1417.1710983794778,1354.2436599388457,1447.0032684587027
2007_01_KC_HOU,2007,1,2007-09-09,HOU,KC,20,3,Home,1460.1186389401464,1510.29410203016,1487.6046154472087,1482.8081255230977
2007_01_MIA_WAS,2007,1,2007-09-09,WAS,MIA,16,13,Home,1442.8430394034685,1478.8163912746738,1455.385007010008,1466.2744236681344
2007_01_NE_NYJ,2007,1,2007-09-09,NYJ,NE,14,38,Home,1519.025120466542,1599.3066696574049,1488.4635206708983,1629.8682694530485
2007_01_NYG_DAL,2007,1,2007-09-09,DAL,NYG,45,35,Home,1505.5539401017877,1490.0555480155174,1523.4207137175647,1472.1887743997404
2007_01_PHI_GB,2007,1,2007-09-09,GB,PHI,16,13,Home,1497.2766331011912,1549.1490708772387,1510.5369011409791,1535.8888028374508
2007_01_PIT_CLE,2007,1,2007-09-09,CLE,PIT,7,34,Home,1412.7027380842433,1521.8118038610662,1384.160800556679,1550.3537413886304
2007_01_TB_SEA,2007,1,2007-09-09,SEA,TB,20,6,Home,1496.0465593003873,1415.8517945571755,1511.4117731297915,1400.4865807277713
2007_01_TEN_JAX,2007,1,2007-09-09,JAX,TEN,10,13,Home,1525.5213069395152,1506.6267302800009,1509.0043398280038,1523.1436973915122
2007_01_ARI_SF,2007,1,2007-09-10,SF,ARI,20,17,Home,1467.1601895888475,1459.406721994706,1477.8097354235895,1448.757176159964
2007_01_BAL_CIN,2007,1,2007-09-10,CIN,BAL,27,20,Home,1518.1877671492016,1584.8190781813905,1539.0643375896939,1563.9425077408982
2007_02_ATL_JAX,2007,2,2007-09-16,JAX,ATL,13,7,Home,1509.0043398280038,1431.7726183843838,1520.1911892569053,1420.5857689554823
2007_02_BUF_PIT,2007,2,2007-09-16,PIT,BUF,26,3,Home,1550.3537413886304,1507.4772112415615,1571.5334169606447,1486.2975356695472
2007_02_CIN_CLE,2007,2,2007-09-16,CLE,CIN,51,45,Home,1384.160800556679,1539.0643375896939,1407.5883730325952,1515.6367651137778
2007_02_DAL_MIA,2007,2,2007-09-16,MIA,DAL,20,37,Home,1466.2744236681344,1523.4207137175647,1436.822593909095,1552.872543476604
2007_02_GB_NYG,2007,2,2007-09-16,NYG,GB,13,35,Home,1472.1887743997404,1510.5369011409791,1438.837329012486,1543.8883465282336
2007_02_HOU_CAR,2007,2,2007-09-16,CAR,HOU,21,34,Home,1516.392568011481,1487.6046154472087,1484.4096342810574,1519.5875491776324
2007_02_IND_TEN,2007,2,2007-09-16,TEN,IND,20,22,Home,1523.1436973915122,1627.6839853856407,1513.5744784694184,1637.2532043077344
2007_02_KC_CHI,2007,2,2007-09-16,CHI,KC,20,10,Home,1555.8353049475284,1482.8081255230977,1569.8784054226257,1468.7650250480003
2007_02_MIN_DET,2007,2,2007-09-16,DET,MIN,20,17,Home,1447.0032684587027,1469.2165762929956,1458.935505004861,1457.2843397468373
2007_02_NO_TB,2007,2,2007-09-16,TB,NO,31,14,Home,1400.4865807277713,1513.5220123446882,1432.6587174666297,1481.3498756058298
2007_02_NYJ_BAL,2007,2,2007-09-16,BAL,NYJ,20,13,Home,1563.9425077408982,1488.4635206708983,1575.9898987186314,1476.4161296931652
2007_02_OAK_DEN,2007,2,2007-09-16,DEN,LV,23,20,Home,1527.2001045052345,1354.2436599388457,1532.270452788955,1349.1733116551252
2007_02_SD_NE,2007,2,2007-09-16,NE,LAC,38,14,Home,1629.8682694530485,1626.5929993242369,1655.0308344804805,1601.4304342968048
2007_02_SEA_ARI,2007,2,2007-09-16,ARI,SEA,23,20,Home,1448.757176159964,1511.4117731297915,1462.511874053995,1497.6570752357607
2007_02_SF_STL,2007,2,2007-09-16,LA,SF,16,17,Home,1462.485847360036,1477.8097354235895,1454.7448099389944,1485.550772844631
2007_02_WAS_PHI,2007,2,2007-09-17,PHI,WAS,12,20,Home,1535.8888028374508,1455.385007010008,1507.120149680367,1484.1536601670919
2007_03_ARI_BAL,2007,3,2007-09-23,BAL,ARI,26,23,Home,1575.9898987186314,1462.511874053995,1582.749712666036,1455.7520601065903
2007_03_BUF_NE,2007,3,2007-09-23,NE,BUF,38,7,Home,1655.0308344804805,1486.2975356695472,1667.9766135521302,1473.3517565978975
2007_03_CAR_ATL,2007,3,2007-09-23,ATL,CAR,20,27,Home,1420.5857689554823,1484.4096342810574,1399.7321093135913,1505.2632939229484
2007_03_CIN_SEA,2007,3,2007-09-23,SEA,CIN,24,21,Home,1497.6570752357607,1515.6367651137778,1509.4041745526379,1503.8896657969005
2007_03_CLE_OAK,2007,3,2007-09-23,LV,CLE,26,24,Home,1349.1733116551252,1407.5883730325952,1359.919076010274,1396.8426086774464
2007_03_DAL_CHI,2007,3,2007-09-23,CHI,DAL,10,34,Home,1569.8784054226257,1552.872543476604,1531.6548866054516,1591.0960622937782
2007_03_DET_PHI,2007,3,2007-09-23,PHI,DET,56,21,Home,1507.120149680367,1458.935505004861,1530.47582924784,1435.5798254373879
2007_03_IND_HOU,2007,3,2007-09-23,HOU,IND,24,30,Home,1519.5875491776324,1637.2532043077344,1503.4422496327431,1653.3985038526237
2007_03_JAX_DEN,2007,3,2007-09-23,DEN,JAX,14,23,Home,1532.270452788955,1520.1911892569053,1505.1680233703644,1547.293618675496
2007_03_MIA_NYJ,2007,3,2007-09-23,NYJ,MIA,31,28,Home,1476.4161296931652,1436.822593909095,1485.782095713614,1427.4566278886464
2007_03_MIN_KC,2007,3,2007-09-23,KC,MIN,13,10,Home,1468.7650250480003,1457.2843397468373,1479.2598437962697,1446.789520998568
2007_03_NYG_WAS,2007,3,2007-09-23,WAS,NYG,17,24,Home,1484.1536601670919,1438.837329012486,1458.2679778741365,1464.7230113054413
2007_03_SD_GB,2007,3,2007-09-23,GB,LAC,31,24,Home,1543.8883465282336,1601.4304342968048,1564.1677196845048,1581.1510611405336
2007_03_SF_PIT,2007,3,2007-09-23,PIT,SF,37,16,Home,1571.5334169606447,1485.550772844631,1588.6245925778858,1468.4595972273898
2007_03_STL_TB,2007,3,2007-09-23,TB,LA,24,3,Home,1432.6587174666297,1454.7448099389944,1459.251770604532,1428.151756801092
2007_03_TEN_NO,2007,3,2007-09-24,NO,TEN,14,31,Home,1481.3498756058298,1513.5744784694184,1450.1917708523786,1544.7325832228696
2007_04_BAL_CLE,2007,4,2007-09-30,CLE,BAL,27,13,Home,1396.8426086774464,1582.749712666036,1431.1014418178377,1548.4908795256447
2007_04_CHI_DET,2007,4,2007-09-30,DET,CHI,37,27,Home,1435.5798254373879,1531.6548866054516,1461.3340055554595,1505.90070648738
2007_04_DEN_IND,2007,4,2007-09-30,IND,DEN,38,20,Home,1653.3985038526237,1505.1680233703644,1665.5650967298157,1493.0014304931724
2007_04_GB_MIN,2007,4,2007-09-30,MIN,GB,16,23,Home,1446.789520998568,1564.1677196845048,1429.5176776148514,1581.4395630682213
2007_04_HOU_ATL,2007,4,2007-09-30,ATL,HOU,26,16,Home,1399.7321093135913,1503.4422496327431,1425.911085705255,1477.2632732410796
2007_04_KC_SD,2007,4,2007-09-30,LAC,KC,16,30,Home,1581.1510611405336,1479.2598437962697,1544.7405255400213,1515.670379396782
2007_04_NYJ_BUF,2007,4,2007-09-30,BUF,NYJ,17,14,Home,1473.3517565978975,1485.782095713614,1484.858046588494,1474.2758057230174
2007_04_OAK_MIA,2007,4,2007-09-30,MIA,LV,17,35,Home,1427.4566278886464,1359.919076010274,1389.5769120858158,1397.7987918131046
2007_04_PHI_NYG,2007,4,2007-09-30,NYG,PHI,16,3,Home,1464.7230113054413,1530.47582924784,1491.1617201286638,1504.0371204246176
2007_04_PIT_ARI,2007,4,2007-09-30,ARI,PIT,21,14,Home,1455.7520601065903,1588.6245925778858,1479.8154421686643,1564.5612105158118
2007_04_SEA_SF,2007,4,2007-09-30,SF,SEA,3,23,Home,1468.4595972273898,1509.4041745526379,1436.2618557529279,1541.6019160270998
2007_04_STL_DAL,2007,4,2007-09-30,DAL,LA,35,7,Home,1591.0960622937782,1428.151756801092,1604.0407264678086,1415.2070926270617
2007_04_TB_CAR,2007,4,2007-09-30,CAR,TB,7,20,Home,1505.2632939229484,1459.251770604532,1472.3756879371158,1492.1393765903647
2007_04_NE_CIN,2007,4,2007-10-01,CIN,NE,13,34,Home,1503.8896657969005,1667.9766135521302,1482.5254980464204,1689.3407813026104
2007_05_ARI_STL,2007,5,2007-10-07,LA,ARI,31,34,Home,1415.2070926270617,1479.8154421686643,1401.3309921360228,1493.6915426597031
2007_05_ATL_TEN,2007,5,2007-10-07,TEN,ATL,20,13,Home,1544.7325832228696,1425.911085705255,1554.6220809221793,1416.0215880059452
2007_05_BAL_SF,2007,5,2007-10-07,SF,BAL,7,9,Home,1436.2618557529279,1548.4908795256447,1426.9597079437913,1557.7930273347813
2007_05_CAR_NO,2007,5,2007-10-07,NO,CAR,13,16,Home,1450.1917708523786,1472.3756879371158,1434.9261269041556,1487.6413318853388
2007_05_CHI_GB,2007,5,2007-10-07,GB,CHI,20,27,Home,1581.4395630682213,1505.90070648738,1554.3921655626264,1532.948103992975
2007_05_CLE_NE,2007,5,2007-10-07,NE,CLE,34,17,Home,1689.3407813026104,1431.1014418178377,1696.1258864962765,1424.3163366241715
2007_05_DET_WAS,2007,5,2007-10-07,WAS,DET,34,3,Home,1458.2679778741365,1461.3340055554595,1486.0303623776617,1433.5716210519342
2007_05_JAX_KC,2007,5,2007-10-07,KC,JAX,7,17,Home,1515.670379396782,1547.293618675496,1489.7875981410095,1573.1763999312684
2007_05_MIA_HOU,2007,5,2007-10-07,HOU,MIA,22,19,Home,1477.2632732410796,1389.5769120858158,1484.8700825039514,1381.970102822944
2007_05_NYJ_NYG,2007,5,2007-10-07,NYG,NYJ,35,24,Home,1491.1617201286638,1474.2758057230174,1509.5749235042515,1455.8626023474296
2007_05_SD_DEN,2007,5,2007-10-07,DEN,LAC,3,41,Home,1493.0014304931724,1544.7405255400213,1455.1960649782045,1582.5458910549892
2007_05_SEA_PIT,2007,5,2007-10-07,PIT,SEA,21,0,Home,1564.5612105158118,1541.6019160270998,1586.9153864368977,1519.2477401060137
2007_05_TB_IND,2007,5,2007-10-07,IND,TB,33,14,Home,1665.5650967298157,1492.1393765903647,1676.4962517260508,1481.2082215941296
2007_05_DAL_BUF,2007,5,2007-10-08,BUF,DAL,24,25,Home,1484.858046588494,1604.0407264678086,1479.1396953909887,1609.759077665314
2007_06_CAR_ARI,2007,6,2007-10-14,ARI,CAR,10,25,Home,1493.6915426597031,1487.6413318853388,1461.415840439662,1519.91703410538
2007_06_CIN_KC,2007,6,2007-10-14,KC,CIN,27,20,Home,1489.7875981410095,1482.5254980464204,1505.7926399367734,1466.5204562506565
2007_06_HOU_JAX,2007,6,2007-10-14,JAX,HOU,37,17,Home,1573.1763999312684,1484.8700825039514,1589.835674867305,1468.2108075679148
2007_06_MIA_CLE,2007,6,2007-10-14,CLE,MIA,41,31,Home,1424.3163366241715,1381.970102822944,1440.3321841925454,1365.9542552545702
2007_06_MIN_CHI,2007,6,2007-10-14,CHI,MIN,31,34,Home,1532.948103992975,1429.5176776148514,1514.2754966785515,1448.1902849292749
2007_06_NE_DAL,2007,6,2007-10-14,DAL,NE,27,48,Home,1609.759077665314,1696.1258864962765,1581.0262670676577,1724.8586970939327
2007_06_NO_SEA,2007,6,2007-10-14,SEA,NO,17,28,Home,1519.2477401060137,1434.9261269041556,1486.5506092891244,1467.6232577210449
2007_06_OAK_SD,2007,6,2007-10-14,LAC,LV,28,14,Home,1582.5458910549892,1397.7987918131046,1591.8801790967264,1388.4645037713674
2007_06_PHI_NYJ,2007,6,2007-10-14,NYJ,PHI,9,16,Home,1455.8626023474296,1504.0371204246176,1434.2274139367105,1525.6723088353367
2007_06_STL_BAL,2007,6,2007-10-14,BAL,LA,22,3,Home,1557.7930273347813,1401.3309921360228,1569.6832692974676,1389.4407501733365
2007_06_TEN_TB,2007,6,2007-10-14,TB,TEN,13,10,Home,1481.2082215941296,1554.6220809221793,1495.3527235795834,1540.4775789367254
2007_06_WAS_GB,2007,6,2007-10-14,GB,WAS,17,14,Home,1554.3921655626264,1486.0303623776617,1562.6783748132216,1477.7441531270665
2007_06_NYG_ATL,2007,6,2007-10-15,ATL,NYG,10,31,Home,1416.0215880059452,1509.5749235042515,1388.0093394830612,1537.5871720271355
2007_07_ARI_WAS,2007,7,2007-10-21,WAS,ARI,21,19,Home,1477.7441531270665,1461.415840439662,1485.9029784017885,1453.25701516494
2007_07_ATL_NO,2007,7,2007-10-21,NO,ATL,22,16,Home,1467.6232577210449,1388.0093394830612,1478.6926738820503,1376.9399233220558
2007_07_BAL_BUF,2007,7,2007-10-21,BUF,BAL,19,14,Home,1479.1396953909887,1569.6832692974676,1498.151488449526,1550.6714762389304
2007_07_CHI_PHI,2007,7,2007-10-21,PHI,CHI,16,19,Home,1525.6723088353367,1514.2754966785515,1509.3752018584064,1530.5726036554818
2007_07_KC_OAK,2007,7,2007-10-21,LV,KC,10,12,Home,1388.4645037713674,1505.7926399367734,1379.3377146088797,1514.9194290992612
2007_07_MIN_DAL,2007,7,2007-10-21,DAL,MIN,24,14,Home,1581.0262670676577,1448.1902849292749,1591.6980373410088,1437.5185146559238
2007_07_NE_MIA,2007,7,2007-10-21,MIA,NE,28,49,Home,1365.9542552545702,1724.8586970939327,1357.472229889052,1733.340722459451
2007_07_NYJ_CIN,2007,7,2007-10-21,CIN,NYJ,38,31,Home,1466.5204562506565,1434.2274139367105,1480.9990533162659,1419.748816871101
2007_07_PIT_DEN,2007,7,2007-10-21,DEN,PIT,31,28,Home,1455.1960649782045,1586.9153864368977,1471.2034562031665,1570.9079952119357
2007_07_SF_NYG,2007,7,2007-10-21,NYG,SF,33,15,Home,1537.5871720271355,1426.9597079437913,1552.1363762067788,1412.410503764148
2007_07_STL_SEA,2007,7,2007-10-21,SEA,LA,33,6,Home,1486.5506092891244,1389.4407501733365,1504.071837663689,1371.919521798772
2007_07_TB_DET,2007,7,2007-10-21,DET,TB,23,16,Home,1433.5716210519342,1495.3527235795834,1454.1432881710803,1474.7810564604374
2007_07_TEN_HOU,2007,7,2007-10-21,HOU,TEN,36,38,Home,1468.2108075679148,1540.4775789367254,1457.489843057886,1551.1985434467542
2007_07_IND_JAX,2007,7,2007-10-22,JAX,IND,7,29,Home,1589.835674867305,1676.4962517260508,1560.7196692243035,1705.6122573690523
2007_08_BUF_NYJ,2007,8,2007-10-28,NYJ,BUF,3,13,Home,1419.748816871101,1498.151488449526,1396.8340171996608,1521.0662881209662
2007_08_CLE_STL,2007,8,2007-10-28,LA,CLE,20,27,Home,1371.919521798772,1440.3321841925454,1351.3612417569932,1460.890464234324
2007_08_DET_CHI,2007,8,2007-10-28,CHI,DET,7,16,Home,1530.5726036554818,1454.1432881710803,1500.586921998212,1484.1289698283501
2007_08_HOU_SD,2007,8,2007-10-28,LAC,HOU,35,10,Home,1591.8801790967264,1457.489843057886,1606.2728753091428,1443.0971468454695
2007_08_IND_CAR,2007,8,2007-10-28,CAR,IND,7,31,Home,1519.91703410538,1705.6122573690523,1499.5960204971886,1725.9332709772436
2007_08_JAX_TB,2007,8,2007-10-28,TB,JAX,23,24,Home,1474.7810564604374,1560.7196692243035,1468.3282280485132,1567.1724976362277
2007_08_NO_SF,2007,8,2007-10-28,SF,NO,10,31,Home,1412.410503764148,1478.6926738820503,1381.632087797147,1509.4710898490512
2007_08_NYG_MIA,2007,8,2007-10-28,MIA,NYG,10,13,Neutral,1357.472229889052,1552.1363762067788,1351.2085489712008,1558.40005712463
2007_08_OAK_TEN,2007,8,2007-10-28,TEN,LV,13,9,Home,1551.1985434467542,1379.3377146088797,1557.117352678459,1373.418905377175
2007_08_PHI_MIN,2007,8,2007-10-28,MIN,PHI,16,23,Home,1437.5185146559238,1509.3752018584064,1417.1977597157038,1529.6959567986264
2007_08_PIT_CIN,2007,8,2007-10-28,CIN,PIT,13,24,Home,1480.9990533162659,1570.9079952119357,1458.186748746038,1593.7202997821637
2007_08_WAS_NE,2007,8,2007-10-28,NE,WAS,52,7,Home,1733.340722459451,1485.9029784017885,1742.8638616809126,1476.3798391803268
2007_08_GB_DEN,2007,8,2007-10-29,DEN,GB,13,19,Home,1471.2034562031665,1562.6783748132216,1453.4380826693882,1580.4437483469999
2007_09_ARI_TB,2007,9,2007-11-04,TB,ARI,17,10,Home,1468.3282280485132,1453.25701516494,1483.8484958700137,1437.7367473434394
2007_09_CAR_TEN,2007,9,2007-11-04,TEN,CAR,20,7,Home,1557.117352678459,1499.5960204971886,1573.6483050061022,1483.0650681695454
2007_09_CIN_BUF,2007,9,2007-11-04,BUF,CIN,33,21,Home,1521.0662881209662,1458.186748746038,1536.7668456333188,1442.4861912336853
2007_09_DAL_PHI,2007,9,2007-11-04,PHI,DAL,17,38,Home,1529.6959567986264,1591.6980373410088,1498.5612489000528,1622.8327452395824
2007_09_DEN_DET,2007,9,2007-11-04,DET,DEN,44,7,Home,1484.1289698283501,1453.4380826693882,1509.623150735674,1427.9439017620643
2007_09_GB_KC,2007,9,2007-11-04,KC,GB,22,33,Home,1514.9194290992612,1580.4437483469999,1490.113774455495,1605.249402990766
2007_09_HOU_OAK,2007,9,2007-11-04,LV,HOU,17,24,Home,1373.418905377175,1443.0971468454695,1352.948001950123,1463.5680502725215
2007_09_JAX_NO,2007,9,2007-11-04,NO,JAX,41,24,Home,1509.4710898490512,1567.1724976362277,1537.6741504264894,1538.9694370587895
2007_09_NE_IND,2007,9,2007-11-04,IND,NE,20,24,Home,1725.9332709772436,1742.8638616809126,1708.0177063724202,1760.779426285736
2007_09_SD_MIN,2007,9,2007-11-04,MIN,LAC,35,17,Home,1417.1977597157038,1606.2728753091428,1454.6213118604014,1568.8493231644452
2007_09_SEA_CLE,2007,9,2007-11-04,CLE,SEA,33,30,Home,1460.890464234324,1504.071837663689,1473.7563723372314,1491.2059295607817
2007_09_SF_ATL,2007,9,2007-11-04,ATL,SF,20,16,Home,1376.9399233220558,1381.632087797147,1389.9127457660852,1368.6592653531177
2007_09_WAS_NYJ,2007,9,2007-11-04,NYJ,WAS,20,23,Home,1396.8340171996608,1476.3798391803268,1383.6383702174257,1489.575486162562
2007_09_BAL_PIT,2007,9,2007-11-05,PIT,BAL,38,7,Home,1593.7202997821637,1550.6714762389304,1616.8005696562786,1527.5912063648154
2007_10_ATL_CAR,2007,10,2007-11-11,CAR,ATL,13,20,Home,1483.0650681695454,1389.9127457660852,1455.3977693183267,1417.5800446173039
2007_10_BUF_MIA,2007,10,2007-11-11,MIA,BUF,10,13,Home,1351.2085489712008,1536.7668456333188,1342.4516461452865,1545.523748459233
2007_10_CHI_OAK,2007,10,2007-11-11,LV,CHI,6,17,Home,1352.948001950123,1500.586921998212,1334.5899745284828,1518.944949419852
2007_10_CIN_BAL,2007,10,2007-11-11,BAL,CIN,7,21,Home,1527.5912063648154,1442.4861912336853,1491.9220301851576,1478.1553674133431
2007_10_CLE_PIT,2007,10,2007-11-11,PIT,CLE,31,28,Home,1616.8005696562786,1473.7563723372314,1622.6747792544563,1467.8821627390537
2007_10_DAL_NYG,2007,10,2007-11-11,NYG,DAL,20,31,Home,1558.40005712463,1622.8327452395824,1533.516832357013,1647.7159700071993
2007_10_DEN_KC,2007,10,2007-11-11,KC,DEN,11,27,Home,1490.113774455495,1427.9439017620643,1453.9418624668785,1464.115813750681
2007_10_DET_ARI,2007,10,2007-11-11,ARI,DET,31,21,Home,1437.7367473434394,1509.623150735674,1462.1146093869484,1485.245288692165
2007_10_IND_SD,2007,10,2007-11-11,LAC,IND,23,21,Home,1568.8493231644452,1708.0177063724202,1581.712067143578,1695.1549623932874
2007_10_JAX_TEN,2007,10,2007-11-11,TEN,JAX,13,28,Home,1573.6483050061022,1538.9694370587895,1539.7165848650782,1572.9011571998135
2007_10_MIN_GB,2007,10,2007-11-11,GB,MIN,34,0,Home,1605.249402990766,1454.6213118604014,1619.7696640549398,1440.1010507962276
2007_10_PHI_WAS,2007,10,2007-11-11,WAS,PHI,25,33,Home,1489.575486162562,1498.5612489000528,1464.7239539444215,1523.4127811181932
2007_10_STL_NO,2007,10,2007-11-11,NO,LA,29,37,Home,1537.6741504264894,1351.3612417569932,1505.74865237025,1383.2867398132325
2007_10_SF_SEA,2007,10,2007-11-12,SEA,SF,24,0,Home,1491.2059295607817,1368.6592653531177,1506.2484714666145,1353.6167234472848
2007_11_ARI_CIN,2007,11,2007-11-18,CIN,ARI,27,35,Home,1478.1553674133431,1462.1146093869484,1452.1084576178228,1488.1615191824687
2007_11_CAR_GB,2007,11,2007-11-18,GB,CAR,31,17,Home,1619.7696640549398,1455.3977693183267,1630.1067136153094,1445.060719757957
2007_11_CHI_SEA,2007,11,2007-11-18,SEA,CHI,30,23,Home,1506.2484714666145,1518.944949419852,1523.5251556004587,1501.668265286008
2007_11_CLE_BAL,2007,11,2007-11-18,BAL,CLE,30,33,Home,1491.9220301851576,1467.8821627390537,1475.2566112152988,1484.5475817089125
2007_11_KC_IND,2007,11,2007-11-18,IND,KC,13,10,Home,1695.1549623932874,1453.9418624668785,1698.7193535089432,1450.3774713512228
2007_11_MIA_PHI,2007,11,2007-11-18,PHI,MIA,17,7,Home,1523.4127811181932,1342.4516461452865,1531.837566603106,1334.0268606603736
2007_11_NE_BUF,2007,11,2007-11-18,BUF,NE,10,56,Home,1545.523748459233,1760.779426285736,1524.165858142152,1782.137316602817
2007_11_NO_HOU,2007,11,2007-11-18,HOU,NO,23,10,Home,1463.5680502725215,1505.74865237025,1487.974635659928,1481.3420669828436
2007_11_NYG_DET,2007,11,2007-11-18,DET,NYG,10,16,Home,1485.245288692165,1533.516832357013,1465.003898935109,1553.7582221140692
2007_11_OAK_MIN,2007,11,2007-11-18,MIN,LV,29,22,Home,1440.1010507962276,1334.5899745284828,1450.6221533551081,1324.0688719696022
2007_11_PIT_NYJ,2007,11,2007-11-18,NYJ,PIT,19,16,Home,1383.6383702174257,1622.6747792544563,1402.4309764940322,1603.88217297785
2007_11_SD_JAX,2007,11,2007-11-18,JAX,LAC,24,17,Home,1572.9011571998135,1581.712067143578,1589.926765235462,1564.6864591079295
2007_11_STL_SF,2007,11,2007-11-18,SF,LA,9,13,Home,1353.6167234472848,1383.2867398132325,1336.1715131470003,1400.731950113517
2007_11_TB_ATL,2007,11,2007-11-18,ATL,TB,7,31,Home,1417.5800446173039,1483.8484958700137,1385.5272842810884,1515.9012562062292
2007_11_WAS_DAL,2007,11,2007-11-18,DAL,WAS,28,23,Home,1647.7159700071993,1464.7239539444215,1653.9469689586551,1458.4929549929657
2007_11_TEN_DEN,2007,11,2007-11-19,DEN,TEN,34,20,Home,1464.115813750681,1539.7165848650782,1491.8885018346884,1511.9438967810706
2007_12_GB_DET,2007,12,2007-11-22,DET,GB,26,37,Home,1465.003898935109,1630.1067136153094,1447.900790576046,1647.2098219743725
2007_12_IND_ATL,2007,12,2007-11-22,ATL,IND,13,31,Home,1385.5272842810884,1698.7193535089432,1375.2980853106808,1708.9485524793508
2007_12_NYJ_DAL,2007,12,2007-11-22,DAL,NYJ,34,3,Home,1653.9469689586551,1402.4309764940322,1662.3815686722635,1393.9963767804238
2007_12_BAL_SD,2007,12,2007-11-25,LAC,BAL,32,14,Home,1564.6864591079295,1475.2566112152988,1580.7168276050343,1459.226242718194
2007_12_BUF_JAX,2007,12,2007-11-25,JAX,BUF,36,14,Home,1589.926765235462,1524.165858142152,1608.8816616146864,1505.2109617629276
2007_12_DEN_CHI,2007,12,2007-11-25,CHI,DEN,37,34,Home,1501.668265286008,1491.8885018346884,1512.233553697163,1481.3232134235334
2007_12_HOU_CLE,2007,12,2007-11-25,CLE,HOU,27,17,Home,1484.5475817089125,1487.974635659928,1503.782550858202,1468.7396665106385
2007_12_MIN_NYG,2007,12,2007-11-25,NYG,MIN,17,41,Home,1553.7582221140692,1450.6221533551081,1510.416592308125,1493.9637831610523
2007_12_NO_CAR,2007,12,2007-11-25,CAR,NO,6,31,Home,1445.060719757957,1481.3420669828436,1410.247216705278,1516.1555700355225
2007_12_OAK_KC,2007,12,2007-11-25,KC,LV,17,20,Home,1450.3774713512228,1324.0688719696022,1431.2339844075316,1343.2123589132934
2007_12_PHI_NE,2007,12,2007-11-25,NE,PHI,31,28,Home,1782.137316602817,1531.837566603106,1785.533182362923,1528.441700843
2007_12_SEA_STL,2007,12,2007-11-25,LA,SEA,19,24,Home,1400.731950113517,1523.5251556004587,1386.1506643913644,1538.1064413226113
2007_12_SF_ARI,2007,12,2007-11-25,ARI,SF,31,37,Home,1488.1615191824687,1336.1715131470003,1460.631809992401,1363.701222337068
2007_12_TEN_CIN,2007,12,2007-11-25,CIN,TEN,35,6,Home,1452.1084576178228,1511.9438967810706,1485.5364143941963,1478.515940004697
2007_12_WAS_TB,2007,12,2007-11-25,TB,WAS,19,13,Home,1515.9012562062292,1458.4929549929657,1528.0962643285734,1446.2979468706214
2007_12_MIA_PIT,2007,12,2007-11-26,PIT,MIA,3,0,Home,1603.88217297785,1334.0268606603736,1606.9386542953716,1330.9703793428519
2007_13_GB_DAL,2007,13,2007-11-29,DAL,GB,37,27,Home,1662.3815686722635,1647.2098219743725,1680.271530513389,1629.319860133247
2007_13_ATL_STL,2007,13,2007-12-02,LA,ATL,28,16,Home,1386.1506643913644,1375.2980853106808,1405.6164829945494,1355.8322667074958
2007_13_BUF_WAS,2007,13,2007-12-02,WAS,BUF,16,17,Home,1446.2979468706214,1505.2109617629276,1439.2645100183045,1512.2443986152446
2007_13_CIN_PIT,2007,13,2007-12-02,PIT,CIN,24,10,Home,1606.9386542953716,1485.5364143941963,1619.6624211784158,1472.8126475111521
2007_13_CLE_ARI,2007,13,2007-12-02,ARI,CLE,27,21,Home,1460.631809992401,1503.782550858202,1478.6894541256797,1485.7249067249234
2007_13_DEN_OAK,2007,13,2007-12-02,LV,DEN,34,20,Home,1343.2123589132934,1481.3232134235334,1374.857135531953,1449.6784368048739
2007_13_DET_MIN,2007,13,2007-12-02,MIN,DET,42,10,Home,1493.9637831610523,1447.900790576046,1516.9567599989696,1424.9078137381287
2007_13_HOU_TEN,2007,13,2007-12-02,TEN,HOU,28,20,Home,1478.515940004697,1468.7396665106385,1495.2617555003476,1451.993851014988
2007_13_JAX_IND,2007,13,2007-12-02,IND,JAX,28,25,Home,1708.9485524793508,1608.8816616146864,1716.140168752757,1601.6900453412802
2007_13_NYG_CHI,2007,13,2007-12-02,CHI,NYG,16,21,Home,1512.233553697163,1510.416592308125,1491.540480996188,1531.1096650091
2007_13_NYJ_MIA,2007,13,2007-12-02,MIA,NYJ,13,40,Home,1330.9703793428519,1393.9963767804238,1297.4890544628274,1427.4777016604485
2007_13_SD_KC,2007,13,2007-12-02,KC,LAC,10,24,Home,1431.2339844075316,1580.7168276050343,1411.374262568828,1600.5765494437378
2007_13_SEA_PHI,2007,13,2007-12-02,PHI,SEA,24,28,Home,1528.441700843,1538.1064413226113,1510.2627085816519,1556.2854335839595
2007_13_SF_CAR,2007,13,2007-12-02,CAR,SF,31,14,Home,1410.247216705278,1363.701222337068,1429.2157112824195,1344.7327277599265
2007_13_TB_NO,2007,13,2007-12-02,NO,TB,23,27,Home,1516.1555700355225,1528.0962643285734,1498.0586956745292,1546.1931386895667
2007_13_NE_BAL,2007,13,2007-12-03,BAL,NE,24,27,Home,1459.226242718194,1785.533182362923,1454.7208277068019,1790.0385973743153
2007_14_CHI_WAS,2007,14,2007-12-06,WAS,CHI,24,16,Home,1439.2645100183045,1491.540480996188,1460.3107085618722,1470.4942824526204
2007_14_ARI_SEA,2007,14,2007-12-09,SEA,ARI,42,21,Home,1556.2854335839595,1478.6894541256797,1574.0269313134015,1460.9479563962377
2007_14_CAR_JAX,2007,14,2007-12-09,JAX,CAR,37,6,Home,1601.6900453412802,1429.2157112824195,1614.3965015330164,1416.5092550906834
2007_14_CLE_NYJ,2007,14,2007-12-09,NYJ,CLE,18,24,Home,1427.4777016604485,1485.7249067249234,1407.7011418300217,1505.5014665553501
2007_14_DAL_DET,2007,14,2007-12-09,DET,DAL,27,28,Home,1424.9078137381287,1680.271530513389,1421.7114012922164,1683.4679429593014
2007_14_IND_BAL,2007,14,2007-12-09,BAL,IND,20,44,Home,1454.7208277068019,1716.140168752757,1440.2981093579435,1730.5628871016154
2007_14_KC_DEN,2007,14,2007-12-09,DEN,KC,41,7,Home,1449.6784368048739,1411.374262568828,1473.8276120695266,1387.2250873041753
2007_14_MIA_BUF,2007,14,2007-12-09,BUF,MIA,38,17,Home,1512.2443986152446,1297.4890544628274,1521.3781440448563,1288.3553090332157
2007_14_MIN_SF,2007,14,2007-12-09,SF,MIN,7,27,Home,1344.7327277599265,1516.9567599989696,1324.3876023006733,1537.3018854582228
2007_14_NYG_PHI,2007,14,2007-12-09,PHI,NYG,13,16,Home,1510.2627085816519,1531.1096650091,1494.9546737854484,1546.4176998053033
2007_14_OAK_GB,2007,14,2007-12-09,GB,LV,38,7,Home,1629.319860133247,1374.857135531953,1637.6223309160505,1366.5546647491494
2007_14_PIT_NE,2007,14,2007-12-09,NE,PIT,34,13,Home,1790.0385973743153,1619.6624211784158,1801.4906371048748,1608.2103814478562
2007_14_SD_TEN,2007,14,2007-12-09,TEN,LAC,17,23,Home,1495.2617555003476,1600.5765494437378,1478.3602360268767,1617.4780689172087
2007_14_STL_CIN,2007,14,2007-12-09,CIN,LA,19,10,Home,1472.8126475111521,1405.6164829945494,1486.6458077567597,1391.7833227489418
2007_14_TB_HOU,2007,14,2007-12-09,HOU,TB,28,14,Home,1451.993851014988,1546.1931386895667,1480.9604610838057,1517.226528620749
2007_14_NO_ATL,2007,14,2007-12-10,ATL,NO,14,34,Home,1355.8322667074958,1498.0586956745292,1332.851668051717,1521.039294330308
2007_15_DEN_HOU,2007,15,2007-12-13,HOU,DEN,31,13,Home,1480.9604610838057,1473.8276120695266,1503.6346636113049,1451.1534095420275
2007_15_CIN_SF,2007,15,2007-12-15,SF,CIN,20,13,Home,1324.3876023006733,1486.6458077567597,1349.7350368758257,1461.2983731816073
2007_15_ARI_NO,2007,15,2007-12-16,NO,ARI,31,24,Home,1521.039294330308,1460.9479563962377,1533.92191778247,1448.0653329440756
2007_15_ATL_TB,2007,15,2007-12-16,TB,ATL,37,3,Home,1517.226528620749,1332.851668051717,1529.5044390355856,1320.5737576368804
2007_15_BAL_MIA,2007,15,2007-12-16,MIA,BAL,22,16,Home,1288.3553090332157,1440.2981093579435,1311.6635940458248,1416.9898243453345
2007_15_BUF_CLE,2007,15,2007-12-16,CLE,BUF,8,0,Home,1505.5014665553501,1521.3781440448563,1523.9751364577742,1502.9044741424323
2007_15_DET_SD,2007,15,2007-12-16,LAC,DET,51,14,Home,1617.4780689172087,1421.7114012922164,1629.33282954738,1409.856640662045
2007_15_GB_STL,2007,15,2007-12-16,LA,GB,14,33,Home,1391.7833227489418,1637.6223309160505,1377.3356802047902,1652.0699734602022
2007_15_IND_OAK,2007,15,2007-12-16,LV,IND,14,21,Home,1366.5546647491494,1730.5628871016154,1361.0000486978024,1736.1175031529624
2007_15_JAX_PIT,2007,15,2007-12-16,PIT,JAX,22,29,Home,1608.2103814478562,1614.3965015330164,1584.5613540070913,1638.0455289737813
2007_15_NYJ_NE,2007,15,2007-12-16,NE,NYJ,20,10,Home,1801.4906371048748,1407.7011418300217,1804.1313324577714,1405.0604464771252
2007_15_PHI_DAL,2007,15,2007-12-16,DAL,PHI,6,10,Home,1683.4679429593014,1494.9546737854484,1660.0477514486481,1518.3748652961017
2007_15_SEA_CAR,2007,15,2007-12-16,CAR,SEA,13,10,Home,1416.5092550906834,1574.0269313134015,1433.2738656149982,1557.2623207890867
2007_15_TEN_KC,2007,15,2007-12-16,KC,TEN,17,26,Home,1387.2250873041753,1478.3602360268767,1366.1780807609805,1499.4072425700715
2007_15_WAS_NYG,2007,15,2007-12-16,NYG,WAS,10,22,Home,1546.4176998053033,1460.3107085618722,1512.5900971619153,1494.1383112052602
2007_15_CHI_MIN,2007,15,2007-12-17,MIN,CHI,20,13,Home,1537.3018854582228,1470.4942824526204,1549.8156113766026,1457.9805565342406
2007_16_PIT_STL,2007,16,2007-12-20,LA,PIT,24,41,Home,1377.3356802047902,1584.5613540070913,1360.718767893809,1601.1782663180725
2007_16_DAL_CAR,2007,16,2007-12-22,CAR,DAL,13,20,Home,1433.2738656149982,1660.0477514486481,1422.3231105211194,1670.998506542527
2007_16_ATL_ARI,2007,16,2007-12-23,ARI,ATL,30,27,Home,1448.0653329440756,1320.5737576368804,1454.39401569306,1314.245074887896
2007_16_BAL_SEA,2007,16,2007-12-23,SEA,BAL,27,6,Home,1557.2623207890867,1416.9898243453345,1570.5366194797502,1403.715525654671
2007_16_CLE_CIN,2007,16,2007-12-23,CIN,CLE,19,14,Home,1461.2983731816073,1523.9751364577742,1479.0773831265976,1506.1961265127838
2007_16_GB_CHI,2007,16,2007-12-23,CHI,GB,35,7,Home,1457.9805565342406,1652.0699734602022,1501.089560088136,1608.9609699063067
2007_16_HOU_IND,2007,16,2007-12-23,IND,HOU,38,15,Home,1736.1175031529624,1503.6346636113049,1744.6753891719911,1495.0767775922761
2007_16_KC_DET,2007,16,2007-12-23,DET,KC,25,20,Home,1409.856640662045,1366.1780807609805,1421.7575905060796,1354.277130916946
2007_16_MIA_NE,2007,16,2007-12-23,NE,MIA,28,7,Home,1804.1313324577714,1311.6635940458248,1806.0463796726112,1309.7485468309849
2007_16_NYG_BUF,2007,16,2007-12-23,BUF,NYG,21,38,Home,1502.9044741424323,1512.5900971619153,1470.2583729696812,1545.2361983346664
2007_16_NYJ_TEN,2007,16,2007-12-23,TEN,NYJ,10,6,Home,1499.4072425700715,1405.0604464771252,1507.976872113993,1396.4908169332036
2007_16_OAK_JAX,2007,16,2007-12-23,JAX,LV,49,11,Home,1638.0455289737813,1361.0000486978024,1645.8134824296812,1353.2320952419025
2007_16_PHI_NO,2007,16,2007-12-23,NO,PHI,23,38,Home,1533.92191778247,1518.3748652961017,1501.0832852072049,1551.2134978713668
2007_16_TB_SF,2007,16,2007-12-23,SF,TB,21,19,Home,1349.7350368758257,1529.5044390355856,1363.5053837551716,1515.7340921562397
2007_16_WAS_MIN,2007,16,2007-12-23,MIN,WAS,21,32,Home,1549.8156113766026,1494.1383112052602,1518.390435721758,1525.5634868601048
2007_16_DEN_SD,2007,16,2007-12-24,LAC,DEN,23,3,Home,1629.33282954738,1451.1534095420275,1640.1803199048454,1440.305919184562
2007_17_NE_NYG,2007,17,2007-12-29,NYG,NE,35,38,Home,1545.2361983346664,1806.0463796726112,1539.0066073833987,1812.275970623879
2007_17_BUF_PHI,2007,17,2007-12-30,PHI,BUF,17,9,Home,1551.2134978713668,1470.2583729696812,1563.6382762542894,1457.8335945867586
2007_17_CAR_TB,2007,17,2007-12-30,TB,CAR,23,31,Home,1515.7340921562397,1422.3231105211194,1486.4903937401696,1451.5668089371895
2007_17_CIN_MIA,2007,17,2007-12-30,MIA,CIN,25,38,Home,1309.7485468309849,1479.0773831265976,1291.899160326258,1496.9267696313245
2007_17_DAL_WAS,2007,17,2007-12-30,WAS,DAL,27,6,Home,1525.5634868601048,1670.998506542527,1562.1665770277573,1634.3954163748745
2007_17_DET_GB,2007,17,2007-12-30,GB,DET,34,13,Home,1608.9609699063067,1421.7575905060796,1619.4836231447798,1411.2349372676065
2007_17_JAX_HOU,2007,17,2007-12-30,HOU,JAX,42,28,Home,1495.0767775922761,1645.8134824296812,1527.4460437671344,1613.444216254823
2007_17_KC_NYJ,2007,17,2007-12-30,NYJ,KC,13,10,Home,1396.4908169332036,1354.277130916946,1405.7551764302166,1345.012771419933
2007_17_MIN_DEN,2007,17,2007-12-30,DEN,MIN,22,19,Home,1440.305919184562,1518.390435721758,1454.6056504966514,1504.0907044096687
2007_17_NO_CHI,2007,17,2007-12-30,CHI,NO,33,25,Home,1501.089560088136,1501.0832852072049,1518.4840630068416,1483.6887822884994
2007_17_PIT_BAL,2007,17,2007-12-30,BAL,PIT,27,21,Home,1403.715525654671,1601.1782663180725,1428.746708993314,1576.1470829794293
2007_17_SD_OAK,2007,17,2007-12-30,LV,LAC,17,30,Home,1353.2320952419025,1640.1803199048454,1342.7825098111705,1650.6299053355774
2007_17_SEA_ATL,2007,17,2007-12-30,ATL,SEA,44,41,Home,1314.245074887896,1570.5366194797502,1333.3882294273383,1551.393464940308
2007_17_SF_CLE,2007,17,2007-12-30,CLE,SF,20,7,Home,1506.1961265127838,1363.5053837551716,1517.3978569108501,1352.3036533571053
2007_17_STL_ARI,2007,17,2007-12-30,ARI,LA,48,19,Home,1454.39401569306,1360.718767893809,1472.5592982181206,1342.5534853687484
2007_17_TEN_IND,2007,17,2007-12-30,IND,TEN,10,16,Home,1744.6753891719911,1507.976872113993,1715.5751147604196,1537.0771465255643
2007_18_JAX_PIT,2007,18,2008-01-05,PIT,JAX,29,31,Home,1576.1470829794293,1613.444216254823,1564.4343200279673,1625.156979206285
2007_18_WAS_SEA,2007,18,2008-01-05,SEA,WAS,35,14,Home,1551.393464940308,1562.1665770277573,1576.8898144551904,1536.6702275128748
2007_18_NYG_TB,2007,18,2008-01-06,TB,NYG,14,24,Home,1486.4903937401696,1539.0066073833987,1461.7903774181837,1563.7066237053846
2007_18_TEN_SD,2007,18,2008-01-06,LAC,TEN,17,6,Home,1650.6299053355774,1537.0771465255643,1662.7425261852068,1524.964525675935
2007_19_JAX_NE,2007,19,2008-01-12,NE,JAX,31,20,Home,1812.275970623879,1625.156979206285,1820.738812939809,1616.6941368903551
2007_19_SEA_GB,2007,19,2008-01-12,GB,SEA,42,20,Home,1619.4836231447798,1576.8898144551904,1640.4043547807473,1555.9690828192229
2007_19_NYG_DAL,2007,19,2008-01-13,DAL,NYG,17,21,Home,1634.3954163748745,1563.7066237053846,1613.5993174411478,1584.5027226391112
2007_19_SD_IND,2007,19,2008-01-13,IND,LAC,24,28,Home,1715.5751147604196,1662.7425261852068,1695.3079305057574,1683.009710439869
2007_20_NYG_GB,2007,20,2008-01-20,GB,NYG,20,23,Home,1640.4043547807473,1584.5027226391112,1622.8668506956328,1602.0402267242257
2007_20_SD_NE,2007,20,2008-01-20,NE,LAC,21,12,Home,1820.738812939809,1683.009710439869,1830.748930653892,1672.9995927257858
2007_21_NYG_NE,2007,21,2008-02-03,NE,NYG,14,17,Neutral,1830.748930653892,1602.0402267242257,1810.943070953418,1621.8460864246997
2008_01_WAS_NYG,2008,1,2008-09-04,NYG,WAS,16,7,Home,1573.1076518548198,1522.0021365077248,1587.9306653846522,1507.1791229778923
2008_01_ARI_SF,2008,1,2008-09-07,SF,ARI,13,23,Home,1411.3821920142632,1483.5355789308724,1387.9729905969032,1506.9447803482324
2008_01_CAR_SD,2008,1,2008-09-07,LAC,CAR,24,26,Home,1603.7997556354715,1470.9400853623138,1588.5293442877276,1486.2104967100577
2008_01_CHI_IND,2008,1,2008-09-07,IND,CHI,13,29,Home,1617.1847583034544,1511.090437804105,1578.905665032305,1549.3695310752544
2008_01_CIN_BAL,2008,1,2008-09-07,BAL,CIN,17,10,Home,1457.2480253959884,1498.1560617787945,1476.393159713919,1479.010927460864
2008_01_DAL_CLE,2008,1,2008-09-07,CLE,DAL,10,28,Home,1510.43871414651,1568.1595904646888,1480.476660351878,1598.1216442593206
2008_01_DET_ATL,2008,1,2008-09-07,ATL,DET,34,21,Home,1400.032937656403,1446.740962360564,1424.829198860306,1421.944701156661
2008_01_HOU_PIT,2008,1,2008-09-07,PIT,HOU,38,17,Home,1538.6605920167804,1516.4676262602807,1561.0838405357752,1494.0443777412859
2008_01_JAX_TEN,2008,1,2008-09-07,TEN,JAX,17,10,Home,1514.978715405561,1570.016482134213,1535.085991636497,1549.9092059032769
2008_01_KC_NE,2008,1,2008-09-07,NE,KC,17,10,Home,1686.5658425720508,1407.0076628519596,1690.9149852324692,1402.6585201915411
2008_01_NYJ_MIA,2008,1,2008-09-07,MIA,NYJ,14,20,Home,1375.1394961957549,1443.45310585813,1355.8949629038825,1462.6976391500023
2008_01_SEA_BUF,2008,1,2008-09-07,BUF,SEA,34,10,Home,1474.7001567520551,1533.5814496915336,1506.2343916452876,1502.0472147983012
2008_01_STL_PHI,2008,1,2008-09-07,PHI,LA,38,3,Home,1538.1829657525736,1405.5320912212492,1554.1454313593526,1389.5696256144702
2008_01_TB_NO,2008,1,2008-09-07,NO,TB,24,20,Home,1490.2132693730996,1477.0742264509101,1502.3178768729517,1464.969618951058
2008_01_DEN_OAK,2008,1,2008-09-08,LV,DEN,14,41,Home,1405.6695058867022,1472.7633902979908,1372.579773453122,1505.853122731571
2008_01_MIN_GB,2008,1,2008-09-08,GB,MIN,24,19,Home,1573.7201104173796,1502.454422645801,1584.2948176584039,1491.8797154047768
2008_02_ATL_TB,2008,2,2008-09-14,TB,ATL,24,9,Home,1464.969618951058,1424.829198860306,1483.659030759431,1406.139787051933
2008_02_BUF_JAX,2008,2,2008-09-14,JAX,BUF,16,20,Home,1549.9092059032769,1506.2343916452876,1529.9257781415376,1526.2178194070268
2008_02_CHI_CAR,2008,2,2008-09-14,CAR,CHI,20,17,Home,1486.2104967100577,1549.3695310752544,1499.988455651018,1535.591572134294
2008_02_GB_DET,2008,2,2008-09-14,DET,GB,25,48,Home,1421.944701156661,1584.2948176584039,1399.821936172151,1606.4175826429139
2008_02_IND_MIN,2008,2,2008-09-14,MIN,IND,15,18,Home,1491.8797154047768,1578.905665032305,1479.023165562914,1591.7622148741677
2008_02_MIA_ARI,2008,2,2008-09-14,ARI,MIA,31,10,Home,1506.9447803482324,1355.8949629038825,1519.542829985032,1343.2969132670828
2008_02_NE_NYJ,2008,2,2008-09-14,NYJ,NE,10,19,Home,1462.6976391500023,1690.9149852324692,1450.6512727662887,1702.9613516161828
2008_02_NO_WAS,2008,2,2008-09-14,WAS,NO,29,24,Home,1507.1791229778923,1502.3178768729517,1521.0996404810853,1488.3973593697588
2008_02_NYG_STL,2008,2,2008-09-14,LA,NYG,13,41,Home,1389.5696256144702,1587.9306653846522,1369.4424350855438,1608.0578559135786
2008_02_OAK_KC,2008,2,2008-09-14,KC,LV,8,23,Home,1402.6585201915411,1372.579773453122,1368.984417210254,1406.2538764344092
2008_02_PIT_CLE,2008,2,2008-09-14,CLE,PIT,6,10,Home,1480.476660351878,1561.0838405357752,1465.213054796702,1576.3474460909513
2008_02_SD_DEN,2008,2,2008-09-14,DEN,LAC,39,38,Home,1505.853122731571,1588.5293442877276,1513.078881502871,1581.3035855164276
2008_02_SF_SEA,2008,2,2008-09-14,SEA,SF,30,33,Home,1502.0472147983012,1387.9729905969032,1483.1493238920139,1406.8708815031905
2008_02_TEN_CIN,2008,2,2008-09-14,CIN,TEN,7,24,Home,1479.010927460864,1535.085991636497,1449.4846753574539,1564.6122437399072
2008_02_PHI_DAL,2008,2,2008-09-15,DAL,PHI,41,37,Home,1598.1216442593206,1554.1454313593526,1608.798299369695,1543.4687762489782
2008_03_ARI_WAS,2008,3,2008-09-21,WAS,ARI,24,17,Home,1521.0996404810853,1519.542829985032,1537.4635203337668,1503.1789501323506
2008_03_CAR_MIN,2008,3,2008-09-21,MIN,CAR,20,10,Home,1479.023165562914,1499.988455651018,1499.5679257817724,1479.4436954321598
2008_03_CIN_NYG,2008,3,2008-09-21,NYG,CIN,26,23,Home,1608.0578559135786,1449.4846753574539,1613.5033111999508,1444.0392200710817
2008_03_CLE_BAL,2008,3,2008-09-21,BAL,CLE,28,10,Home,1476.393159713919,1465.213054796702,1498.7101877567363,1442.8960267538846
2008_03_DAL_GB,2008,3,2008-09-21,GB,DAL,16,27,Home,1606.4175826429139,1608.798299369695,1577.948107502814,1637.267774509795
2008_03_DET_SF,2008,3,2008-09-21,SF,DET,31,13,Home,1406.8708815031905,1399.821936172151,1429.5525183944703,1377.1402992808712
2008_03_HOU_TEN,2008,3,2008-09-21,TEN,HOU,31,12,Home,1564.6122437399072,1494.0443777412859,1582.346725013925,1476.3098964672681
2008_03_JAX_IND,2008,3,2008-09-21,IND,JAX,21,23,Home,1591.7622148741677,1529.9257781415376,1577.7428612818385,1543.945131733867
2008_03_KC_ATL,2008,3,2008-09-21,ATL,KC,38,14,Home,1406.139787051933,1368.984417210254,1428.1077463250717,1347.016457937115
2008_03_MIA_NE,2008,3,2008-09-21,NE,MIA,13,38,Home,1702.9613516161828,1343.2969132670828,1652.7030686638482,1393.5551962194174
2008_03_NO_DEN,2008,3,2008-09-21,DEN,NO,34,32,Home,1513.078881502871,1488.3973593697588,1520.9689343425482,1480.5073065300815
2008_03_OAK_BUF,2008,3,2008-09-21,BUF,LV,24,23,Home,1526.2178194070268,1406.2538764344092,1529.4966795628009,1402.9750162786352
2008_03_PIT_PHI,2008,3,2008-09-21,PHI,PIT,15,6,Home,1543.4687762489782,1576.3474460909513,1564.071065682514,1555.7451566574155
2008_03_STL_SEA,2008,3,2008-09-21,SEA,LA,37,13,Home,1483.1493238920139,1369.4424350855438,1498.828394048708,1353.7633649288496
2008_03_TB_CHI,2008,3,2008-09-21,CHI,TB,24,27,Home,1535.591572134294,1483.659030759431,1518.1580741490934,1501.0925287446316
2008_03_NYJ_SD,2008,3,2008-09-22,LAC,NYJ,48,29,Home,1581.3035855164276,1450.6512727662887,1594.7756377941564,1437.1792204885598
2008_04_ARI_NYJ,2008,4,2008-09-28,NYJ,ARI,56,35,Home,1437.1792204885598,1503.1789501323506,1468.1645076635416,1472.1936629573688
2008_04_ATL_CAR,2008,4,2008-09-28,CAR,ATL,24,9,Home,1479.4436954321598,1428.1077463250717,1497.2749584802598,1410.2764832769717
2008_04_BUF_STL,2008,4,2008-09-28,LA,BUF,14,31,Home,1353.7633649288496,1529.4966795628009,1334.7299929518244,1548.530051539826
2008_04_CLE_CIN,2008,4,2008-09-28,CIN,CLE,12,20,Home,1444.0392200710817,1442.8960267538846,1418.6957643764022,1468.239482448564
2008_04_DEN_KC,2008,4,2008-09-28,KC,DEN,33,19,Home,1347.016457937115,1520.9689343425482,1380.6553772703278,1487.3300150093355
2008_04_GB_TB,2008,4,2008-09-28,TB,GB,30,21,Home,1501.0925287446316,1577.948107502814,1524.77615953679,1554.2644767106558
2008_04_HOU_JAX,2008,4,2008-09-28,JAX,HOU,30,27,Home,1543.945131733867,1476.3098964672681,1552.257618749393,1467.997409451742
2008_04_MIN_TEN,2008,4,2008-09-28,TEN,MIN,30,17,Home,1582.346725013925,1499.5679257817724,1597.1492535868358,1484.7653972088615
2008_04_PHI_CHI,2008,4,2008-09-28,CHI,PHI,24,20,Home,1518.1580741490934,1564.071065682514,1533.2383325741905,1548.990807257417
2008_04_SD_OAK,2008,4,2008-09-28,LV,LAC,18,28,Home,1402.9750162786352,1594.7756377941564,1388.2284888572733,1609.5221652155183
2008_04_SF_NO,2008,4,2008-09-28,NO,SF,31,17,Home,1480.5073065300815,1429.5525183944703,1497.9516601634941,1412.1081647610577
2008_04_WAS_DAL,2008,4,2008-09-28,DAL,WAS,24,26,Home,1637.267774509795,1537.4635203337668,1622.5328548198913,1552.1984400236704
2008_04_BAL_PIT,2008,4,2008-09-29,PIT,BAL,23,20,Home,1555.7451566574155,1498.7101877567363,1564.4469539891093,1490.0083904250425
2008_05_ATL_GB,2008,5,2008-10-05,GB,ATL,24,27,Home,1554.2644767106558,1410.2764832769717,1534.7913458806302,1429.7496141069973
2008_05_BUF_ARI,2008,5,2008-10-05,ARI,BUF,41,17,Home,1472.1936629573688,1548.530051539826,1505.2619299612209,1515.461784535974
2008_05_CHI_DET,2008,5,2008-10-05,DET,CHI,7,34,Home,1377.1402992808712,1533.2383325741905,1353.3457577956797,1557.032874059382
2008_05_CIN_DAL,2008,5,2008-10-05,DAL,CIN,31,22,Home,1622.5328548198913,1418.6957643764022,1629.7324040816768,1411.4962151146167
2008_05_IND_HOU,2008,5,2008-10-05,HOU,IND,27,31,Home,1467.997409451742,1577.7428612818385,1454.2441308970915,1591.496139836489
2008_05_KC_CAR,2008,5,2008-10-05,CAR,KC,34,0,Home,1497.2749584802598,1380.6553772703278,1514.3590038451443,1363.5713319054432
2008_05_NE_SF,2008,5,2008-10-05,SF,NE,21,30,Home,1412.1081647610577,1652.7030686638482,1400.7288003887563,1664.0824330361495
2008_05_PIT_JAX,2008,5,2008-10-05,JAX,PIT,21,26,Home,1552.257618749393,1564.4469539891093,1532.1206928748888,1584.5838798636134
2008_05_SD_MIA,2008,5,2008-10-05,MIA,LAC,17,10,Home,1393.5551962194174,1609.5221652155183,1420.974827519304,1582.1025339156317
2008_05_SEA_NYG,2008,5,2008-10-05,NYG,SEA,44,6,Home,1613.5033111999508,1498.828394048708,1631.268048378737,1481.063656869922
2008_05_TB_DEN,2008,5,2008-10-05,DEN,TB,16,13,Home,1487.3300150093355,1524.77615953679,1499.937930438267,1512.1682441078585
2008_05_TEN_BAL,2008,5,2008-10-05,BAL,TEN,10,13,Home,1490.0083904250425,1597.1492535868358,1478.047806140165,1609.1098378717134
2008_05_WAS_PHI,2008,5,2008-10-05,PHI,WAS,17,23,Home,1548.990807257417,1552.1984400236704,1526.7320771025782,1574.4571701785092
2008_05_MIN_NO,2008,5,2008-10-06,NO,MIN,27,30,Home,1497.9516601634941,1484.7653972088615,1481.6017070247105,1501.115350347645
2008_06_BAL_IND,2008,6,2008-10-12,IND,BAL,31,3,Home,1591.496139836489,1478.047806140165,1607.917935383586,1461.626010593068
2008_06_CAR_TB,2008,6,2008-10-12,TB,CAR,27,3,Home,1512.1682441078585,1514.3590038451443,1537.86682197857,1488.6604259744329
2008_06_CHI_ATL,2008,6,2008-10-12,ATL,CHI,22,20,Home,1429.7496141069973,1557.032874059382,1442.3282343331027,1544.4542538332767
2008_06_CIN_NYJ,2008,6,2008-10-12,NYJ,CIN,26,14,Home,1468.1645076635416,1411.4962151146167,1484.2900266490542,1395.370696129104
2008_06_DAL_ARI,2008,6,2008-10-12,ARI,DAL,30,24,Home,1505.2619299612209,1629.7324040816768,1527.420692107968,1607.5736419349296
2008_06_DET_MIN,2008,6,2008-10-12,MIN,DET,12,10,Home,1501.115350347645,1353.3457577956797,1505.6650701194685,1348.7960380238562
2008_06_GB_SEA,2008,6,2008-10-12,SEA,GB,17,27,Home,1481.063656869922,1534.7913458806302,1456.433197210829,1559.4218055397232
2008_06_JAX_DEN,2008,6,2008-10-12,DEN,JAX,17,24,Home,1499.937930438267,1532.1206928748888,1477.5195990949348,1554.539024218221
2008_06_MIA_HOU,2008,6,2008-10-12,HOU,MIA,29,28,Home,1454.2441308970915,1420.974827519304,1459.0510379707869,1416.1679204456086
2008_06_NE_SD,2008,6,2008-10-12,LAC,NE,30,10,Home,1582.1025339156317,1664.0824330361495,1613.7899285677088,1632.3950383840724
2008_06_OAK_NO,2008,6,2008-10-12,NO,LV,34,3,Home,1481.6017070247105,1388.2284888572733,1500.1370301453742,1369.6931657366097
2008_06_PHI_SF,2008,6,2008-10-12,SF,PHI,26,40,Home,1400.7288003887563,1526.7320771025782,1378.9585304121981,1548.5023470791364
2008_06_STL_WAS,2008,6,2008-10-12,WAS,LA,17,19,Home,1574.4571701785092,1334.7299929518244,1558.0051726706872,1351.1819904596464
2008_06_NYG_CLE,2008,6,2008-10-13,CLE,NYG,35,14,Home,1468.239482448564,1631.268048378737,1505.965927443345,1593.541603383956
2008_07_BAL_MIA,2008,7,2008-10-19,MIA,BAL,13,27,Home,1416.1679204456086,1461.626010593068,1387.8176753395323,1489.9762556991443
2008_07_CLE_WAS,2008,7,2008-10-19,WAS,CLE,14,11,Home,1558.0051726706872,1505.965927443345,1566.8942465376838,1497.0768535763484
2008_07_DAL_STL,2008,7,2008-10-19,LA,DAL,34,14,Home,1351.1819904596464,1607.5736419349296,1393.2276801629123,1565.5279522316637
2008_07_DET_HOU,2008,7,2008-10-19,HOU,DET,28,21,Home,1459.0510379707869,1348.7960380238562,1469.3438498997145,1338.5032260949286
2008_07_IND_GB,2008,7,2008-10-19,GB,IND,34,14,Home,1559.4218055397232,1607.917935383586,1588.205977040598,1579.1337638827108
2008_07_MIN_CHI,2008,7,2008-10-19,CHI,MIN,48,41,Home,1544.4542538332767,1505.6650701194685,1558.5501818919715,1491.5691420607736
2008_07_NO_CAR,2008,7,2008-10-19,CAR,NO,30,7,Home,1488.6604259744329,1500.1370301453742,1514.9440035728503,1473.8534525469568
2008_07_NYJ_OAK,2008,7,2008-10-19,LV,NYJ,16,13,Home,1369.6931657366097,1484.2900266490542,1385.172755806623,1468.810436579041
2008_07_PIT_CIN,2008,7,2008-10-19,CIN,PIT,10,38,Home,1395.370696129104,1584.5838798636134,1374.4306141731604,1605.5239618195571
2008_07_SD_BUF,2008,7,2008-10-19,BUF,LAC,23,14,Home,1515.461784535974,1613.7899285677088,1540.3131878811175,1588.9385252225652
2008_07_SEA_TB,2008,7,2008-10-19,TB,SEA,20,10,Home,1537.86682197857,1456.433197210829,1551.3975108835245,1442.9025083058743
2008_07_SF_NYG,2008,7,2008-10-19,NYG,SF,29,17,Home,1593.541603383956,1378.9585304121981,1601.1275857035985,1371.3725480925557
2008_07_TEN_KC,2008,7,2008-10-19,KC,TEN,10,34,Home,1363.5713319054432,1609.1098378717134,1348.0257094733577,1624.6554603037987
2008_07_DEN_NE,2008,7,2008-10-20,NE,DEN,41,7,Home,1632.3950383840724,1477.5195990949348,1646.6167366998768,1463.2979007791305
2008_08_ARI_CAR,2008,8,2008-10-26,CAR,ARI,27,23,Home,1514.9440035728503,1527.420692107968,1528.3047171943176,1514.0599784865008
2008_08_ATL_PHI,2008,8,2008-10-26,PHI,ATL,27,14,Home,1548.5023470791364,1442.3282343331027,1561.8141085014336,1429.0164729108055
2008_08_BUF_MIA,2008,8,2008-10-26,MIA,BUF,25,16,Home,1387.8176753395323,1540.3131878811175,1415.4246796016469,1512.706183619003
2008_08_CIN_HOU,2008,8,2008-10-26,HOU,CIN,35,6,Home,1469.3438498997145,1374.4306141731604,1487.4074016790948,1356.36706239378
2008_08_CLE_JAX,2008,8,2008-10-26,JAX,CLE,17,23,Home,1554.539024218221,1497.0768535763484,1529.8651516918017,1521.7507261027677
2008_08_KC_NYJ,2008,8,2008-10-26,NYJ,KC,28,24,Home,1468.810436579041,1348.0257094733577,1476.3943867931023,1340.4417592592963
2008_08_NYG_PIT,2008,8,2008-10-26,PIT,NYG,14,21,Home,1605.5239618195571,1601.1275857035985,1581.3916855216169,1625.2598620015387
2008_08_OAK_BAL,2008,8,2008-10-26,BAL,LV,29,10,Home,1489.9762556991443,1385.172755806623,1505.182894352365,1369.9661171534021
2008_08_SD_NO,2008,8,2008-10-26,NO,LAC,37,32,Neutral,1473.8534525469568,1588.9385252225652,1496.3227523545245,1566.4692254149975
2008_08_SEA_SF,2008,8,2008-10-26,SF,SEA,13,34,Home,1371.3725480925557,1442.9025083058743,1341.1327650684157,1473.1422913300144
2008_08_STL_NE,2008,8,2008-10-26,NE,LA,23,16,Home,1646.6167366998768,1393.2276801629123,1651.626978809279,1388.21743805351
2008_08_TB_DAL,2008,8,2008-10-26,DAL,TB,13,9,Home,1565.5279522316637,1551.3975108835245,1577.5851594356843,1539.340303679504
2008_08_WAS_DET,2008,8,2008-10-26,DET,WAS,17,25,Home,1338.5032260949286,1566.8942465376838,1327.0171765760742,1578.380296056538
2008_08_IND_TEN,2008,8,2008-10-27,TEN,IND,31,21,Home,1624.6554603037987,1579.1337638827108,1640.4598609549962,1563.3293632315133
2008_09_ARI_STL,2008,9,2008-11-02,LA,ARI,13,34,Home,1388.21743805351,1514.0599784865008,1363.3529945171242,1538.9244220228866
2008_09_ATL_OAK,2008,9,2008-11-02,LV,ATL,0,24,Home,1369.9661171534021,1429.0164729108055,1337.314500413332,1461.6680896508756
2008_09_BAL_CLE,2008,9,2008-11-02,CLE,BAL,27,37,Home,1521.7507261027677,1505.182894352365,1493.2983167392997,1533.635303715833
2008_09_DAL_NYG,2008,9,2008-11-02,NYG,DAL,35,14,Home,1625.2598620015387,1577.5851594356843,1645.4491563501224,1557.3958650871007
2008_09_DET_CHI,2008,9,2008-11-02,CHI,DET,27,23,Home,1558.5501818919715,1327.0171765760742,1562.905856962451,1322.6615015055947
2008_09_GB_TEN,2008,9,2008-11-02,TEN,GB,19,16,Home,1640.4598609549962,1588.205977040598,1649.340839144294,1579.3249988513003
2008_09_HOU_MIN,2008,9,2008-11-02,MIN,HOU,28,21,Home,1491.5691420607736,1487.4074016790948,1507.7687039100672,1471.2078398298013
2008_09_JAX_CIN,2008,9,2008-11-02,CIN,JAX,21,19,Home,1356.36706239378,1529.8651516918017,1370.0040808224871,1516.2281332630946
2008_09_MIA_DEN,2008,9,2008-11-02,DEN,MIA,17,26,Home,1463.2979007791305,1415.4246796016469,1434.5204941501229,1444.2020862306545
2008_09_NE_IND,2008,9,2008-11-02,IND,NE,18,15,Home,1563.3293632315133,1651.626978809279,1577.965514305725,1636.9908277350673
2008_09_NYJ_BUF,2008,9,2008-11-02,BUF,NYJ,17,26,Home,1512.706183619003,1476.3943867931023,1484.4512341814825,1504.6493362306228
2008_09_PHI_SEA,2008,9,2008-11-02,SEA,PHI,7,26,Home,1473.1422913300144,1561.8141085014336,1445.5201097955583,1589.4362900358897
2008_09_TB_KC,2008,9,2008-11-02,KC,TB,27,30,Home,1340.4417592592963,1539.340303679504,1332.1749285467174,1547.6071343920828
2008_09_PIT_WAS,2008,9,2008-11-03,WAS,PIT,6,23,Home,1578.380296056538,1581.3916855216169,1545.3056130962404,1614.4663684819145
2008_10_DEN_CLE,2008,10,2008-11-06,CLE,DEN,30,34,Home,1493.2983167392997,1434.5204941501229,1472.8514003926734,1454.9674104967492
2008_10_BAL_HOU,2008,10,2008-11-09,HOU,BAL,13,41,Home,1471.2078398298013,1533.635303715833,1437.325179744926,1567.5179638007085
2008_10_BUF_NE,2008,10,2008-11-09,NE,BUF,20,10,Home,1636.9908277350673,1484.4512341814825,1646.6929590761358,1474.749102840414
2008_10_CAR_OAK,2008,10,2008-11-09,LV,CAR,6,17,Home,1337.314500413332,1528.3047171943176,1321.9793864243684,1543.6398311832813
2008_10_GB_MIN,2008,10,2008-11-09,MIN,GB,28,27,Home,1507.7687039100672,1579.3249988513003,1514.8099768273212,1572.2837259340463
2008_10_IND_PIT,2008,10,2008-11-09,PIT,IND,20,24,Home,1614.4663684819145,1577.965514305725,1594.7109316627132,1597.7209511249264
2008_10_JAX_DET,2008,10,2008-11-09,DET,JAX,14,38,Home,1322.6615015055947,1516.2281332630946,1303.0165867415787,1535.8730480271106
2008_10_KC_SD,2008,10,2008-11-09,LAC,KC,20,19,Home,1566.4692254149975,1332.1749285467174,1568.317967458341,1330.326186503374
2008_10_NO_ATL,2008,10,2008-11-09,ATL,NO,34,20,Home,1461.6680896508756,1496.3227523545245,1486.0530029694492,1471.937839035951
2008_10_NYG_PHI,2008,10,2008-11-09,PHI,NYG,31,36,Home,1589.4362900358897,1645.4491563501224,1571.130105245339,1663.755341140673
2008_10_SEA_MIA,2008,10,2008-11-09,MIA,SEA,21,19,Home,1444.2020862306545,1445.5201097955583,1452.943758270933,1436.7784377552798
2008_10_STL_NYJ,2008,10,2008-11-09,NYJ,LA,47,3,Home,1504.6493362306228,1363.3529945171242,1520.9162843967458,1347.0860463510012
2008_10_TEN_CHI,2008,10,2008-11-09,CHI,TEN,14,21,Home,1562.905856962451,1649.340839144294,1543.581009763906,1668.665686342839
2008_10_SF_ARI,2008,10,2008-11-10,ARI,SF,29,24,Home,1538.9244220228866,1341.1327650684157,1544.7034900834944,1335.3536970078078
2008_11_NYJ_NE,2008,11,2008-11-13,NE,NYJ,31,34,Home,1646.6929590761358,1520.9162843967458,1627.559852634874,1540.0493908380076
2008_11_ARI_SEA,2008,11,2008-11-16,SEA,ARI,20,26,Home,1436.7784377552798,1544.7034900834944,1420.0379459157598,1561.4439819230145
2008_11_BAL_NYG,2008,11,2008-11-16,NYG,BAL,30,10,Home,1663.755341140673,1567.5179638007085,1679.8275996022458,1551.4457053391357
2008_11_CHI_GB,2008,11,2008-11-16,GB,CHI,37,3,Home,1572.2837259340463,1543.581009763906,1597.404468333771,1518.4602673641812
2008_11_DAL_WAS,2008,11,2008-11-16,WAS,DAL,10,14,Home,1545.3056130962404,1557.3958650871007,1527.2141477645894,1575.4873304187518
2008_11_DEN_ATL,2008,11,2008-11-16,ATL,DEN,20,24,Home,1486.0530029694492,1454.9674104967492,1466.4728930413628,1474.5475204248355
2008_11_DET_CAR,2008,11,2008-11-16,CAR,DET,31,22,Home,1543.6398311832813,1303.0165867415787,1549.57873337163,1297.07768455323
2008_11_HOU_IND,2008,11,2008-11-16,IND,HOU,33,27,Home,1597.7209511249264,1437.325179744926,1605.2962605019447,1429.7498703679075
2008_11_MIN_TB,2008,11,2008-11-16,TB,MIN,19,13,Home,1547.6071343920828,1514.8099768273212,1561.1280064616653,1501.2891047577386
2008_11_NO_KC,2008,11,2008-11-16,KC,NO,20,30,Home,1330.326186503374,1471.937839035951,1312.182501047212,1490.0815244921127
2008_11_OAK_MIA,2008,11,2008-11-16,MIA,LV,17,15,Home,1452.943758270933,1321.9793864243684,1457.8769658349786,1317.0461788603227
2008_11_PHI_CIN,2008,11,2008-11-16,CIN,PHI,13,13,Home,1370.0040808224871,1571.130105245339,1373.733209249702,1567.4009768181243
2008_11_SD_PIT,2008,11,2008-11-16,PIT,LAC,11,10,Home,1594.7109316627132,1568.317967458341,1599.654629665247,1563.374269455807
2008_11_STL_SF,2008,11,2008-11-16,SF,LA,35,16,Home,1335.3536970078078,1347.0860463510012,1360.1532553252057,1322.2864880336033
2008_11_TEN_JAX,2008,11,2008-11-16,JAX,TEN,14,24,Home,1535.8730480271106,1668.665686342839,1517.0931490102812,1687.4455853596685
2008_11_CLE_BUF,2008,11,2008-11-17,BUF,CLE,27,29,Home,1474.749102840414,1472.8514003926734,1462.0592671079926,1485.5412361250949
2008_12_CIN_PIT,2008,12,2008-11-20,PIT,CIN,27,10,Home,1599.654629665247,1373.733209249702,1607.7113316705245,1365.6765072444246
2008_12_BUF_KC,2008,12,2008-11-23,KC,BUF,31,54,Home,1312.182501047212,1462.0592671079926,1288.9126971229355,1485.3290710322692
2008_12_CAR_ATL,2008,12,2008-11-23,ATL,CAR,45,28,Home,1466.4728930413628,1549.57873337163,1496.6332843184252,1519.4183420945676
2008_12_CHI_STL,2008,12,2008-11-23,LA,CHI,3,27,Home,1322.2864880336033,1518.4602673641812,1302.8623929227836,1537.884362475001
2008_12_HOU_CLE,2008,12,2008-11-23,CLE,HOU,6,16,Home,1485.5412361250949,1429.7498703679075,1455.2113040005584,1460.079802492444
2008_12_IND_SD,2008,12,2008-11-23,LAC,IND,20,23,Home,1563.374269455807,1605.2962605019447,1548.7453055465628,1619.925224411189
2008_12_MIN_JAX,2008,12,2008-11-23,JAX,MIN,12,30,Home,1517.0931490102812,1501.2891047577386,1482.20313109424,1536.1791226737798
2008_12_NE_MIA,2008,12,2008-11-23,MIA,NE,28,48,Home,1457.8769658349786,1627.559852634874,1437.3154505168357,1648.121367953017
2008_12_NYG_ARI,2008,12,2008-11-23,ARI,NYG,29,37,Home,1561.4439819230145,1679.8275996022458,1543.262636801466,1698.0089447237942
2008_12_NYJ_TEN,2008,12,2008-11-23,TEN,NYJ,13,34,Home,1687.4455853596685,1540.0493908380076,1643.8919714467563,1583.6030047509198
2008_12_OAK_DEN,2008,12,2008-11-23,DEN,LV,10,31,Home,1474.5475204248355,1317.0461788603227,1430.6108032451236,1360.9828960400346
2008_12_PHI_BAL,2008,12,2008-11-23,BAL,PHI,36,7,Home,1551.4457053391357,1567.4009768181243,1580.0504301126339,1538.796252044626
2008_12_SF_DAL,2008,12,2008-11-23,DAL,SF,35,22,Home,1575.4873304187518,1360.1532553252057,1583.2620582714894,1352.378527472468
2008_12_TB_DET,2008,12,2008-11-23,DET,TB,20,38,Home,1297.07768455323,1561.1280064616653,1284.049394137274,1574.1562968776213
2008_12_WAS_SEA,2008,12,2008-11-23,SEA,WAS,17,20,Home,1420.0379459157598,1527.2141477645894,1408.078913484897,1539.1731801954522
2008_12_GB_NO,2008,12,2008-11-24,NO,GB,51,29,Home,1490.0815244921127,1597.404468333771,1524.5736457940234,1562.9123470318605
2008_13_ARI_PHI,2008,13,2008-11-27,PHI,ARI,48,20,Home,1538.796252044626,1543.262636801466,1565.9148557118751,1516.144033134217
2008_13_SEA_DAL,2008,13,2008-11-27,DAL,SEA,34,9,Home,1583.2620582714894,1408.078913484897,1595.0464027125904,1396.294569043796
2008_13_TEN_DET,2008,13,2008-11-27,DET,TEN,10,47,Home,1284.049394137274,1643.8919714467563,1274.116789364101,1653.8245762199294
2008_13_ATL_SD,2008,13,2008-11-30,LAC,ATL,16,22,Home,1548.7453055465628,1496.6332843184252,1524.2676544681426,1521.1109353968454
2008_13_BAL_CIN,2008,13,2008-11-30,CIN,BAL,3,34,Home,1365.6765072444246,1580.0504301126339,1346.3750789803914,1599.351858376667
2008_13_CAR_GB,2008,13,2008-11-30,GB,CAR,31,35,Home,1562.9123470318605,1519.4183420945676,1542.9346045949676,1539.3960845314605
2008_13_CHI_MIN,2008,13,2008-11-30,MIN,CHI,34,14,Home,1536.1791226737798,1537.884362475001,1560.4404762149647,1513.623008933816
2008_13_DEN_NYJ,2008,13,2008-11-30,NYJ,DEN,17,34,Home,1583.6030047509198,1430.6108032451236,1542.6760322752143,1471.5377757208291
2008_13_IND_CLE,2008,13,2008-11-30,CLE,IND,6,10,Home,1455.2113040005584,1619.925224411189,1444.116112365994,1631.0204160457533
2008_13_KC_OAK,2008,13,2008-11-30,LV,KC,13,20,Home,1360.9828960400346,1288.9126971229355,1334.0626312991792,1315.8329618637908
2008_13_MIA_STL,2008,13,2008-11-30,LA,MIA,12,16,Home,1302.8623929227836,1437.3154505168357,1290.3385045089467,1449.8393389306725
2008_13_NO_TB,2008,13,2008-11-30,TB,NO,23,20,Home,1574.1562968776213,1524.5736457940234,1583.1383418666007,1515.591600805044
2008_13_NYG_WAS,2008,13,2008-11-30,WAS,NYG,7,23,Home,1539.1731801954522,1698.0089447237942,1519.1656124026656,1718.0165125165809
2008_13_PIT_NE,2008,13,2008-11-30,NE,PIT,10,33,Home,1648.121367953017,1607.7113316705245,1608.8650463785928,1646.9676532449487
2008_13_SF_BUF,2008,13,2008-11-30,BUF,SF,3,10,Home,1485.3290710322692,1352.378527472468,1456.4228297185823,1381.284768786155
2008_13_JAX_HOU,2008,13,2008-12-01,HOU,JAX,30,17,Home,1460.079802492444,1482.20313109424,1482.7874178458774,1459.4955157408067
2008_14_OAK_SD,2008,14,2008-12-04,LAC,LV,34,7,Home,1524.2676544681426,1334.0626312991792,1535.4396392389372,1322.8906465283847
2008_14_ATL_NO,2008,14,2008-12-07,NO,ATL,29,25,Home,1515.591600805044,1521.1109353968454,1528.6053938844816,1508.0971423174078
2008_14_CIN_IND,2008,14,2008-12-07,IND,CIN,35,3,Home,1631.0204160457533,1346.3750789803914,1638.1329563876998,1339.262538638445
2008_14_CLE_TEN,2008,14,2008-12-07,TEN,CLE,28,9,Home,1653.8245762199294,1444.116112365994,1662.911609957476,1435.0290786284475
2008_14_DAL_PIT,2008,14,2008-12-07,PIT,DAL,20,13,Home,1646.9676532449487,1595.0464027125904,1660.3079426017653,1581.7061133557738
2008_14_HOU_GB,2008,14,2008-12-07,GB,HOU,21,24,Home,1542.9346045949676,1482.7874178458774,1525.287369522079,1500.434652918766
2008_14_JAX_CHI,2008,14,2008-12-07,CHI,JAX,23,10,Home,1513.623008933816,1459.4955157408067,1530.395355334245,1442.7231693403776
2008_14_KC_DEN,2008,14,2008-12-07,DEN,KC,24,17,Home,1471.5377757208291,1315.8329618637908,1479.8219473706322,1307.5487902139878
2008_14_MIA_BUF,2008,14,2008-12-07,BUF,MIA,3,16,Neutral,1456.4228297185823,1449.8393389306725,1429.612476184921,1476.6496924643338
2008_14_MIN_DET,2008,14,2008-12-07,DET,MIN,16,20,Home,1274.116789364101,1560.4404762149647,1267.7244910506201,1566.8327745284455
2008_14_NE_SEA,2008,14,2008-12-07,SEA,NE,21,24,Home,1396.294569043796,1608.8650463785928,1388.5115884932,1616.6480269291887
2008_14_NYJ_SF,2008,14,2008-12-07,SF,NYJ,24,14,Home,1381.284768786155,1542.6760322752143,1410.471951383412,1513.4888496779572
2008_14_PHI_NYG,2008,14,2008-12-07,NYG,PHI,14,20,Home,1718.0165125165809,1565.9148557118751,1690.4841326975866,1593.4472355308694
2008_14_STL_ARI,2008,14,2008-12-07,ARI,LA,34,10,Home,1516.144033134217,1290.3385045089467,1525.1218764551659,1281.3606611879977
2008_14_WAS_BAL,2008,14,2008-12-07,BAL,WAS,24,10,Home,1599.351858376667,1519.1656124026656,1614.7176536395593,1503.7998171397733
2008_14_TB_CAR,2008,14,2008-12-08,CAR,TB,38,23,Home,1539.3960845314605,1583.1383418666007,1565.1785593059253,1557.355867092136
2008_15_NO_CHI,2008,15,2008-12-11,CHI,NO,27,24,Home,1530.395355334245,1528.6053938844816,1541.2947822028084,1517.7059670159183
2008_15_BUF_NYJ,2008,15,2008-12-14,NYJ,BUF,31,27,Home,1513.4888496779572,1429.612476184921,1522.472106320554,1420.629219542324
2008_15_DEN_CAR,2008,15,2008-12-14,CAR,DEN,30,10,Home,1565.1785593059253,1479.8219473706322,1582.0597827889283,1462.9407238876292
2008_15_DET_IND,2008,15,2008-12-14,IND,DET,31,21,Home,1638.1329563876998,1267.7244910506201,1641.1519559412477,1264.7054914970722
2008_15_GB_JAX,2008,15,2008-12-14,JAX,GB,20,16,Home,1442.7231693403776,1525.287369522079,1459.4965742863849,1508.5139645760717
2008_15_MIN_ARI,2008,15,2008-12-14,ARI,MIN,14,35,Home,1525.1218764551659,1566.8327745284455,1492.488040194106,1599.4666107895055
2008_15_NE_OAK,2008,15,2008-12-14,LV,NE,26,49,Home,1322.8906465283847,1616.6480269291887,1310.722538483666,1628.8161349739073
2008_15_NYG_DAL,2008,15,2008-12-14,DAL,NYG,20,8,Home,1581.7061133557738,1690.4841326975866,1610.0073613217296,1662.1828847316308
2008_15_PIT_BAL,2008,15,2008-12-14,BAL,PIT,9,13,Home,1614.7176536395593,1660.3079426017653,1597.8736934062078,1677.1519028351167
2008_15_SD_KC,2008,15,2008-12-14,KC,LAC,21,22,Home,1307.5487902139878,1535.4396392389372,1303.9170683810232,1539.0713610719017
2008_15_SEA_STL,2008,15,2008-12-14,LA,SEA,20,23,Home,1281.3606611879977,1388.5115884932,1269.400518865718,1400.4717308154798
2008_15_SF_MIA,2008,15,2008-12-14,MIA,SF,14,9,Home,1476.6496924643338,1410.471951383412,1487.4617613797925,1399.6598824679534
2008_15_TB_ATL,2008,15,2008-12-14,ATL,TB,13,10,Home,1508.0971423174078,1557.355867092136,1521.2383991730533,1544.2146102364904
2008_15_TEN_HOU,2008,15,2008-12-14,HOU,TEN,13,12,Home,1500.434652918766,1662.911609957476,1508.8868605545122,1654.4594023217298
2008_15_WAS_CIN,2008,15,2008-12-14,CIN,WAS,20,13,Home,1339.262538638445,1503.7998171397733,1364.7054197314437,1478.3569360467745
2008_15_CLE_PHI,2008,15,2008-12-15,PHI,CLE,30,10,Home,1593.4472355308694,1435.0290786284475,1605.4154503475202,1423.0608638117967
2008_16_IND_JAX,2008,16,2008-12-18,JAX,IND,24,31,Home,1459.4965742863849,1641.1519559412477,1446.1412292857885,1654.507300941844
2008_16_BAL_DAL,2008,16,2008-12-20,DAL,BAL,24,33,Home,1610.0073613217296,1597.8736934062078,1582.9022620650283,1624.9787926629092
2008_16_ARI_NE,2008,16,2008-12-21,NE,ARI,47,7,Home,1628.8161349739073,1492.488040194106,1645.0692694772754,1476.2349056907378
2008_16_ATL_MIN,2008,16,2008-12-21,MIN,ATL,17,24,Home,1599.4666107895055,1521.2383991730533,1572.32177804385,1548.3832319187088
2008_16_BUF_DEN,2008,16,2008-12-21,DEN,BUF,23,30,Home,1462.9407238876292,1420.629219542324,1437.1770294129778,1446.3929140169755
2008_16_CAR_NYG,2008,16,2008-12-21,NYG,CAR,34,28,Home,1662.1828847316308,1582.0597827889283,1673.2273049069236,1571.0153626136355
2008_16_CIN_CLE,2008,16,2008-12-21,CLE,CIN,0,14,Home,1423.0608638117967,1364.7054197314437,1388.6780420493922,1399.0882414938483
2008_16_HOU_OAK,2008,16,2008-12-21,LV,HOU,27,16,Home,1310.722538483666,1508.8868605545122,1342.718504687847,1476.8908943503313
2008_16_MIA_KC,2008,16,2008-12-21,KC,MIA,31,38,Home,1303.9170683810232,1487.4617613797925,1290.6684906261473,1500.7103391346684
2008_16_NO_DET,2008,16,2008-12-21,DET,NO,7,42,Home,1264.7054914970722,1517.7059670159183,1247.9946986210564,1534.4167598919341
2008_16_NYJ_SEA,2008,16,2008-12-21,SEA,NYJ,13,3,Home,1400.4717308154798,1522.472106320554,1427.6456999136224,1495.2981372224115
2008_16_PHI_WAS,2008,16,2008-12-21,WAS,PHI,10,3,Home,1478.3569360467745,1605.4154503475202,1502.1553066862677,1581.617079708027
2008_16_PIT_TEN,2008,16,2008-12-21,TEN,PIT,31,14,Home,1654.4594023217298,1677.1519028351167,1679.3815165749486,1652.229788581898
2008_16_SD_TB,2008,16,2008-12-21,TB,LAC,24,41,Home,1544.2146102364904,1539.0713610719017,1510.6245357968598,1572.6614355115323
2008_16_SF_STL,2008,16,2008-12-21,LA,SF,16,17,Home,1269.400518865718,1399.6598824679534,1263.9185126021312,1405.1418887315401
2008_16_GB_CHI,2008,16,2008-12-22,CHI,GB,20,17,Home,1541.2947822028084,1508.5139645760717,1550.927891594633,1498.8808551842471
2008_17_CAR_NO,2008,17,2008-12-28,NO,CAR,31,33,Home,1534.4167598919341,1571.0153626136355,1522.6860036125242,1582.7461188930454
2008_17_CHI_HOU,2008,17,2008-12-28,HOU,CHI,31,24,Home,1476.8908943503313,1550.927891594633,1498.138781898855,1529.6800040461092
2008_17_CLE_PIT,2008,17,2008-12-28,PIT,CLE,31,0,Home,1652.229788581898,1388.6780420493922,1660.13599837532,1380.7718322559701
2008_17_DAL_PHI,2008,17,2008-12-28,PHI,DAL,44,6,Home,1581.617079708027,1582.9022620650283,1610.764408836862,1553.7549329361932
2008_17_DEN_SD,2008,17,2008-12-28,LAC,DEN,52,21,Home,1572.6614355115323,1437.1770294129778,1587.891362858325,1421.9471020661852
2008_17_DET_GB,2008,17,2008-12-28,GB,DET,31,21,Home,1498.8808551842471,1247.9946986210564,1504.736342013245,1242.1392117920586
2008_17_JAX_BAL,2008,17,2008-12-28,BAL,JAX,27,7,Home,1624.9787926629092,1446.1412292857885,1635.7904422716656,1435.3295796770321
2008_17_KC_CIN,2008,17,2008-12-28,CIN,KC,16,6,Home,1399.0882414938483,1290.6684906261473,1411.0586954701466,1278.698036649849
2008_17_MIA_NYJ,2008,17,2008-12-28,NYJ,MIA,17,24,Home,1495.2981372224115,1500.7103391346684,1471.6133957633422,1524.3950805937377
2008_17_NE_BUF,2008,17,2008-12-28,BUF,NE,0,13,Home,1446.3929140169755,1645.0692694772754,1430.640270190704,1660.8219133035468
2008_17_NYG_MIN,2008,17,2008-12-28,MIN,NYG,20,19,Home,1572.32177804385,1673.2273049069236,1579.8442671954385,1665.704815755335
2008_17_OAK_TB,2008,17,2008-12-28,TB,LV,24,31,Home,1510.6245357968598,1342.718504687847,1480.8165779238989,1372.5264625608079
2008_17_SEA_ARI,2008,17,2008-12-28,ARI,SEA,34,21,Home,1476.2349056907378,1427.6456999136224,1493.4057069378512,1410.474898666509
2008_17_STL_ATL,2008,17,2008-12-28,ATL,LA,31,27,Home,1548.3832319187088,1263.9185126021312,1551.6603610893414,1260.6413834314985
2008_17_TEN_IND,2008,17,2008-12-28,IND,TEN,23,0,Home,1654.507300941844,1679.3815165749486,1682.1298878590405,1651.758929657752
2008_17_WAS_SF,2008,17,2008-12-28,SF,WAS,27,24,Home,1405.1418887315401,1502.1553066862677,1420.0614859445693,1487.2357094732386
2008_18_ATL_ARI,2008,18,2009-01-03,ARI,ATL,30,24,Home,1493.4057069378512,1551.6603610893414,1512.4287380576075,1532.6373299695852
2008_18_IND_SD,2008,18,2009-01-03,LAC,IND,23,17,Home,1587.891362858325,1682.1298878590405,1608.707542771681,1661.3137079456847
2008_18_BAL_MIA,2008,18,2009-01-04,MIA,BAL,9,27,Home,1524.3950805937377,1635.7904422716656,1499.386783317117,1660.7987395482862
2008_18_PHI_MIN,2008,18,2009-01-04,MIN,PHI,14,26,Home,1579.8442671954385,1610.764408836862,1552.1163885290478,1638.4922875032528
2008_19_ARI_CAR,2008,19,2009-01-10,CAR,ARI,13,33,Home,1582.7461188930454,1512.4287380576075,1543.4269761928867,1551.747880757766
2008_19_BAL_TEN,2008,19,2009-01-10,TEN,BAL,10,13,Home,1651.758929657752,1660.7987395482862,1636.081032266493,1676.4766369395454
2008_19_PHI_NYG,2008,19,2009-01-11,NYG,PHI,11,23,Home,1665.704815755335,1638.4922875032528,1634.7026336438248,1669.494469614763
2008_19_SD_PIT,2008,19,2009-01-11,PIT,LAC,35,24,Home,1660.13599837532,1608.707542771681,1676.1108343662274,1592.7327067807735
2008_20_BAL_PIT,2008,20,2009-01-18,PIT,BAL,23,14,Home,1676.1108343662274,1676.4766369395454,1694.3655674486906,1658.2219038570822
2008_20_PHI_ARI,2008,20,2009-01-18,ARI,PHI,32,25,Home,1551.747880757766,1669.494469614763,1575.114964286837,1646.127386085692
2008_21_PIT_ARI,2008,21,2009-02-01,ARI,PIT,23,27,Neutral,1575.114964286837,1694.3655674486906,1564.89165567364,1704.5888760618877
2009_01_TEN_PIT,2009,1,2009-09-10,PIT,TEN,13,10,Home,1622.7533256371325,1581.6486193598957,1632.0606123887897,1572.3413326082386
2009_01_CHI_GB,2009,1,2009-09-13,GB,CHI,21,15,Home,1502.841805207947,1517.8080024276655,1519.1470126463978,1501.5027949892146
2009_01_DAL_TB,2009,1,2009-09-13,TB,DAL,21,34,Home,1488.4899467543391,1532.2529597617158,1460.7559775671136,1559.9869289489413
2009_01_DEN_CIN,2009,1,2009-09-13,CIN,DEN,7,12,Home,1446.635217282088,1453.1682612397112,1426.271744928788,1473.5317335930113
2009_01_DET_NO,2009,1,2009-09-13,NO,DET,45,27,Home,1513.6116021675145,1345.2835270752353,1524.632352353254,1334.2627768894959
2009_01_JAX_IND,2009,1,2009-09-13,IND,JAX,14,12,Home,1596.7882247674106,1461.1977478062192,1601.6135435681526,1456.3724290054772
2009_01_KC_BAL,2009,1,2009-09-13,BAL,KC,38,24,Home,1594.9331423142494,1367.2188219899094,1602.410872901771,1359.7410914023878
2009_01_MIA_ATL,2009,1,2009-09-13,ATL,MIA,19,7,Home,1519.582397981751,1499.6320699902703,1538.357499717761,1480.8569682542604
2009_01_MIN_CLE,2009,1,2009-09-13,CLE,MIN,20,34,Home,1428.463099353582,1531.2698331174286,1404.7257507305633,1555.0071817404473
2009_01_NYJ_HOU,2009,1,2009-09-13,HOU,NYJ,7,24,Home,1498.8832691393131,1482.9680374580053,1464.6271328485263,1517.224173748792
2009_01_PHI_CAR,2009,1,2009-09-13,CAR,PHI,10,38,Home,1526.056185715732,1587.6764316514152,1492.1078300585634,1621.6247873085838
2009_01_SF_ARI,2009,1,2009-09-13,ARI,SF,16,20,Home,1538.9349934041838,1452.0368915667416,1517.6876997561317,1473.2841852147938
2009_01_STL_SEA,2009,1,2009-09-13,SEA,LA,28,0,Home,1446.2849391999052,1356.384830058899,1464.5786579371854,1338.0911113216189
2009_01_WAS_NYG,2009,1,2009-09-13,NYG,WAS,23,17,Home,1580.8215801862948,1492.3414256839433,1591.4610544865761,1481.701951383662
2009_01_BUF_NE,2009,1,2009-09-14,NE,BUF,25,24,Home,1596.493147982128,1458.3841621144225,1599.5009958050352,1455.3763142915152
2009_01_SD_OAK,2009,1,2009-09-14,LV,LAC,20,24,Home,1423.5158775364848,1555.639624068464,1410.8783583148277,1568.277143290121
2009_02_ARI_JAX,2009,2,2009-09-20,JAX,ARI,17,31,Home,1456.3724290054772,1517.6876997561317,1429.0504962831833,1545.0096324784256
2009_02_BAL_SD,2009,2,2009-09-20,LAC,BAL,26,31,Home,1568.277143290121,1602.410872901771,1549.0417936515234,1621.6462225403686
2009_02_CAR_ATL,2009,2,2009-09-20,ATL,CAR,28,20,Home,1538.357499717761,1492.1078300585634,1552.795084406216,1477.6702453701084
2009_02_CIN_GB,2009,2,2009-09-20,GB,CIN,24,31,Home,1519.1470126463978,1426.271744928788,1491.4891289952905,1453.9296285798953
2009_02_CLE_DEN,2009,2,2009-09-20,DEN,CLE,27,6,Home,1473.5317335930113,1404.7257507305633,1491.9718635282918,1386.2856207952827
2009_02_HOU_TEN,2009,2,2009-09-20,TEN,HOU,31,34,Home,1572.3413326082386,1464.6271328485263,1553.5767596149087,1483.3917058418563
2009_02_MIN_DET,2009,2,2009-09-20,DET,MIN,13,27,Home,1334.2627768894959,1555.0071817404473,1319.6064990925813,1569.6634595373619
2009_02_NE_NYJ,2009,2,2009-09-20,NYJ,NE,16,9,Home,1517.224173748792,1599.5009958050352,1538.8816964657158,1577.8434730881118
2009_02_NO_PHI,2009,2,2009-09-20,PHI,NO,22,48,Home,1621.6247873085838,1524.632352353254,1577.5680875840922,1568.6890520777456
2009_02_NYG_DAL,2009,2,2009-09-20,DAL,NYG,31,33,Home,1559.9869289489413,1591.4610544865761,1548.1247440466423,1603.3232393888752
2009_02_OAK_KC,2009,2,2009-09-20,KC,LV,10,13,Home,1359.7410914023878,1410.8783583148277,1345.415576107345,1425.2038736098705
2009_02_PIT_CHI,2009,2,2009-09-20,CHI,PIT,17,14,Home,1501.5027949892146,1632.0606123887897,1517.4749813122519,1616.0884260657524
2009_02_SEA_SF,2009,2,2009-09-20,SF,SEA,23,10,Home,1473.2841852147938,1464.5786579371854,1493.4820429061592,1444.38080024582
2009_02_STL_WAS,2009,2,2009-09-20,WAS,LA,9,7,Home,1481.701951383662,1338.0911113216189,1486.3444068707693,1333.4486558345116
2009_02_TB_BUF,2009,2,2009-09-20,BUF,TB,33,20,Home,1455.3763142915152,1460.7559775671136,1476.7041813432277,1439.4281105154012
2009_02_IND_MIA,2009,2,2009-09-21,MIA,IND,23,27,Home,1480.8569682542604,1601.6135435681526,1467.657987299697,1614.812524522716
2009_03_ATL_NE,2009,3,2009-09-27,NE,ATL,26,10,Home,1577.8434730881118,1552.795084406216,1598.160985677328,1532.4775718169997
2009_03_CHI_SEA,2009,3,2009-09-27,SEA,CHI,19,25,Home,1444.38080024582,1517.4749813122519,1425.4446234757397,1536.4111580823321
2009_03_CLE_BAL,2009,3,2009-09-27,BAL,CLE,34,3,Home,1621.6462225403686,1386.2856207952827,1630.8379709073447,1377.0938724283067
2009_03_DEN_OAK,2009,3,2009-09-27,LV,DEN,3,23,Home,1425.2038736098705,1491.9718635282918,1394.9378967236405,1522.2378404145218
2009_03_GB_STL,2009,3,2009-09-27,LA,GB,17,36,Home,1333.4486558345116,1491.4891289952905,1312.2248228470798,1512.7129619827222
2009_03_IND_ARI,2009,3,2009-09-27,ARI,IND,10,31,Home,1545.0096324784256,1614.812524522716,1514.5928851193532,1645.2292718817885
2009_03_JAX_HOU,2009,3,2009-09-27,HOU,JAX,24,31,Home,1483.3917058418563,1429.0504962831833,1457.1465394744514,1455.2956626505882
2009_03_KC_PHI,2009,3,2009-09-27,PHI,KC,34,14,Home,1577.5680875840922,1345.415576107345,1585.7807007741822,1337.202962917255
2009_03_MIA_SD,2009,3,2009-09-27,LAC,MIA,23,13,Home,1549.0417936515234,1467.657987299697,1562.5754827094577,1454.1242982417627
2009_03_NO_BUF,2009,3,2009-09-27,BUF,NO,7,27,Home,1476.7041813432277,1568.6890520777456,1448.9591707571394,1596.4340626638339
2009_03_NYG_TB,2009,3,2009-09-27,TB,NYG,0,24,Home,1439.4281105154012,1603.3232393888752,1417.1628506794773,1625.588499224799
2009_03_PIT_CIN,2009,3,2009-09-27,CIN,PIT,23,20,Home,1453.9296285798953,1616.0884260657524,1470.8251333772698,1599.1929212683779
2009_03_SF_MIN,2009,3,2009-09-27,MIN,SF,27,24,Home,1569.6634595373619,1493.4820429061592,1577.6702003989612,1485.4753020445598
2009_03_TEN_NYJ,2009,3,2009-09-27,NYJ,TEN,24,17,Home,1538.8816964657158,1553.5767596149087,1556.2881546463298,1536.1703014342947
2009_03_WAS_DET,2009,3,2009-09-27,DET,WAS,19,14,Home,1319.6064990925813,1486.3444068707693,1341.6083605983852,1464.3425453649654
2009_03_CAR_DAL,2009,3,2009-09-28,DAL,CAR,21,7,Home,1548.1247440466423,1477.6702453701084,1564.1641257217332,1461.6308636950175
2009_04_BAL_NE,2009,4,2009-10-04,NE,BAL,27,21,Home,1598.160985677328,1630.8379709073447,1615.5593299175869,1613.4396266670858
2009_04_BUF_MIA,2009,4,2009-10-04,MIA,BUF,38,10,Home,1454.1242982417627,1448.9591707571394,1480.2545400836443,1422.8289289152578
2009_04_CIN_CLE,2009,4,2009-10-04,CLE,CIN,20,23,Home,1377.0938724283067,1470.8251333772698,1364.5386883383708,1483.3803174672057
2009_04_DAL_DEN,2009,4,2009-10-04,DEN,DAL,17,10,Home,1522.2378404145218,1564.1641257217332,1541.4517776583,1544.950188477955
2009_04_DET_CHI,2009,4,2009-10-04,CHI,DET,48,24,Home,1536.4111580823321,1341.6083605983852,1546.9531663457608,1331.0663523349565
2009_04_NYG_KC,2009,4,2009-10-04,KC,NYG,16,27,Home,1337.202962917255,1625.588499224799,1327.4330652695805,1635.3583968724736
2009_04_NYJ_NO,2009,4,2009-10-04,NO,NYJ,24,10,Home,1596.4340626638339,1556.2881546463298,1614.6880179915916,1538.034199318572
2009_04_OAK_HOU,2009,4,2009-10-04,HOU,LV,29,6,Home,1457.1465394744514,1394.9378967236405,1476.6564854818462,1375.4279507162457
2009_04_SD_PIT,2009,4,2009-10-04,PIT,LAC,38,28,Home,1599.1929212683779,1562.5754827094577,1615.5943367647544,1546.1740672130811
2009_04_SEA_IND,2009,4,2009-10-04,IND,SEA,34,17,Home,1645.2292718817885,1425.4446234757397,1653.5490782576744,1417.1248170998538
2009_04_STL_SF,2009,4,2009-10-04,SF,LA,35,0,Home,1485.4753020445598,1312.2248228470798,1498.5627041148286,1299.137420776811
2009_04_TB_WAS,2009,4,2009-10-04,WAS,TB,16,13,Home,1464.3425453649654,1417.1628506794773,1473.4160877242484,1408.0893083201943
2009_04_TEN_JAX,2009,4,2009-10-04,JAX,TEN,37,17,Home,1455.2956626505882,1536.1703014342947,1486.902919104166,1504.563044980717
2009_04_GB_MIN,2009,4,2009-10-05,MIN,GB,30,23,Home,1577.6702003989612,1512.7129619827222,1590.284892822316,1500.0982695593675
2009_05_ATL_SF,2009,5,2009-10-11,SF,ATL,10,45,Home,1498.5627041148286,1532.4775718169997,1460.073695350231,1570.9665805815973
2009_05_CIN_BAL,2009,5,2009-10-11,BAL,CIN,14,17,Home,1613.4396266670858,1483.3803174672057,1594.2237123506454,1502.596231783646
2009_05_CLE_BUF,2009,5,2009-10-11,BUF,CLE,3,6,Home,1422.8289289152578,1364.5386883383708,1405.2294941851776,1382.138123068451
2009_05_DAL_KC,2009,5,2009-10-11,KC,DAL,20,26,Home,1327.4330652695805,1544.950188477955,1316.7474382446574,1555.6358155028781
2009_05_HOU_ARI,2009,5,2009-10-11,ARI,HOU,28,21,Home,1514.5928851193532,1476.6564854818462,1528.7387185577177,1462.5106520434817
2009_05_IND_TEN,2009,5,2009-10-11,TEN,IND,9,31,Home,1504.563044980717,1653.5490782576744,1481.5228789932985,1676.589244245093
2009_05_JAX_SEA,2009,5,2009-10-11,SEA,JAX,41,0,Home,1417.1248170998538,1486.902919104166,1454.9333881653238,1449.094348038696
2009_05_MIN_STL,2009,5,2009-10-11,LA,MIN,10,38,Home,1299.137420776811,1590.284892822316,1286.077287335302,1603.345026263825
2009_05_NE_DEN,2009,5,2009-10-11,DEN,NE,20,17,Home,1541.4517776583,1615.5593299175869,1555.6193852921197,1601.3917222837672
2009_05_OAK_NYG,2009,5,2009-10-11,NYG,LV,44,7,Home,1635.3583968724736,1375.4279507162457,1643.8202245972066,1366.9661229915127
2009_05_PIT_DET,2009,5,2009-10-11,DET,PIT,20,28,Home,1331.0663523349565,1615.5943367647544,1322.2622812191182,1624.3984078805927
2009_05_TB_PHI,2009,5,2009-10-11,PHI,TB,33,14,Home,1585.7807007741822,1408.0893083201943,1596.4805650863136,1397.3894440080628
2009_05_WAS_CAR,2009,5,2009-10-11,CAR,WAS,20,17,Home,1461.6308636950175,1473.4160877242484,1473.1093002684156,1461.9376511508503
2009_05_NYJ_MIA,2009,5,2009-10-12,MIA,NYJ,31,27,Home,1480.2545400836443,1538.034199318572,1495.9629424474313,1522.3257969547851
2009_06_ARI_SEA,2009,6,2009-10-18,SEA,ARI,3,27,Home,1454.9333881653238,1528.7387185577177,1423.6853080787484,1559.986798644293
2009_06_BAL_MIN,2009,6,2009-10-18,MIN,BAL,33,31,Home,1603.345026263825,1594.2237123506454,1611.7394881544774,1585.829250459993
2009_06_BUF_NYJ,2009,6,2009-10-18,NYJ,BUF,13,16,Home,1522.3257969547851,1405.2294941851776,1503.36590996829,1424.1893811716727
2009_06_CAR_TB,2009,6,2009-10-18,TB,CAR,21,28,Home,1397.3894440080628,1473.1093002684156,1377.3341433765088,1493.1646008999696
2009_06_CHI_ATL,2009,6,2009-10-18,ATL,CHI,21,14,Home,1570.9665805815973,1546.9531663457608,1585.9411452075306,1531.9786017198276
2009_06_CLE_PIT,2009,6,2009-10-18,PIT,CLE,27,14,Home,1624.3984078805927,1382.138123068451,1631.1462009101829,1375.3903300388608
2009_06_DET_GB,2009,6,2009-10-18,GB,DET,26,0,Home,1500.0982695593675,1322.2622812191182,1511.8614683550645,1310.4990824234212
2009_06_HOU_CIN,2009,6,2009-10-18,CIN,HOU,17,28,Home,1502.596231783646,1462.5106520434817,1471.917795438726,1493.1890883884018
2009_06_KC_WAS,2009,6,2009-10-18,WAS,KC,6,14,Home,1461.9376511508503,1316.7474382446574,1431.039653507537,1347.6454358879707
2009_06_NYG_NO,2009,6,2009-10-18,NO,NYG,48,27,Home,1614.6880179915916,1643.8202245972066,1641.9738130260696,1616.5344295627285
2009_06_PHI_OAK,2009,6,2009-10-18,LV,PHI,13,9,Home,1366.9661229915127,1596.4805650863136,1388.5449782501807,1574.9017098276456
2009_06_STL_JAX,2009,6,2009-10-18,JAX,LA,23,20,Home,1449.094348038696,1286.077287335302,1454.421666353684,1280.7499690203138
2009_06_TEN_NE,2009,6,2009-10-18,NE,TEN,59,0,Home,1601.3917222837672,1481.5228789932985,1620.76824830257,1462.1463529744956
2009_06_DEN_SD,2009,6,2009-10-19,LAC,DEN,23,34,Home,1546.1740672130811,1555.6193852921197,1518.0942497331446,1583.6992027720562
2009_07_ARI_NYG,2009,7,2009-10-25,NYG,ARI,17,24,Home,1616.5344295627285,1559.986798644293,1590.2029759595976,1586.318252247424
2009_07_ATL_DAL,2009,7,2009-10-25,DAL,ATL,37,21,Home,1555.6358155028781,1585.9411452075306,1580.751999265692,1560.8249614447168
2009_07_BUF_CAR,2009,7,2009-10-25,CAR,BUF,9,20,Home,1493.1646008999696,1424.1893811716727,1461.1324292484103,1456.221552823232
2009_07_CHI_CIN,2009,7,2009-10-25,CIN,CHI,45,10,Home,1471.917795438726,1531.9786017198276,1507.1644491471316,1496.731948011422
2009_07_GB_CLE,2009,7,2009-10-25,CLE,GB,3,31,Home,1375.3903300388608,1511.8614683550645,1349.392750390359,1537.8590480035664
2009_07_IND_STL,2009,7,2009-10-25,LA,IND,6,42,Home,1280.7499690203138,1676.589244245093,1272.613717098383,1684.7254961670237
2009_07_MIN_PIT,2009,7,2009-10-25,PIT,MIN,27,17,Home,1631.1462009101829,1611.7394881544774,1648.736733252148,1594.1489558125122
2009_07_NE_TB,2009,7,2009-10-25,TB,NE,7,35,Neutral,1377.3341433765088,1620.76824830257,1365.3519789017012,1632.7504127773777
2009_07_NO_MIA,2009,7,2009-10-25,MIA,NO,34,46,Home,1495.9629424474313,1641.9738130260696,1476.8903264357725,1661.0464290377283
2009_07_NYJ_OAK,2009,7,2009-10-25,LV,NYJ,0,38,Home,1388.5449782501807,1503.36590996829,1357.8227858954504,1534.0881023230204
2009_07_SD_KC,2009,7,2009-10-25,KC,LAC,7,37,Home,1347.6454358879707,1518.0942497331446,1324.5273493463253,1541.21233627479
2009_07_SF_HOU,2009,7,2009-10-25,HOU,SF,24,21,Home,1493.1890883884018,1460.073695350231,1502.8089796881877,1450.4538040504451
2009_07_PHI_WAS,2009,7,2009-10-26,WAS,PHI,17,27,Home,1431.039653507537,1574.9017098276456,1413.0565632276005,1592.8848001075821
2009_08_CAR_ARI,2009,8,2009-11-01,ARI,CAR,21,34,Home,1586.318252247424,1461.1324292484103,1549.9169994001757,1497.5336820956586
2009_08_CLE_CHI,2009,8,2009-11-01,CHI,CLE,30,6,Home,1496.731948011422,1349.392750390359,1510.0903128443447,1336.0343855574363
2009_08_DEN_BAL,2009,8,2009-11-01,BAL,DEN,30,7,Home,1585.829250459993,1583.6992027720562,1610.783140907719,1558.7453123243304
2009_08_HOU_BUF,2009,8,2009-11-01,BUF,HOU,10,31,Home,1456.221552823232,1502.8089796881877,1423.9446787414468,1535.085853769973
2009_08_JAX_TEN,2009,8,2009-11-01,TEN,JAX,30,13,Home,1462.1463529744956,1454.421666353684,1484.3527568979205,1432.2152624302591
2009_08_MIA_NYJ,2009,8,2009-11-01,NYJ,MIA,25,30,Home,1534.0881023230204,1476.8903264357725,1511.3776922809006,1499.6007364778923
2009_08_MIN_GB,2009,8,2009-11-01,GB,MIN,26,38,Home,1537.8590480035664,1594.1489558125122,1511.6703495443512,1620.3376542717274
2009_08_NYG_PHI,2009,8,2009-11-01,PHI,NYG,40,17,Home,1592.8848001075821,1590.2029759595976,1617.7854509577885,1565.3023251093912
2009_08_OAK_SD,2009,8,2009-11-01,LAC,LV,24,16,Home,1541.21233627479,1357.8227858954504,1548.8380442788261,1350.1970778914142
2009_08_SEA_DAL,2009,8,2009-11-01,DAL,SEA,38,17,Home,1580.751999265692,1423.6853080787484,1592.984136090899,1411.4531712535413
2009_08_SF_IND,2009,8,2009-11-01,IND,SF,18,14,Home,1684.7254961670237,1450.4538040504451,1689.0186550576857,1446.1606451597831
2009_08_STL_DET,2009,8,2009-11-01,DET,LA,10,17,Home,1310.4990824234212,1272.613717098383,1284.9171273261563,1298.1956721956478
2009_08_ATL_NO,2009,8,2009-11-02,NO,ATL,35,27,Home,1661.0464290377283,1560.8249614447168,1672.436813807772,1549.434576674673
2009_09_ARI_CHI,2009,9,2009-11-08,CHI,ARI,21,41,Home,1510.0903128443447,1549.9169994001757,1477.8123807843701,1582.1949314601502
2009_09_BAL_CIN,2009,9,2009-11-08,CIN,BAL,17,7,Home,1507.1644491471316,1610.783140907719,1533.3383685251342,1584.6092215297163
2009_09_CAR_NO,2009,9,2009-11-08,NO,CAR,30,20,Home,1672.436813807772,1497.5336820956586,1681.1220383627285,1488.8484575407022
2009_09_DAL_PHI,2009,9,2009-11-08,PHI,DAL,16,20,Home,1617.7854509577885,1592.984136090899,1598.4121925159836,1612.357394532704
2009_09_DET_SEA,2009,9,2009-11-08,SEA,DET,32,20,Home,1411.4531712535413,1284.9171273261563,1423.2158103080178,1273.1544882716798
2009_09_GB_TB,2009,9,2009-11-08,TB,GB,38,28,Home,1365.3519789017012,1511.6703495443512,1393.7917761082576,1483.2305523377947
2009_09_HOU_IND,2009,9,2009-11-08,IND,HOU,20,17,Home,1689.0186550576857,1535.085853769973,1694.5896281917949,1529.5148806358638
2009_09_KC_JAX,2009,9,2009-11-08,JAX,KC,24,21,Home,1432.2152624302591,1324.5273493463253,1439.1592025187454,1317.583409257839
2009_09_MIA_NE,2009,9,2009-11-08,NE,MIA,27,17,Home,1632.7504127773777,1499.6007364778923,1643.4061988741278,1488.9449503811422
2009_09_SD_NYG,2009,9,2009-11-08,NYG,LAC,20,21,Home,1565.3023251093912,1548.8380442788261,1557.079247396501,1557.0611219917164
2009_09_TEN_SF,2009,9,2009-11-08,SF,TEN,27,34,Home,1446.1606451597831,1484.3527568979205,1424.0345392015959,1506.4788628561078
2009_09_WAS_ATL,2009,9,2009-11-08,ATL,WAS,31,17,Home,1549.434576674673,1413.0565632276005,1561.2840204602371,1401.2071194420364
2009_09_PIT_DEN,2009,9,2009-11-09,DEN,PIT,10,28,Home,1558.7453123243304,1648.736733252148,1531.7222195520806,1675.7598260243979
2009_10_CHI_SF,2009,10,2009-11-12,SF,CHI,10,6,Home,1424.0345392015959,1477.8123807843701,1439.5302079842652,1462.3167120017008
2009_10_ATL_CAR,2009,10,2009-11-15,CAR,ATL,28,19,Home,1488.8484575407022,1561.2840204602371,1512.2877954077953,1537.844682593144
2009_10_BUF_TEN,2009,10,2009-11-15,TEN,BUF,41,17,Home,1506.4788628561078,1423.9446787414468,1524.5533081897333,1405.8702334078212
2009_10_CIN_PIT,2009,10,2009-11-15,PIT,CIN,12,18,Home,1675.7598260243979,1533.3383685251342,1648.46514332565,1560.6330512238821
2009_10_DAL_GB,2009,10,2009-11-15,GB,DAL,17,7,Home,1483.2305523377947,1612.357394532704,1510.7826587904872,1584.8052880800115
2009_10_DEN_WAS,2009,10,2009-11-15,WAS,DEN,27,17,Home,1401.2071194420364,1531.7222195520806,1428.8322200981781,1504.0971188959388
2009_10_DET_MIN,2009,10,2009-11-15,MIN,DET,27,10,Home,1620.3376542717274,1273.1544882716798,1624.4894354809417,1269.0027070624656
2009_10_JAX_NYJ,2009,10,2009-11-15,NYJ,JAX,22,24,Home,1511.3776922809006,1439.1592025187454,1497.1522663266137,1453.3846284730323
2009_10_KC_OAK,2009,10,2009-11-15,LV,KC,10,16,Home,1350.1970778914142,1317.583409257839,1326.4633602921863,1341.317126857067
2009_10_NE_IND,2009,10,2009-11-15,IND,NE,35,34,Home,1694.5896281917949,1643.4061988741278,1699.0503267823694,1638.9455002835532
2009_10_NO_STL,2009,10,2009-11-15,LA,NO,23,28,Home,1298.1956721956478,1681.1220383627285,1293.867858799419,1685.4498517589573
2009_10_PHI_SD,2009,10,2009-11-15,LAC,PHI,31,23,Home,1557.0611219917164,1598.4121925159836,1577.322288714601,1578.151025793099
2009_10_SEA_ARI,2009,10,2009-11-15,ARI,SEA,31,20,Home,1582.1949314601502,1423.2158103080178,1591.9363141415754,1413.4744276265926
2009_10_TB_MIA,2009,10,2009-11-15,MIA,TB,25,23,Home,1488.9449503811422,1393.7917761082576,1494.7732590774303,1387.9634674119695
2009_10_BAL_CLE,2009,10,2009-11-16,CLE,BAL,0,16,Home,1336.0343855574363,1584.6092215297163,1322.5444641569752,1598.0991429301773
2009_11_MIA_CAR,2009,11,2009-11-19,CAR,MIA,17,24,Home,1512.2877954077953,1494.7732590774303,1487.5725793588888,1519.4884751263369
2009_11_ARI_STL,2009,11,2009-11-22,LA,ARI,13,21,Home,1293.867858799419,1591.9363141415754,1285.6332303669153,1600.1709425740792
2009_11_ATL_NYG,2009,11,2009-11-22,NYG,ATL,34,31,Home,1557.079247396501,1537.844682593144,1567.2558628485924,1527.6680671410525
2009_11_BUF_JAX,2009,11,2009-11-22,JAX,BUF,18,15,Home,1453.3846284730323,1405.8702334078212,1462.4453936156099,1396.8094682652436
2009_11_CIN_OAK,2009,11,2009-11-22,LV,CIN,20,17,Home,1326.4633602921863,1560.6330512238821,1345.1519628681053,1541.944448647963
2009_11_CLE_DET,2009,11,2009-11-22,DET,CLE,38,37,Home,1269.0027070624656,1322.5444641569752,1275.6709353326848,1315.876235886756
2009_11_IND_BAL,2009,11,2009-11-22,BAL,IND,15,17,Home,1598.0991429301773,1699.0503267823694,1588.4042074258884,1708.7452622866583
2009_11_NO_TB,2009,11,2009-11-22,TB,NO,7,38,Home,1387.9634674119695,1685.4498517589573,1374.9371354316768,1698.47618373925
2009_11_NYJ_NE,2009,11,2009-11-22,NE,NYJ,31,14,Home,1638.9455002835532,1497.1522663266137,1651.2672818156902,1484.8304847944767
2009_11_PHI_CHI,2009,11,2009-11-22,CHI,PHI,20,24,Home,1462.3167120017008,1578.151025793099,1448.8711670980274,1591.5965706967725
2009_11_PIT_KC,2009,11,2009-11-22,KC,PIT,27,24,Home,1341.317126857067,1648.46514332565,1361.3289258671243,1628.4533443155926
2009_11_SD_DEN,2009,11,2009-11-22,DEN,LAC,3,32,Home,1504.0971188959388,1577.322288714601,1471.0138809248897,1610.4055266856499
2009_11_SEA_MIN,2009,11,2009-11-22,MIN,SEA,35,9,Home,1624.4894354809417,1413.4744276265926,1634.41933333515,1403.5445297723843
2009_11_SF_GB,2009,11,2009-11-22,GB,SF,30,24,Home,1510.7826587904872,1439.5302079842652,1522.2678071690646,1428.0450596056878
2009_11_WAS_DAL,2009,11,2009-11-22,DAL,WAS,7,6,Home,1584.8052880800115,1428.8322200981781,1587.563044934369,1426.0744632438207
2009_11_TEN_HOU,2009,11,2009-11-23,HOU,TEN,17,20,Home,1529.5148806358638,1524.5533081897333,1513.4097015810087,1540.6584872445885
2009_12_GB_DET,2009,12,2009-11-26,DET,GB,12,34,Home,1275.6709353326848,1522.2678071690646,1260.6027572683372,1537.3359852334122
2009_12_NYG_DEN,2009,12,2009-11-26,DEN,NYG,26,6,Home,1471.0138809248897,1567.2558628485924,1503.724909018631,1534.544834754851
2009_12_OAK_DAL,2009,12,2009-11-26,DAL,LV,24,7,Home,1587.563044934369,1345.1519628681053,1594.947499598064,1337.7675082044102
2009_12_ARI_TEN,2009,12,2009-11-29,TEN,ARI,20,17,Home,1540.6584872445885,1600.1709425740792,1554.2685437753457,1586.560886043322
2009_12_CAR_NYJ,2009,12,2009-11-29,NYJ,CAR,17,6,Home,1484.8304847944767,1487.5725793588888,1504.711230108521,1467.6918340448444
2009_12_CHI_MIN,2009,12,2009-11-29,MIN,CHI,36,10,Home,1634.41933333515,1448.8711670980274,1645.733671341185,1437.5568290919923
2009_12_CLE_CIN,2009,12,2009-11-29,CIN,CLE,16,7,Home,1541.944448647963,1315.876235886756,1548.3577936074541,1309.4628909272649
2009_12_IND_HOU,2009,12,2009-11-29,HOU,IND,27,35,Home,1513.4097015810087,1708.7452622866583,1500.102348390784,1722.052615476883
2009_12_JAX_SF,2009,12,2009-11-29,SF,JAX,20,3,Home,1428.0450596056878,1462.4453936156099,1454.0480303551522,1436.4424228661455
2009_12_KC_SD,2009,12,2009-11-29,LAC,KC,43,14,Home,1610.4055266856499,1361.3289258671243,1618.7917515781407,1352.9427009746335
2009_12_MIA_BUF,2009,12,2009-11-29,BUF,MIA,31,14,Home,1396.8094682652436,1519.4884751263369,1429.6080870386163,1486.6898563529642
2009_12_PIT_BAL,2009,12,2009-11-29,BAL,PIT,20,17,Home,1588.4042074258884,1628.4533443155926,1601.1289850612072,1615.7285666802738
2009_12_SEA_STL,2009,12,2009-11-29,LA,SEA,17,27,Home,1285.6332303669153,1403.5445297723843,1265.7561393237195,1423.4216208155801
2009_12_TB_ATL,2009,12,2009-11-29,ATL,TB,20,17,Home,1527.6680671410525,1374.9371354316768,1533.2719103198447,1369.3332922528846
2009_12_WAS_PHI,2009,12,2009-11-29,PHI,WAS,27,24,Home,1591.5965706967725,1426.0744632438207,1596.858181196973,1420.8128527436202
2009_12_NE_NO,2009,12,2009-11-30,NO,NE,38,17,Home,1698.47618373925,1651.2672818156902,1718.7051175345166,1631.0383480204237
2009_13_NYJ_BUF,2009,13,2009-12-03,BUF,NYJ,13,19,Home,1429.6080870386163,1504.711230108521,1410.8010491555417,1523.5182679915956
2009_13_DAL_NYG,2009,13,2009-12-06,NYG,DAL,31,24,Home,1534.544834754851,1594.947499598064,1555.0213208176747,1574.4710135352404
2009_13_DEN_KC,2009,13,2009-12-06,KC,DEN,13,44,Home,1352.9427009746335,1503.724909018631,1327.6584227724984,1529.009187220766
2009_13_DET_CIN,2009,13,2009-12-06,CIN,DET,23,13,Home,1548.3577936074541,1260.6027572683372,1553.1532069101188,1255.8073439656725
2009_13_HOU_JAX,2009,13,2009-12-06,JAX,HOU,23,18,Home,1436.4424228661455,1500.102348390784,1454.280043606595,1482.2647276503346
2009_13_MIN_ARI,2009,13,2009-12-06,ARI,MIN,30,17,Home,1586.560886043322,1645.733671341185,1612.4403284816885,1619.8542289028185
2009_13_NE_MIA,2009,13,2009-12-06,MIA,NE,22,21,Home,1486.6898563529642,1631.0383480204237,1494.8819322765912,1622.8462720967966
2009_13_NO_WAS,2009,13,2009-12-06,WAS,NO,30,33,Home,1420.8128527436202,1718.7051175345166,1415.6128254594978,1723.905144818639
2009_13_OAK_PIT,2009,13,2009-12-06,PIT,LV,24,27,Home,1615.7285666802738,1337.7675082044102,1594.6667600188698,1358.8293148658142
2009_13_PHI_ATL,2009,13,2009-12-06,ATL,PHI,7,34,Home,1533.2719103198447,1596.858181196973,1499.835763455132,1630.2943280616855
2009_13_SD_CLE,2009,13,2009-12-06,CLE,LAC,23,30,Home,1309.4628909272649,1618.7917515781407,1302.096649671512,1626.1579928338936
2009_13_SF_SEA,2009,13,2009-12-06,SEA,SF,20,17,Home,1423.4216208155801,1454.0480303551522,1435.7252531767651,1441.7443979939671
2009_13_STL_CHI,2009,13,2009-12-06,CHI,LA,17,9,Home,1437.5568290919923,1265.7561393237195,1445.6396880877155,1257.6732803279963
2009_13_TB_CAR,2009,13,2009-12-06,CAR,TB,16,6,Home,1467.6918340448444,1369.3332922528846,1480.2287528126844,1356.7963734850446
2009_13_TEN_IND,2009,13,2009-12-06,IND,TEN,27,17,Home,1722.052615476883,1554.2685437753457,1731.0520259381506,1545.269133314078
2009_13_BAL_GB,2009,13,2009-12-07,GB,BAL,27,14,Home,1537.3359852334122,1601.1289850612072,1563.6204567481518,1574.8445135464676
2009_14_PIT_CLE,2009,14,2009-12-10,CLE,PIT,13,6,Home,1302.096649671512,1594.6667600188698,1331.7781140086875,1564.9852956816944
2009_14_BUF_KC,2009,14,2009-12-13,KC,BUF,10,16,Home,1327.6584227724984,1410.8010491555417,1309.3653834830852,1429.0940884449549
2009_14_CAR_NE,2009,14,2009-12-13,NE,CAR,20,10,Home,1622.8462720967966,1480.2287528126844,1633.0279708747048,1470.0470540347762
2009_14_CIN_MIN,2009,14,2009-12-13,MIN,CIN,30,10,Home,1619.8542289028185,1553.1532069101188,1638.1841422122461,1534.8232936006912
2009_14_DEN_IND,2009,14,2009-12-13,IND,DEN,28,16,Home,1731.0520259381506,1529.009187220766,1739.1463291102687,1520.914884048648
2009_14_DET_BAL,2009,14,2009-12-13,BAL,DET,48,3,Home,1574.8445135464676,1255.8073439656725,1581.2851636173345,1249.3666938948056
2009_14_GB_CHI,2009,14,2009-12-13,CHI,GB,14,21,Home,1445.6396880877155,1563.6204567481518,1428.406883172814,1580.8532616630532
2009_14_MIA_JAX,2009,14,2009-12-13,JAX,MIA,10,14,Home,1454.280043606595,1494.8819322765912,1437.2462223903835,1511.9157534928027
2009_14_NO_ATL,2009,14,2009-12-13,ATL,NO,23,26,Home,1499.835763455132,1723.905144818639,1492.444992304826,1731.295915968945
2009_14_NYJ_TB,2009,14,2009-12-13,TB,NYJ,3,26,Home,1356.7963734850446,1523.5182679915956,1335.068114211444,1545.2465272651962
2009_14_PHI_NYG,2009,14,2009-12-13,NYG,PHI,38,45,Home,1555.0213208176747,1630.2943280616855,1534.9353697899544,1650.3802790894058
2009_14_SD_DAL,2009,14,2009-12-13,DAL,LAC,17,20,Home,1574.4710135352404,1626.1579928338936,1560.163708957142,1640.465297411992
2009_14_SEA_HOU,2009,14,2009-12-13,HOU,SEA,34,7,Home,1482.2647276503346,1435.7252531767651,1504.1334148438818,1413.856565983218
2009_14_STL_TEN,2009,14,2009-12-13,TEN,LA,47,7,Home,1545.269133314078,1257.6732803279963,1552.7021744688543,1250.24023917322
2009_14_WAS_OAK,2009,14,2009-12-13,LV,WAS,13,34,Home,1358.8293148658142,1415.6128254594978,1327.305760420454,1447.1363799048581
2009_14_ARI_SF,2009,14,2009-12-14,SF,ARI,24,9,Home,1441.7443979939671,1612.4403284816885,1476.0079174932732,1578.1768089823825
2009_15_IND_JAX,2009,15,2009-12-17,JAX,IND,31,35,Home,1437.2462223903835,1739.1463291102687,1431.328574153029,1745.0639773476232
2009_15_DAL_NO,2009,15,2009-12-19,NO,DAL,17,24,Home,1731.295915968945,1560.163708957142,1701.4134006487927,1590.0462242772944
2009_15_ARI_DET,2009,15,2009-12-20,DET,ARI,24,31,Home,1249.3666938948056,1578.1768089823825,1242.6946688493676,1584.8488340278204
2009_15_ATL_NYJ,2009,15,2009-12-20,NYJ,ATL,7,10,Home,1545.2465272651962,1492.444992304826,1527.7901416400446,1509.9013779299776
2009_15_CHI_BAL,2009,15,2009-12-20,BAL,CHI,31,7,Home,1581.2851636173345,1428.406883172814,1594.2875089370204,1415.4045378531282
2009_15_CIN_SD,2009,15,2009-12-20,LAC,CIN,27,24,Home,1640.465297411992,1534.8232936006912,1647.4751339069335,1527.8134571057496
2009_15_CLE_KC,2009,15,2009-12-20,KC,CLE,34,41,Home,1309.3653834830852,1331.7781140086875,1286.4778149711601,1354.6656825206126
2009_15_GB_PIT,2009,15,2009-12-20,PIT,GB,37,36,Home,1564.9852956816944,1580.8532616630532,1570.8129004615314,1575.0256568832162
2009_15_HOU_STL,2009,15,2009-12-20,LA,HOU,13,16,Home,1250.24023917322,1504.1334148438818,1243.8028097488184,1510.5708442682835
2009_15_MIA_TEN,2009,15,2009-12-20,TEN,MIA,27,24,Home,1552.7021744688543,1511.9157534928027,1562.021802760323,1502.596125201334
2009_15_MIN_CAR,2009,15,2009-12-20,CAR,MIN,26,7,Home,1470.0470540347762,1638.1841422122461,1506.916494634611,1601.3147016124115
2009_15_NE_BUF,2009,15,2009-12-20,BUF,NE,10,17,Home,1429.0940884449549,1633.0279708747048,1416.9644322373213,1645.1576270823384
2009_15_OAK_DEN,2009,15,2009-12-20,DEN,LV,19,20,Home,1520.914884048648,1327.305760420454,1510.7940926566423,1337.4265518124596
2009_15_SF_PHI,2009,15,2009-12-20,PHI,SF,27,13,Home,1650.3802790894058,1476.0079174932732,1660.2150018999607,1466.1731946827183
2009_15_TB_SEA,2009,15,2009-12-20,SEA,TB,7,24,Home,1413.856565983218,1335.068114211444,1376.0978882023812,1372.8267919922807
2009_15_NYG_WAS,2009,15,2009-12-21,WAS,NYG,12,45,Home,1447.1363799048581,1534.9353697899544,1414.5214777697595,1567.550271925053
2009_16_SD_TEN,2009,16,2009-12-25,TEN,LAC,17,42,Home,1562.021802760323,1647.4751339069335,1531.6391141578572,1677.8578225093993
2009_16_BAL_PIT,2009,16,2009-12-27,PIT,BAL,23,20,Home,1570.8129004615314,1594.2875089370204,1582.800525603291,1582.299883795261
2009_16_BUF_ATL,2009,16,2009-12-27,ATL,BUF,31,3,Home,1509.9013779299776,1416.9644322373213,1527.94584515307,1398.9199650142289
2009_16_CAR_NYG,2009,16,2009-12-27,NYG,CAR,9,41,Home,1567.550271925053,1506.916494634611,1523.0090023625803,1551.4577641970836
2009_16_DAL_WAS,2009,16,2009-12-27,WAS,DAL,0,17,Home,1414.5214777697595,1590.0462242772944,1395.4714345694435,1609.0962674776104
2009_16_DEN_PHI,2009,16,2009-12-27,PHI,DEN,30,27,Home,1660.2150018999607,1510.7940926566423,1665.9101404692233,1505.0989540873798
2009_16_DET_SF,2009,16,2009-12-27,SF,DET,20,6,Home,1466.1731946827183,1242.6946688493676,1473.819017278815,1235.048846253271
2009_16_HOU_MIA,2009,16,2009-12-27,MIA,HOU,20,27,Home,1502.596125201334,1510.5708442682835,1479.0298547364087,1534.1371147332088
2009_16_JAX_NE,2009,16,2009-12-27,NE,JAX,35,7,Home,1645.1576270823384,1431.328574153029,1655.1557089396704,1421.330492295697
2009_16_KC_CIN,2009,16,2009-12-27,CIN,KC,17,10,Home,1527.8134571057496,1286.4778149711601,1533.1565641435434,1281.1347079333664
2009_16_NYJ_IND,2009,16,2009-12-27,IND,NYJ,15,29,Home,1745.0639773476232,1527.7901416400446,1704.959730507761,1567.8943884799069
2009_16_OAK_CLE,2009,16,2009-12-27,CLE,LV,23,9,Home,1354.6656825206126,1337.4265518124596,1374.7041661691821,1317.38806816389
2009_16_SEA_GB,2009,16,2009-12-27,GB,SEA,48,10,Home,1575.0256568832162,1376.0978882023812,1586.7733451795582,1364.3501999060393
2009_16_STL_ARI,2009,16,2009-12-27,ARI,LA,31,10,Home,1584.8488340278204,1243.8028097488184,1589.4452611937925,1239.2063825828463
2009_16_TB_NO,2009,16,2009-12-27,NO,TB,17,20,Home,1701.4134006487927,1372.8267919922807,1680.1059055943563,1394.1342870467172
2009_16_MIN_CHI,2009,16,2009-12-28,CHI,MIN,36,30,Home,1415.4045378531282,1601.3147016124115,1440.0218488030403,1576.6973906624994
2009_17_ATL_TB,2009,17,2010-01-03,TB,ATL,10,20,Home,1394.1342870467172,1527.94584515307,1375.4284430134671,1546.65168918632
2009_17_BAL_OAK,2009,17,2010-01-03,LV,BAL,13,21,Home,1317.38806816389,1582.299883795261,1307.7059968526348,1591.9819551065161
2009_17_CHI_DET,2009,17,2010-01-03,DET,CHI,23,37,Home,1235.048846253271,1440.0218488030403,1219.3245347873453,1455.746160268966
2009_17_CIN_NYJ,2009,17,2010-01-03,NYJ,CIN,37,0,Home,1567.8943884799069,1533.1565641435434,1592.9688217782693,1508.082130845181
2009_17_GB_ARI,2009,17,2010-01-03,ARI,GB,7,33,Home,1589.4452611937925,1586.7733451795582,1551.320106703767,1624.8984996695838
2009_17_IND_BUF,2009,17,2010-01-03,BUF,IND,30,7,Home,1398.9199650142289,1704.959730507761,1444.759150191616,1659.1205453303737
2009_17_JAX_CLE,2009,17,2010-01-03,CLE,JAX,23,17,Home,1374.7041661691821,1421.330492295697,1392.9825023012306,1403.0521561636485
2009_17_KC_DEN,2009,17,2010-01-03,DEN,KC,24,44,Home,1505.0989540873798,1281.1347079333664,1459.8517331509638,1326.3819288697823
2009_17_NE_HOU,2009,17,2010-01-03,HOU,NE,34,27,Home,1534.1371147332088,1655.1557089396704,1557.6566737544194,1631.6361499184598
2009_17_NO_CAR,2009,17,2010-01-03,CAR,NO,23,10,Home,1551.4577641970836,1680.1059055943563,1581.7530939793726,1649.8105758120673
2009_17_NYG_MIN,2009,17,2010-01-03,MIN,NYG,44,7,Home,1576.6973906624994,1523.0090023625803,1599.859081005421,1499.8473120196586
2009_17_PHI_DAL,2009,17,2010-01-03,DAL,PHI,24,0,Home,1609.0962674776104,1665.9101404692233,1640.410230222256,1634.5961777245777
2009_17_PIT_MIA,2009,17,2010-01-03,MIA,PIT,24,30,Home,1479.0298547364087,1582.800525603291,1462.0327842733236,1599.797596066376
2009_17_SF_STL,2009,17,2010-01-03,LA,SF,6,28,Home,1239.2063825828463,1473.819017278815,1223.276305810714,1489.7490940509474
2009_17_TEN_SEA,2009,17,2010-01-03,SEA,TEN,13,17,Home,1364.3501999060393,1531.6391141578572,1353.372285198863,1542.6170288650335
2009_17_WAS_SD,2009,17,2010-01-03,LAC,WAS,23,20,Home,1677.8578225093993,1395.4714345694435,1680.7128384779935,1392.6164186008493
2009_18_NYJ_CIN,2009,18,2010-01-09,CIN,NYJ,14,24,Home,1508.082130845181,1592.9688217782693,1485.676731878819,1615.3742207446312
2009_18_PHI_DAL,2009,18,2010-01-09,DAL,PHI,34,14,Home,1640.410230222256,1634.5961777245777,1663.9761125274097,1611.030295419424
2009_18_BAL_NE,2009,18,2010-01-10,NE,BAL,14,33,Home,1631.6361499184598,1591.9819551065161,1594.676641627082,1628.9414633978938
2009_18_GB_ARI,2009,18,2010-01-10,ARI,GB,51,45,Home,1551.320106703767,1624.8984996695838,1571.1821201269659,1605.0364862463848
2009_19_ARI_NO,2009,19,2010-01-16,NO,ARI,45,14,Home,1649.8105758120673,1571.1821201269659,1669.6119512939401,1551.380744645093
2009_19_BAL_IND,2009,19,2010-01-16,IND,BAL,20,3,Home,1659.1205453303737,1628.9414633978938,1679.420240189545,1608.6417685387223
2009_19_DAL_MIN,2009,19,2010-01-17,MIN,DAL,34,3,Home,1599.859081005421,1663.9761125274097,1634.414493650678,1629.4206998821528
2009_19_NYJ_SD,2009,19,2010-01-17,LAC,NYJ,14,17,Home,1680.7128384779935,1615.3742207446312,1662.933586887827,1633.1534723347977
2009_20_MIN_NO,2009,20,2010-01-24,NO,MIN,31,28,Home,1669.6119512939401,1634.414493650678,1679.1498139596083,1624.8766309850098
2009_20_NYJ_IND,2009,20,2010-01-24,IND,NYJ,30,17,Home,1679.420240189545,1633.1534723347977,1696.7597859534926,1615.81392657085
2009_21_NO_IND,2009,21,2010-02-07,IND,NO,17,31,Neutral,1696.7597859534926,1679.1498139596083,1668.5338031646413,1707.3757967484596
2010_01_MIN_NO,2010,1,2010-09-09,NO,MIN,14,9,Home,1624.4254780490758,1574.9259785910058,1636.0386831488388,1563.3127734912428
2010_01_ARI_STL,2010,1,2010-09-12,LA,ARI,13,17,Home,1333.9657834864283,1530.8284467870558,1324.2827788564373,1540.5114514170468
2010_01_ATL_PIT,2010,1,2010-09-12,PIT,ATL,15,9,Home,1559.8785576398254,1527.991013511792,1573.4499421753117,1514.4196289763058
2010_01_CAR_NYG,2010,1,2010-09-12,NYG,CAR,31,18,Home,1499.9083872117951,1549.0518563876235,1524.9151264684551,1524.0451171309635
2010_01_CIN_NE,2010,1,2010-09-12,NE,CIN,38,24,Home,1556.8059849762492,1491.4060391272915,1573.2025399231215,1475.0094841804191
2010_01_CLE_TB,2010,1,2010-09-12,TB,CLE,17,14,Home,1425.2570658080804,1435.7895013807383,1436.6814973640269,1424.3650698247918
2010_01_DAL_WAS,2010,1,2010-09-12,WAS,DAL,13,7,Home,1435.5698511605096,1577.6524199292917,1458.4741982261028,1554.7480728636986
2010_01_DEN_JAX,2010,1,2010-09-12,JAX,DEN,24,17,Home,1441.8312936981893,1475.9110398905782,1460.517340985439,1457.2249926033285
2010_01_DET_CHI,2010,1,2010-09-12,CHI,DET,19,14,Home,1473.4476961613796,1331.5947208724072,1481.0838417024727,1323.958575331314
2010_01_GB_PHI,2010,1,2010-09-12,PHI,GB,20,27,Home,1566.6181772516543,1563.021891747831,1542.522044029362,1587.1180249701233
2010_01_IND_HOU,2010,1,2010-09-12,HOU,IND,34,24,Home,1534.5940042526518,1601.1202818987847,1558.6615981717187,1577.0526879797178
2010_01_MIA_BUF,2010,1,2010-09-12,BUF,MIA,10,15,Home,1466.8554901149696,1477.219670563994,1446.6451828275162,1497.4299778514473
2010_01_OAK_TEN,2010,1,2010-09-12,TEN,LV,38,13,Home,1525.57021731902,1384.623598111581,1539.5165045486453,1370.6773108819557
2010_01_SF_SEA,2010,1,2010-09-12,SEA,SF,31,6,Home,1412.0233711193177,1493.8494564305684,1445.9217175532065,1459.9511099966796
2010_01_BAL_NYJ,2010,1,2010-09-13,NYJ,BAL,9,10,Home,1569.48835594251,1565.1850611232335,1561.4456643248125,1573.227752740931
2010_01_SD_KC,2010,1,2010-09-13,KC,LAC,21,14,Home,1395.8291573218694,1597.760152132696,1422.7442857088556,1570.8450237457098
2010_02_ARI_ATL,2010,2,2010-09-19,ATL,ARI,41,7,Home,1514.4196289763058,1540.5114514170468,1545.4592009030453,1509.4718794903074
2010_02_BAL_CIN,2010,2,2010-09-19,CIN,BAL,15,10,Home,1475.0094841804191,1573.227752740931,1494.3430549982188,1553.8941819231313
2010_02_BUF_GB,2010,2,2010-09-19,GB,BUF,34,7,Home,1587.1180249701233,1446.6451828275162,1601.4141637712953,1432.3490440263442
2010_02_CHI_DAL,2010,2,2010-09-19,DAL,CHI,20,27,Home,1554.7480728636986,1481.0838417024727,1527.7691797612936,1508.0627348048777
2010_02_HOU_WAS,2010,2,2010-09-19,WAS,HOU,27,30,Home,1458.4741982261028,1558.6615981717187,1446.2066877567815,1570.9291086410399
2010_02_JAX_SD,2010,2,2010-09-19,LAC,JAX,38,13,Home,1570.8450237457098,1460.517340985439,1586.9665004255546,1444.3958643055942
2010_02_KC_CLE,2010,2,2010-09-19,CLE,KC,14,16,Home,1424.3650698247918,1422.7442857088556,1411.6818764776294,1435.427479056018
2010_02_MIA_MIN,2010,2,2010-09-19,MIN,MIA,10,14,Home,1563.3127734912428,1497.4299778514473,1542.655797151646,1518.086954191044
2010_02_NE_NYJ,2010,2,2010-09-19,NYJ,NE,28,14,Home,1561.4456643248125,1573.2025399231215,1583.8657726525992,1550.7824315953349
2010_02_NYG_IND,2010,2,2010-09-19,IND,NYG,38,14,Home,1577.0526879797178,1524.9151264684551,1597.6838667325646,1504.2839477156083
2010_02_PHI_DET,2010,2,2010-09-19,DET,PHI,32,35,Home,1323.958575331314,1542.522044029362,1316.3817009465818,1550.0989184140942
2010_02_PIT_TEN,2010,2,2010-09-19,TEN,PIT,11,19,Home,1539.5165045486453,1573.4499421753117,1515.9180292627173,1597.0484174612398
2010_02_SEA_DEN,2010,2,2010-09-19,DEN,SEA,31,14,Home,1457.2249926033285,1445.9217175532065,1479.121597865525,1424.02511229101
2010_02_STL_OAK,2010,2,2010-09-19,LV,LA,16,14,Home,1370.6773108819557,1324.2827788564373,1377.89170957921,1317.0683801591829
2010_02_TB_CAR,2010,2,2010-09-19,CAR,TB,7,20,Home,1524.0451171309635,1436.6814973640269,1489.1845464151324,1471.542068079858
2010_02_NO_SF,2010,2,2010-09-20,SF,NO,22,25,Home,1459.9511099966796,1636.0386831488388,1450.8358021507058,1645.1539909948126
2010_03_ATL_NO,2010,3,2010-09-26,NO,ATL,24,27,Home,1645.1539909948126,1545.4592009030453,1626.5630029506867,1564.0501889471711
2010_03_BUF_NE,2010,3,2010-09-26,NE,BUF,38,30,Home,1550.7824315953349,1432.3490440263442,1561.2511313676775,1421.8803442540016
2010_03_CIN_CAR,2010,3,2010-09-26,CAR,CIN,7,20,Home,1489.1845464151324,1494.3430549982188,1459.110965497378,1524.4166359159733
2010_03_CLE_BAL,2010,3,2010-09-26,BAL,CLE,24,17,Home,1553.8941819231313,1411.6818764776294,1562.7410042146892,1402.8350541860716
2010_03_DAL_HOU,2010,3,2010-09-26,HOU,DAL,13,27,Home,1570.9291086410399,1527.7691797612936,1537.3321246295563,1561.366163772777
2010_03_DET_MIN,2010,3,2010-09-26,MIN,DET,24,10,Home,1542.655797151646,1316.3817009465818,1550.1903267795026,1308.8471713187253
2010_03_IND_DEN,2010,3,2010-09-26,DEN,IND,13,27,Home,1479.121597865525,1597.6838667325646,1456.728383964549,1620.0770806335406
2010_03_NYJ_MIA,2010,3,2010-09-26,MIA,NYJ,23,31,Home,1518.086954191044,1583.8657726525992,1496.1717199315376,1605.7810069121056
2010_03_OAK_ARI,2010,3,2010-09-26,ARI,LV,24,23,Home,1509.4718794903074,1377.89170957921,1512.5752614299074,1374.78832763961
2010_03_PHI_JAX,2010,3,2010-09-26,JAX,PHI,3,28,Home,1444.3958643055942,1550.0989184140942,1416.1373060949984,1578.35747662469
2010_03_PIT_TB,2010,3,2010-09-26,TB,PIT,13,38,Home,1471.542068079858,1597.0484174612398,1445.3001728006125,1623.2903127404852
2010_03_SD_SEA,2010,3,2010-09-26,SEA,LAC,27,20,Home,1424.02511229101,1586.9665004255546,1449.4012238829494,1561.5903888336152
2010_03_SF_KC,2010,3,2010-09-26,KC,SF,31,10,Home,1435.427479056018,1450.8358021507058,1461.3707789490495,1424.8925022576743
2010_03_TEN_NYG,2010,3,2010-09-26,NYG,TEN,10,29,Home,1504.2839477156083,1515.9180292627173,1470.578642488794,1549.6233344895315
2010_03_WAS_STL,2010,3,2010-09-26,LA,WAS,30,16,Home,1317.0683801591829,1446.2066877567815,1348.1848860658529,1415.0901818501115
2010_03_GB_CHI,2010,3,2010-09-27,CHI,GB,20,17,Home,1508.0627348048777,1601.4141637712953,1522.8636777388133,1586.6132208373597
2010_04_ARI_SD,2010,4,2010-10-03,LAC,ARI,41,10,Home,1561.5903888336152,1512.5752614299074,1584.0994016216325,1490.06624864189
2010_04_BAL_PIT,2010,4,2010-10-03,PIT,BAL,14,17,Home,1623.2903127404852,1562.7410042146892,1605.6327664997755,1580.398550455399
2010_04_CAR_NO,2010,4,2010-10-03,NO,CAR,16,14,Home,1626.5630029506867,1459.110965497378,1630.6929576226264,1454.9810108254383
2010_04_CHI_NYG,2010,4,2010-10-03,NYG,CHI,17,3,Home,1470.578642488794,1522.8636777388133,1496.5186113128052,1496.923708914802
2010_04_CIN_CLE,2010,4,2010-10-03,CLE,CIN,23,20,Home,1402.8350541860716,1524.4166359159733,1418.5321835394386,1508.7195065626063
2010_04_DEN_TEN,2010,4,2010-10-03,TEN,DEN,20,26,Home,1549.6233344895315,1456.728383964549,1523.7408762897246,1482.610842164356
2010_04_DET_GB,2010,4,2010-10-03,GB,DET,28,26,Home,1586.6132208373597,1308.8471713187253,1588.933516480436,1306.5268756756489
2010_04_HOU_OAK,2010,4,2010-10-03,LV,HOU,24,31,Home,1374.78832763961,1537.3321246295563,1360.3246084043067,1551.7958438648598
2010_04_IND_JAX,2010,4,2010-10-03,JAX,IND,31,28,Home,1416.1373060949984,1620.0770806335406,1434.1299677041277,1602.0844190244113
2010_04_NYJ_BUF,2010,4,2010-10-03,BUF,NYJ,14,38,Home,1421.8803442540016,1605.7810069121056,1401.4032307758266,1626.2581203902805
2010_04_SEA_STL,2010,4,2010-10-03,LA,SEA,20,3,Home,1348.1848860658529,1449.4012238829494,1379.5739078066974,1418.0122021421048
2010_04_SF_ATL,2010,4,2010-10-03,ATL,SF,16,14,Home,1564.0501889471711,1424.8925022576743,1568.7935212110872,1420.1491699937583
2010_04_WAS_PHI,2010,4,2010-10-03,PHI,WAS,12,17,Home,1578.35747662469,1415.0901818501115,1552.7678836287537,1440.6797748460478
2010_04_NE_MIA,2010,4,2010-10-04,MIA,NE,14,41,Home,1496.1717199315376,1561.2511313676775,1462.8584935435708,1594.5643577556443
2010_05_ATL_CLE,2010,5,2010-10-10,CLE,ATL,10,20,Home,1418.5321835394386,1568.7935212110872,1401.0017572932027,1586.3239474573231
2010_05_CHI_CAR,2010,5,2010-10-10,CAR,CHI,6,23,Home,1454.9810108254383,1496.923708914802,1424.4815828366932,1527.4231369035472
2010_05_DEN_BAL,2010,5,2010-10-10,BAL,DEN,31,17,Home,1580.398550455399,1482.610842164356,1594.593964645465,1468.41542797429
2010_05_GB_WAS,2010,5,2010-10-10,WAS,GB,16,13,Home,1440.6797748460478,1588.933516480436,1457.1781126178926,1572.4351787085914
2010_05_JAX_BUF,2010,5,2010-10-10,BUF,JAX,26,36,Home,1401.4032307758266,1434.1299677041277,1375.582047577238,1459.9511509027163
2010_05_KC_IND,2010,5,2010-10-10,IND,KC,19,9,Home,1602.0844190244113,1461.3707789490495,1612.3601559040364,1451.0950420694244
2010_05_NO_ARI,2010,5,2010-10-10,ARI,NO,30,20,Home,1490.06624864189,1630.6929576226264,1518.2161511322633,1602.5430551322531
2010_05_NYG_HOU,2010,5,2010-10-10,HOU,NYG,10,34,Home,1551.7958438648598,1496.5186113128052,1511.1128010073267,1537.2016541703383
2010_05_PHI_SF,2010,5,2010-10-10,SF,PHI,24,27,Home,1420.1491699937583,1552.7678836287537,1409.2846373124544,1563.6324163100576
2010_05_SD_OAK,2010,5,2010-10-10,LV,LAC,35,27,Home,1360.3246084043067,1584.0994016216325,1389.5813392103178,1554.8426708156214
2010_05_STL_DET,2010,5,2010-10-10,DET,LA,44,6,Home,1306.5268756756489,1379.5739078066974,1343.8742589365563,1342.22652454579
2010_05_TB_CIN,2010,5,2010-10-10,CIN,TB,21,24,Home,1508.7195065626063,1445.3001728006125,1490.9887828237236,1463.0308965394952
2010_05_TEN_DAL,2010,5,2010-10-10,DAL,TEN,27,34,Home,1561.366163772777,1523.7408762897246,1535.7949628214692,1549.3120772410325
2010_05_MIN_NYJ,2010,5,2010-10-11,NYJ,MIN,29,20,Home,1626.2581203902805,1550.1903267795026,1639.5637008478725,1536.8847463219106
2010_06_ATL_PHI,2010,6,2010-10-17,PHI,ATL,31,17,Home,1563.6324163100576,1586.3239474573231,1586.9823871348965,1562.9739766324842
2010_06_BAL_NE,2010,6,2010-10-17,NE,BAL,23,20,Home,1594.5643577556443,1594.593964645465,1605.5405841557103,1583.6177382453989
2010_06_CLE_PIT,2010,6,2010-10-17,PIT,CLE,28,10,Home,1605.6327664997755,1401.0017572932027,1614.801625668303,1391.8328981246752
2010_06_DAL_MIN,2010,6,2010-10-17,MIN,DAL,24,21,Home,1536.8847463219106,1535.7949628214692,1547.8136955773073,1524.8660135660725
2010_06_DET_NYG,2010,6,2010-10-17,NYG,DET,28,20,Home,1537.2016541703383,1343.8742589365563,1544.4521043791638,1336.6238087277309
2010_06_IND_WAS,2010,6,2010-10-17,WAS,IND,24,27,Home,1457.1781126178926,1612.3601559040364,1447.2421050261273,1622.2961634958017
2010_06_KC_HOU,2010,6,2010-10-17,HOU,KC,35,31,Home,1511.1128010073267,1451.0950420694244,1521.0867992549659,1441.1210438217852
2010_06_MIA_GB,2010,6,2010-10-17,GB,MIA,20,23,Home,1572.4351787085914,1462.8584935435708,1553.6311654789517,1481.6625067732105
2010_06_NO_TB,2010,6,2010-10-17,TB,NO,6,31,Home,1463.0308965394952,1602.5430551322531,1438.174038595447,1627.3999130763013
2010_06_NYJ_DEN,2010,6,2010-10-17,DEN,NYJ,20,24,Home,1468.41542797429,1639.5637008478725,1457.611963041946,1650.3671657802165
2010_06_OAK_SF,2010,6,2010-10-17,SF,LV,17,9,Home,1409.2846373124544,1389.5813392103178,1425.3839606315016,1373.4820158912705
2010_06_SD_STL,2010,6,2010-10-17,LA,LAC,20,17,Home,1342.22652454579,1554.8426708156214,1360.4276350378082,1536.6415603236032
2010_06_SEA_CHI,2010,6,2010-10-17,CHI,SEA,20,23,Home,1527.4231369035472,1418.0122021421048,1508.622620237832,1436.81271880782
2010_06_TEN_JAX,2010,6,2010-10-18,JAX,TEN,3,30,Home,1459.9511509027163,1549.3120772410325,1429.3010982931032,1579.9621298506456
2010_07_ARI_SEA,2010,7,2010-10-24,SEA,ARI,22,10,Home,1436.81271880782,1518.2161511322633,1463.473513988184,1491.5553559518992
2010_07_BUF_BAL,2010,7,2010-10-24,BAL,BUF,37,34,Home,1583.6177382453989,1375.582047577238,1587.8593789674858,1371.340406855151
2010_07_CIN_ATL,2010,7,2010-10-24,ATL,CIN,39,32,Home,1562.9739766324842,1490.9887828237236,1575.2078996639414,1478.7548597922664
2010_07_CLE_NO,2010,7,2010-10-24,NO,CLE,17,30,Home,1627.3999130763013,1391.8328981246752,1587.9546485077144,1431.2781626932622
2010_07_JAX_KC,2010,7,2010-10-24,KC,JAX,42,20,Home,1441.1210438217852,1429.3010982931032,1464.8262986129787,1405.5958435019097
2010_07_MIN_GB,2010,7,2010-10-24,GB,MIN,28,24,Home,1553.6311654789517,1547.8136955773073,1566.0887249348,1535.356136121459
2010_07_NE_SD,2010,7,2010-10-24,LAC,NE,20,23,Home,1536.6415603236032,1605.5405841557103,1522.9584345713326,1619.223709907981
2010_07_OAK_DEN,2010,7,2010-10-24,DEN,LV,14,59,Home,1457.611963041946,1373.4820158912705,1407.2460030032291,1423.8479759299873
2010_07_PHI_TEN,2010,7,2010-10-24,TEN,PHI,37,19,Home,1579.9621298506456,1586.9823871348965,1603.9069249839508,1563.0375920015913
2010_07_PIT_MIA,2010,7,2010-10-24,MIA,PIT,22,23,Home,1481.6625067732105,1614.801625668303,1476.2411823860534,1620.22295005546
2010_07_SF_CAR,2010,7,2010-10-24,CAR,SF,23,20,Home,1424.4815828366932,1425.3839606315016,1435.4947375890981,1414.3708058790967
2010_07_STL_TB,2010,7,2010-10-24,TB,LA,18,17,Home,1438.174038595447,1360.4276350378082,1442.1498127666566,1356.4518608665985
2010_07_WAS_CHI,2010,7,2010-10-24,CHI,WAS,14,17,Home,1508.622620237832,1447.2421050261273,1490.943805540551,1464.9209197234084
2010_07_NYG_DAL,2010,7,2010-10-25,DAL,NYG,35,41,Home,1524.8660135660725,1544.4521043791638,1503.322483012264,1565.9956349329723
2010_08_BUF_KC,2010,8,2010-10-31,KC,BUF,13,10,Home,1464.8262986129787,1371.340406855151,1472.2366439719754,1363.9300614961544
2010_08_CAR_STL,2010,8,2010-10-31,LA,CAR,20,10,Home,1356.4518608665985,1435.4947375890981,1381.241249229394,1410.7053492263026
2010_08_DEN_SF,2010,8,2010-10-31,SF,DEN,24,16,Neutral,1414.3708058790967,1407.2460030032291,1435.8230595428756,1385.7937493394502
2010_08_GB_NYJ,2010,8,2010-10-31,NYJ,GB,0,9,Home,1650.3671657802165,1566.0887249348,1620.07075843101,1596.3851322840064
2010_08_JAX_DAL,2010,8,2010-10-31,DAL,JAX,17,35,Home,1503.322483012264,1405.5958435019097,1463.9283605332457,1444.989965980928
2010_08_MIA_CIN,2010,8,2010-10-31,CIN,MIA,14,22,Home,1478.7548597922664,1476.2411823860534,1453.3456672581592,1501.6503749201606
2010_08_MIN_NE,2010,8,2010-10-31,NE,MIN,28,18,Home,1619.223709907981,1535.356136121459,1632.608355076423,1521.9714909530169
2010_08_PIT_NO,2010,8,2010-10-31,NO,PIT,20,10,Home,1587.9546485077144,1620.22295005546,1609.3627080601161,1598.8148905030582
2010_08_SEA_OAK,2010,8,2010-10-31,LV,SEA,33,3,Home,1423.8479759299873,1463.473513988184,1455.3213252580722,1432.0001646600992
2010_08_TB_ARI,2010,8,2010-10-31,ARI,TB,35,38,Home,1491.5553559518992,1442.1498127666566,1474.1887829665473,1459.5163857520085
2010_08_TEN_SD,2010,8,2010-10-31,LAC,TEN,33,25,Home,1522.9584345713326,1603.9069249839508,1545.7731830358007,1581.0921765194828
2010_08_WAS_DET,2010,8,2010-10-31,DET,WAS,37,25,Home,1336.6238087277309,1464.9209197234084,1366.0486074393154,1435.4961210118238
2010_08_HOU_IND,2010,8,2010-11-01,IND,HOU,30,17,Home,1622.2961634958017,1521.0867992549659,1635.9152661808546,1507.467696569913
2010_09_ARI_MIN,2010,9,2010-11-07,MIN,ARI,27,24,Home,1521.9714909530169,1474.1887829665473,1531.0220208859607,1465.1382530336034
2010_09_CHI_BUF,2010,9,2010-11-07,BUF,CHI,19,22,Home,1363.9300614961544,1490.943805540551,1352.8284985652585,1502.0453684714469
2010_09_DAL_GB,2010,9,2010-11-07,GB,DAL,45,7,Home,1596.3851322840064,1463.9283605332457,1612.719275338933,1447.5942174783193
2010_09_IND_PHI,2010,9,2010-11-07,PHI,IND,26,24,Home,1563.0375920015913,1635.9152661808546,1574.2326820799499,1624.720176102496
2010_09_KC_OAK,2010,9,2010-11-07,LV,KC,23,20,Home,1455.3213252580722,1472.2366439719754,1467.0220709461585,1460.535898283889
2010_09_MIA_BAL,2010,9,2010-11-07,BAL,MIA,26,10,Home,1587.8593789674858,1501.6503749201606,1603.509065502242,1486.0006883854044
2010_09_NE_CLE,2010,9,2010-11-07,CLE,NE,34,14,Home,1431.2781626932622,1632.608355076423,1470.6522572974939,1593.2342604721914
2010_09_NO_CAR,2010,9,2010-11-07,CAR,NO,3,34,Home,1410.7053492263026,1609.3627080601161,1390.0165118785762,1630.0515454078425
2010_09_NYG_SEA,2010,9,2010-11-07,SEA,NYG,7,41,Home,1432.0001646600992,1565.9956349329723,1404.28489397323,1593.7109056198415
2010_09_NYJ_DET,2010,9,2010-11-07,DET,NYJ,20,23,Home,1366.0486074393154,1620.07075843101,1359.6150991459851,1626.5042667243404
2010_09_SD_HOU,2010,9,2010-11-07,HOU,LAC,23,29,Home,1507.467696569913,1545.7731830358007,1486.767601544533,1566.4732780611807
2010_09_TB_ATL,2010,9,2010-11-07,ATL,TB,27,21,Home,1575.2078996639414,1459.5163857520085,1584.5989930533735,1450.1252923625764
2010_09_PIT_CIN,2010,9,2010-11-08,CIN,PIT,21,27,Home,1453.3456672581592,1598.8148905030582,1438.8449654918584,1613.315592269359
2010_10_BAL_ATL,2010,10,2010-11-11,ATL,BAL,26,21,Home,1584.5989930533735,1603.509065502242,1599.834350108428,1588.2737084471876
2010_10_CAR_TB,2010,10,2010-11-14,TB,CAR,31,16,Home,1450.1252923625764,1390.0165118785762,1467.3008347392731,1372.8409695018795
2010_10_CIN_IND,2010,10,2010-11-14,IND,CIN,23,17,Home,1624.720176102496,1438.8449654918584,1631.3892704423567,1432.1758711519976
2010_10_DAL_NYG,2010,10,2010-11-14,NYG,DAL,20,33,Home,1593.7109056198415,1447.5942174783193,1556.568608443853,1484.7365146543077
2010_10_DET_BUF,2010,10,2010-11-14,BUF,DET,14,12,Home,1352.8284985652585,1359.6150991459851,1361.7547192899215,1350.6888784213222
2010_10_HOU_JAX,2010,10,2010-11-14,JAX,HOU,31,24,Home,1444.989965980928,1486.767601544533,1464.1938535762104,1467.5637139492505
2010_10_KC_DEN,2010,10,2010-11-14,DEN,KC,49,29,Home,1385.7937493394502,1460.535898283889,1416.9544516065587,1429.3751960167806
2010_10_MIN_CHI,2010,10,2010-11-14,CHI,MIN,27,13,Home,1502.0453684714469,1531.0220208859607,1525.9368813587378,1507.1305079986698
2010_10_NE_PIT,2010,10,2010-11-14,PIT,NE,26,39,Home,1613.315592269359,1593.2342604721914,1581.8070931912102,1624.7427595503402
2010_10_NYJ_CLE,2010,10,2010-11-14,CLE,NYJ,20,26,Home,1470.6522572974939,1626.5042667243404,1456.7430820737388,1640.4134419480954
2010_10_SEA_ARI,2010,10,2010-11-14,ARI,SEA,18,36,Home,1465.1382530336034,1404.28489397323,1427.61772556818,1441.8054214386534
2010_10_STL_SF,2010,10,2010-11-14,SF,LA,23,20,Home,1435.8230595428756,1381.241249229394,1444.6165182385512,1372.4477905337185
2010_10_TEN_MIA,2010,10,2010-11-14,MIA,TEN,29,17,Home,1486.0006883854044,1581.0921765194828,1513.490153738858,1553.6027111660292
2010_10_PHI_WAS,2010,10,2010-11-15,WAS,PHI,28,59,Home,1435.4961210118238,1574.2326820799499,1408.9745577642707,1600.754245327503
2010_11_CHI_MIA,2010,11,2010-11-18,MIA,CHI,0,16,Home,1513.490153738858,1525.9368813587378,1481.6651078045672,1557.7619272930285
2010_11_ARI_KC,2010,11,2010-11-21,KC,ARI,31,13,Home,1429.3751960167806,1427.61772556818,1452.5280915941662,1404.4648299907944
2010_11_ATL_STL,2010,11,2010-11-21,LA,ATL,17,34,Home,1372.4477905337185,1599.834350108428,1357.2689310150802,1615.0132096270663
2010_11_BAL_CAR,2010,11,2010-11-21,CAR,BAL,13,37,Home,1372.8409695018795,1588.2737084471876,1354.99907609769,1606.115601851377
2010_11_BUF_CIN,2010,11,2010-11-21,CIN,BUF,31,49,Home,1432.1758711519976,1361.7547192899215,1394.1438236356353,1399.7867668062838
2010_11_CLE_JAX,2010,11,2010-11-21,JAX,CLE,24,20,Home,1464.1938535762104,1456.7430820737388,1476.5722392093905,1444.3646964405586
2010_11_DET_DAL,2010,11,2010-11-21,DAL,DET,35,19,Home,1484.7365146543077,1350.6888784213222,1497.2728249081674,1338.1525681674625
2010_11_GB_MIN,2010,11,2010-11-21,MIN,GB,3,31,Home,1507.1305079986698,1612.719275338933,1477.9126098371196,1641.9371735004831
2010_11_HOU_NYJ,2010,11,2010-11-21,NYJ,HOU,30,27,Home,1640.4134419480954,1467.5637139492505,1645.4864962931679,1462.490659604178
2010_11_IND_NE,2010,11,2010-11-21,NE,IND,31,28,Home,1624.7427595503402,1631.3892704423567,1636.0004024839723,1620.1316275087247
2010_11_NYG_PHI,2010,11,2010-11-21,PHI,NYG,27,17,Home,1600.754245327503,1556.568608443853,1616.6474120344935,1540.6754417368625
2010_11_OAK_PIT,2010,11,2010-11-21,PIT,LV,35,3,Home,1581.8070931912102,1467.0220709461585,1598.753068514763,1450.0760956226056
2010_11_SEA_NO,2010,11,2010-11-21,NO,SEA,34,19,Home,1630.0515454078425,1441.8054214386534,1639.440292280499,1432.4166745659968
2010_11_TB_SF,2010,11,2010-11-21,SF,TB,0,21,Home,1444.6165182385512,1467.3008347392731,1410.6139045476143,1501.30344843021
2010_11_WAS_TEN,2010,11,2010-11-21,TEN,WAS,16,19,Home,1553.6027111660292,1408.9745577642707,1534.1182026470815,1428.4590662832184
2010_11_DEN_SD,2010,11,2010-11-22,LAC,DEN,35,14,Home,1566.4732780611807,1416.9544516065587,1579.1657605917515,1404.261969075988
2010_12_CIN_NYJ,2010,12,2010-11-25,NYJ,CIN,26,10,Home,1645.4864962931679,1394.1438236356353,1652.3881182029077,1387.2422017258955
2010_12_NE_DET,2010,12,2010-11-25,DET,NE,24,45,Home,1338.1525681674625,1636.0004024839723,1326.5554227498653,1647.5975479015694
2010_12_NO_DAL,2010,12,2010-11-25,DAL,NO,27,30,Home,1497.2728249081674,1639.440292280499,1486.8063924755072,1649.9067247131593
2010_12_CAR_CLE,2010,12,2010-11-28,CLE,CAR,24,23,Home,1444.3646964405586,1354.99907609769,1448.1394798823933,1351.2242926558554
2010_12_GB_ATL,2010,12,2010-11-28,ATL,GB,20,17,Home,1615.0132096270663,1641.9371735004831,1627.1528396084266,1629.7975435191229
2010_12_JAX_NYG,2010,12,2010-11-28,NYG,JAX,24,20,Home,1540.6754417368625,1476.5722392093905,1550.4751121813918,1466.7725687648613
2010_12_KC_SEA,2010,12,2010-11-28,SEA,KC,24,42,Home,1432.4166745659968,1452.5280915941662,1399.853519975355,1485.091246184808
2010_12_MIA_OAK,2010,12,2010-11-28,LV,MIA,17,33,Home,1450.0760956226056,1481.6651078045672,1419.4922538808323,1512.2489495463406
2010_12_MIN_WAS,2010,12,2010-11-28,WAS,MIN,13,17,Home,1428.4590662832184,1477.9126098371196,1411.7629875530506,1494.6086885672873
2010_12_PHI_CHI,2010,12,2010-11-28,CHI,PHI,31,26,Home,1557.7619272930285,1616.6474120344935,1575.315436065977,1599.093903261545
2010_12_PIT_BUF,2010,12,2010-11-28,BUF,PIT,16,19,Home,1399.7867668062838,1598.753068514763,1391.522380365296,1607.017454955751
2010_12_SD_IND,2010,12,2010-11-28,IND,LAC,14,36,Home,1620.1316275087247,1579.1657605917515,1581.366663373344,1617.9307247271322
2010_12_STL_DEN,2010,12,2010-11-28,DEN,LA,33,36,Home,1404.261969075988,1357.2689310150802,1386.9597975695876,1374.5711025214805
2010_12_TB_BAL,2010,12,2010-11-28,BAL,TB,17,10,Home,1606.115601851377,1501.30344843021,1616.6706358985846,1490.7484143830025
2010_12_TEN_HOU,2010,12,2010-11-28,HOU,TEN,20,0,Home,1462.490659604178,1534.1182026470815,1493.4233890878868,1503.1854731633728
2010_12_SF_ARI,2010,12,2010-11-29,ARI,SF,6,27,Home,1404.4648299907944,1410.6139045476143,1369.3085466144375,1445.7701879239712
2010_13_HOU_PHI,2010,13,2010-12-02,PHI,HOU,34,24,Home,1599.093903261545,1493.4233890878868,1611.2173347092294,1481.2999576402024
2010_13_ATL_TB,2010,13,2010-12-05,TB,ATL,24,28,Home,1490.7484143830025,1627.1528396084266,1478.3193359669178,1639.5819180245112
2010_13_BUF_MIN,2010,13,2010-12-05,MIN,BUF,38,14,Home,1494.6086885672873,1391.522380365296,1511.0775790551713,1375.053489877412
2010_13_CAR_SEA,2010,13,2010-12-05,SEA,CAR,31,14,Home,1399.853519975355,1351.2242926558554,1418.656301624682,1332.4215110065284
2010_13_CHI_DET,2010,13,2010-12-05,DET,CHI,20,24,Home,1326.5554227498653,1575.315436065977,1318.8989798641269,1582.9718789517156
2010_13_CLE_MIA,2010,13,2010-12-05,MIA,CLE,10,13,Home,1512.2489495463406,1448.1394798823933,1494.5007383613868,1465.887691067347
2010_13_DAL_IND,2010,13,2010-12-05,IND,DAL,35,38,Home,1581.366663373344,1486.8063924755072,1562.890011236122,1505.283044612729
2010_13_DEN_KC,2010,13,2010-12-05,KC,DEN,10,6,Home,1485.091246184808,1386.9597975695876,1493.5145949838811,1378.5364487705144
2010_13_JAX_TEN,2010,13,2010-12-05,TEN,JAX,6,17,Home,1503.1854731633728,1466.7725687648613,1472.6882450612854,1497.2697968669486
2010_13_NO_CIN,2010,13,2010-12-05,CIN,NO,30,34,Home,1387.2422017258955,1649.9067247131593,1380.073571374622,1657.0753550644329
2010_13_OAK_SD,2010,13,2010-12-05,LAC,LV,13,28,Home,1617.9307247271322,1419.4922538808323,1577.3219271085286,1460.101051499436
2010_13_PIT_BAL,2010,13,2010-12-05,BAL,PIT,10,13,Home,1616.6706358985846,1607.017454955751,1600.425243087064,1623.2628477672715
2010_13_SF_GB,2010,13,2010-12-05,GB,SF,34,16,Home,1629.7975435191229,1445.7701879239712,1639.9836481035672,1435.5840833395268
2010_13_STL_ARI,2010,13,2010-12-05,ARI,LA,6,19,Home,1369.3085466144375,1374.5711025214805,1339.2410518699896,1404.6385972659284
2010_13_WAS_NYG,2010,13,2010-12-05,NYG,WAS,31,7,Home,1550.4751121813918,1411.7629875530506,1564.402660619542,1397.8354391149003
2010_13_NYJ_NE,2010,13,2010-12-06,NE,NYJ,45,3,Home,1647.5975479015694,1652.3881182029077,1677.9259636937932,1622.059702410684
2010_14_IND_TEN,2010,14,2010-12-09,TEN,IND,28,30,Home,1472.6882450612854,1562.890011236122,1462.6130375428343,1572.9652187545732
2010_14_ATL_CAR,2010,14,2010-12-12,CAR,ATL,10,31,Home,1332.4215110065284,1639.5819180245112,1321.351741403689,1650.6516876273506
2010_14_CIN_PIT,2010,14,2010-12-12,PIT,CIN,23,7,Home,1623.2628477672715,1380.073571374622,1630.4713735522253,1372.8650455896682
2010_14_CLE_BUF,2010,14,2010-12-12,BUF,CLE,13,6,Home,1375.053489877412,1465.887691067347,1397.1320043232138,1443.8091766215452
2010_14_DEN_ARI,2010,14,2010-12-12,ARI,DEN,43,13,Home,1339.2410518699896,1378.5364487705144,1370.6776527077036,1347.0998479328005
2010_14_GB_DET,2010,14,2010-12-12,DET,GB,7,3,Home,1318.8989798641269,1639.9836481035672,1342.3596532081601,1616.522974759534
2010_14_KC_SD,2010,14,2010-12-12,LAC,KC,31,0,Home,1577.3219271085286,1493.5145949838811,1596.6722838890134,1474.1642382033963
2010_14_MIA_NYJ,2010,14,2010-12-12,NYJ,MIA,6,10,Home,1622.059702410684,1494.5007383613868,1599.8065974790936,1516.753843292977
2010_14_NE_CHI,2010,14,2010-12-12,CHI,NE,7,36,Home,1582.9718789517156,1677.9259636937932,1552.3025740933438,1708.595268552165
2010_14_OAK_JAX,2010,14,2010-12-12,JAX,LV,38,31,Home,1497.2697968669486,1460.101051499436,1511.4606395438987,1445.9102088224859
2010_14_PHI_DAL,2010,14,2010-12-12,DAL,PHI,27,30,Home,1505.283044612729,1611.2173347092294,1493.2694259090379,1623.2309534129206
2010_14_SEA_SF,2010,14,2010-12-12,SF,SEA,40,21,Home,1435.5840833395268,1418.656301624682,1457.7788126928542,1396.4615722713547
2010_14_STL_NO,2010,14,2010-12-12,NO,LA,31,13,Home,1657.0753550644329,1404.6385972659284,1664.2060270838429,1397.5079252465184
2010_14_TB_WAS,2010,14,2010-12-12,WAS,TB,16,17,Home,1397.8354391149003,1478.3193359669178,1391.2589587337325,1484.8958163480856
2010_14_BAL_HOU,2010,14,2010-12-13,HOU,BAL,28,34,Home,1481.2999576402024,1600.425243087064,1465.2430451618643,1616.482155565402
2010_14_NYG_MIN,2010,14,2010-12-13,MIN,NYG,3,21,Neutral,1511.0775790551713,1564.402660619542,1486.707904927944,1588.7723347467695
2010_15_SF_SD,2010,15,2010-12-16,LAC,SF,34,7,Home,1596.6722838890134,1457.7788126928542,1611.0776099695795,1443.3734866122882
2010_15_ARI_CAR,2010,15,2010-12-19,CAR,ARI,19,12,Home,1321.351741403689,1370.6776527077036,1341.0682090100481,1350.9611851013444
2010_15_ATL_SEA,2010,15,2010-12-19,SEA,ATL,18,34,Home,1396.4615722713547,1650.6516876273506,1383.3236401787751,1663.7896197199302
2010_15_BUF_MIA,2010,15,2010-12-19,MIA,BUF,14,17,Home,1516.753843292977,1397.1320043232138,1497.7428156063463,1416.1430320098445
2010_15_CLE_CIN,2010,15,2010-12-19,CIN,CLE,19,17,Home,1372.8650455896682,1443.8091766215452,1384.0089975545854,1432.665224656628
2010_15_DEN_OAK,2010,15,2010-12-19,LV,DEN,39,23,Home,1445.9102088224859,1347.0998479328005,1460.6925840562692,1332.3174726990171
2010_15_DET_TB,2010,15,2010-12-19,TB,DET,20,23,Home,1484.8958163480856,1342.3596532081601,1465.4486334328979,1361.806836123348
2010_15_GB_NE,2010,15,2010-12-19,NE,GB,31,27,Home,1708.595268552165,1616.522974759534,1717.25363716157,1607.864606150129
2010_15_HOU_TEN,2010,15,2010-12-19,TEN,HOU,31,17,Home,1462.6130375428343,1465.2430451618643,1484.2697637196304,1443.5863189850681
2010_15_JAX_IND,2010,15,2010-12-19,IND,JAX,34,24,Home,1572.9652187545732,1511.4606395438987,1587.7305875399584,1496.6952707585135
2010_15_KC_STL,2010,15,2010-12-19,LA,KC,13,27,Home,1397.5079252465184,1474.1642382033963,1371.473560094486,1500.1986033554288
2010_15_NO_BAL,2010,15,2010-12-19,BAL,NO,30,24,Home,1616.482155565402,1664.2060270838429,1634.8303712549405,1645.8578113943045
2010_15_NYJ_PIT,2010,15,2010-12-19,PIT,NYJ,17,22,Home,1630.4713735522253,1599.8065974790936,1608.6884699696905,1621.5895010616284
2010_15_PHI_NYG,2010,15,2010-12-19,NYG,PHI,31,38,Home,1588.7723347467695,1623.2309534129206,1566.4643658947568,1645.5389222649333
2010_15_WAS_DAL,2010,15,2010-12-19,DAL,WAS,33,30,Home,1493.2694259090379,1391.2589587337325,1500.3973037292292,1384.1310809135412
2010_15_CHI_MIN,2010,15,2010-12-20,MIN,CHI,14,40,Home,1486.707904927944,1552.3025740933438,1453.8148387392932,1585.1956402819944
2010_16_CAR_PIT,2010,16,2010-12-23,PIT,CAR,27,3,Home,1608.6884699696905,1341.0682090100481,1615.8718279225918,1333.8848510571468
2010_16_DAL_ARI,2010,16,2010-12-25,ARI,DAL,27,26,Home,1350.9611851013444,1500.3973037292292,1359.2275280933652,1492.1309607372084
2010_16_BAL_CLE,2010,16,2010-12-26,CLE,BAL,10,20,Home,1432.665224656628,1634.8303712549405,1418.56888205475,1648.9267138568184
2010_16_DET_MIA,2010,16,2010-12-26,MIA,DET,27,34,Home,1497.7428156063463,1361.806836123348,1468.752776936132,1390.7968747935622
2010_16_HOU_DEN,2010,16,2010-12-26,DEN,HOU,24,23,Home,1332.3174726990171,1443.5863189850681,1340.0049298979593,1435.898861786126
2010_16_IND_OAK,2010,16,2010-12-26,LV,IND,26,31,Home,1460.6925840562692,1587.7305875399584,1446.3453548016585,1602.0778167945691
2010_16_NE_BUF,2010,16,2010-12-26,BUF,NE,3,34,Home,1416.1430320098445,1717.25363716157,1403.3497432702593,1730.0469259011552
2010_16_NYG_GB,2010,16,2010-12-26,GB,NYG,45,17,Home,1607.864606150129,1566.4643658947568,1630.4441030143555,1543.8848690305304
2010_16_NYJ_CHI,2010,16,2010-12-26,CHI,NYJ,38,34,Home,1585.1956402819944,1621.5895010616284,1599.778258851986,1607.0068824916368
2010_16_SD_CIN,2010,16,2010-12-26,CIN,LAC,34,20,Home,1384.0089975545854,1611.0776099695795,1420.2118453559667,1574.8747621681982
2010_16_SEA_TB,2010,16,2010-12-26,TB,SEA,38,15,Home,1465.4486334328979,1383.3236401787751,1483.3264290177192,1365.4458445939538
2010_16_SF_STL,2010,16,2010-12-26,LA,SF,25,17,Home,1371.473560094486,1443.3734866122882,1393.8120473178024,1421.0349993889718
2010_16_TEN_KC,2010,16,2010-12-26,KC,TEN,34,14,Home,1500.1986033554288,1484.2697637196304,1522.844643874219,1461.6237232008402
2010_16_WAS_JAX,2010,16,2010-12-26,JAX,WAS,17,20,Home,1496.6952707585135,1384.1310809135412,1477.82868388997,1402.9976677820846
2010_16_NO_ATL,2010,16,2010-12-27,ATL,NO,14,17,Home,1663.7896197199302,1645.8578113943045,1647.3006522577066,1662.346778856528
2010_16_MIN_PHI,2010,16,2010-12-28,PHI,MIN,14,24,Home,1645.5389222649333,1453.8148387392932,1610.5701172322129,1488.7836437720136
2010_17_ARI_SF,2010,17,2011-01-02,SF,ARI,38,7,Home,1421.0349993889718,1359.2275280933652,1442.3478814960788,1337.9146459862582
2010_17_BUF_NYJ,2010,17,2011-01-02,NYJ,BUF,38,7,Home,1607.0068824916368,1403.3497432702593,1617.8533334860047,1392.5032922758915
2010_17_CAR_ATL,2010,17,2011-01-02,ATL,CAR,31,10,Home,1647.3006522577066,1333.8848510571468,1652.665784000025,1328.5197193148283
2010_17_CHI_GB,2010,17,2011-01-02,GB,CHI,10,3,Home,1630.4441030143555,1599.778258851986,1645.019451279302,1585.2029105870395
2010_17_CIN_BAL,2010,17,2011-01-02,BAL,CIN,13,7,Home,1648.9267138568184,1420.2118453559667,1654.2717492025185,1414.8668100102666
2010_17_DAL_PHI,2010,17,2011-01-02,PHI,DAL,13,14,Home,1610.5701172322129,1492.1309607372084,1601.0765397824732,1501.624538186948
2010_17_JAX_HOU,2010,17,2011-01-02,HOU,JAX,34,17,Home,1435.898861786126,1477.82868388997,1462.606086603175,1451.121459072921
2010_17_MIA_NE,2010,17,2011-01-02,NE,MIA,38,7,Home,1730.0469259011552,1468.752776936132,1738.0499874596976,1460.7497153775896
2010_17_MIN_DET,2010,17,2011-01-02,DET,MIN,20,13,Home,1390.7968747935622,1488.7836437720136,1413.2234117455396,1466.3571068200363
2010_17_NYG_WAS,2010,17,2011-01-02,WAS,NYG,14,17,Home,1402.9976677820846,1543.8848690305304,1392.4782877230457,1554.4042490895692
2010_17_OAK_KC,2010,17,2011-01-02,KC,LV,10,31,Home,1522.844643874219,1446.3453548016585,1482.5874102892008,1486.6025883866766
2010_17_PIT_CLE,2010,17,2011-01-02,CLE,PIT,9,41,Home,1418.56888205475,1615.8718279225918,1397.5727960761403,1636.8679139012015
2010_17_SD_DEN,2010,17,2011-01-02,DEN,LAC,28,33,Home,1340.0049298979593,1574.8747621681982,1330.912556129413,1583.9671359367446
2010_17_STL_SEA,2010,17,2011-01-02,SEA,LA,16,6,Home,1365.4458445939538,1393.8120473178024,1386.5542799615346,1372.7036119502216
2010_17_TB_NO,2010,17,2011-01-02,NO,TB,13,23,Home,1662.346778856528,1483.3264290177192,1627.6847072701237,1517.9885006041236
2010_17_TEN_IND,2010,17,2011-01-02,IND,TEN,23,20,Home,1602.0778167945691,1461.6237232008402,1608.0259656322498,1455.6755743631595
2010_18_NO_SEA,2010,18,2011-01-08,SEA,NO,41,36,Home,1386.5542799615346,1627.6847072701237,1410.9003133359422,1603.338673895716
2010_18_NYJ_IND,2010,18,2011-01-08,IND,NYJ,16,17,Home,1608.0259656322498,1617.8533334860047,1600.1992216053902,1625.6800775128643
2010_18_BAL_KC,2010,18,2011-01-09,KC,BAL,7,30,Home,1482.5874102892008,1654.2717492025185,1461.3020987385225,1675.5570607531968
2010_18_GB_PHI,2010,18,2011-01-09,PHI,GB,16,21,Home,1601.0765397824732,1645.019451279302,1582.2544914405742,1663.8414996212011
2010_19_BAL_PIT,2010,19,2011-01-15,PIT,BAL,31,24,Home,1636.8679139012015,1675.5570607531968,1655.863421818463,1656.5615528359353
2010_19_GB_ATL,2010,19,2011-01-15,ATL,GB,21,48,Home,1652.665784000025,1663.8414996212011,1615.1405119490619,1701.3667716721643
2010_19_NYJ_NE,2010,19,2011-01-16,NE,NYJ,21,28,Home,1738.0499874596976,1625.6800775128643,1709.756172178522,1653.9738927940398
2010_19_SEA_CHI,2010,19,2011-01-16,CHI,SEA,35,24,Home,1585.2029105870395,1410.9003133359422,1594.2304044379603,1401.8728194850214
2010_20_GB_CHI,2010,20,2011-01-23,CHI,GB,14,21,Home,1594.2304044379603,1701.3667716721643,1576.289231852269,1719.3079442578555
2010_20_NYJ_PIT,2010,20,2011-01-23,PIT,NYJ,24,19,Home,1655.863421818463,1653.9738927940398,1669.9453046263259,1639.8920099861768
2010_21_PIT_GB,2010,21,2011-02-06,GB,PIT,31,25,Neutral,1719.3079442578555,1669.9453046263259,1735.6540401387467,1653.5992087454347
2011_01_NO_GB,2011,1,2011-09-08,GB,NO,42,34,Home,1641.392424083248,1562.0032043374295,1653.903924479893,1549.4917039407844
2011_01_ATL_CHI,2011,1,2011-09-11,CHI,ATL,30,12,Home,1545.7735391113615,1569.0843071694371,1571.2195262197479,1543.6383200610508
2011_01_BUF_KC,2011,1,2011-09-11,KC,BUF,7,41,Home,1476.7812592431135,1435.5019753655347,1432.8035932045734,1479.4796414040748
2011_01_CAR_ARI,2011,1,2011-09-11,ARI,CAR,28,21,Home,1402.748787591755,1397.111831588897,1418.8556494389136,1381.0049697417385
2011_01_CIN_CLE,2011,1,2011-09-11,CLE,CIN,17,27,Home,1438.543677645684,1448.92008600616,1411.4970654368897,1475.9666982149545
2011_01_DAL_NYJ,2011,1,2011-09-11,NYJ,DAL,27,24,Home,1583.935205991706,1500.9747229121688,1591.7046620369363,1493.2052668669385
2011_01_DET_TB,2011,1,2011-09-11,TB,DET,20,27,Home,1510.793100362474,1447.9340470473237,1484.2183570251107,1474.508790384687
2011_01_IND_HOU,2011,1,2011-09-11,HOU,IND,34,7,Home,1477.5636519619052,1560.1195329632342,1512.290903095338,1525.3922818298013
2011_01_MIN_SD,2011,1,2011-09-11,LAC,MIN,24,17,Home,1550.3802815620468,1479.8142640920219,1562.690498900381,1467.5040467536876
2011_01_NYG_WAS,2011,1,2011-09-11,WAS,NYG,28,14,Home,1435.4869726338275,1532.6425494537416,1464.6405617256082,1503.4889603619608
2011_01_PHI_STL,2011,1,2011-09-11,LA,PHI,13,31,Home,1423.6221671701328,1549.3526948643444,1399.9268723764305,1573.0479896580466
2011_01_PIT_BAL,2011,1,2011-09-11,BAL,PIT,35,7,Home,1593.9369317015612,1592.1595252472607,1620.4128210131626,1565.6836359356594
2011_01_SEA_SF,2011,1,2011-09-11,SF,SEA,33,17,Home,1465.4087288976473,1441.123691691013,1485.7890231070955,1420.7433974815647
2011_01_TEN_JAX,2011,1,2011-09-11,JAX,TEN,16,14,Home,1470.6728754437527,1473.4053446178957,1479.4621093634348,1464.6161106982136
2011_01_NE_MIA,2011,1,2011-09-12,MIA,NE,24,38,Home,1476.449829226554,1625.8537033071132,1456.5838299384898,1645.7197025951773
2011_01_OAK_DEN,2011,1,2011-09-12,DEN,LV,20,23,Home,1398.5475336776476,1491.9615530320061,1385.978149566588,1504.5309371430658
2011_02_ARI_WAS,2011,2,2011-09-18,WAS,ARI,22,21,Home,1464.6405617256082,1418.8556494389136,1469.2040128657904,1414.2921982987314
2011_02_BAL_TEN,2011,2,2011-09-18,TEN,BAL,26,13,Home,1464.6161106982136,1620.4128210131626,1496.4373047774234,1588.5916269339527
2011_02_CHI_NO,2011,2,2011-09-18,NO,CHI,30,13,Home,1549.4917039407844,1571.2195262197479,1574.3255777330126,1546.3856524275197
2011_02_CIN_DEN,2011,2,2011-09-18,DEN,CIN,24,22,Home,1385.978149566588,1475.9666982149545,1397.6208232876559,1464.3240244938866
2011_02_CLE_IND,2011,2,2011-09-18,IND,CLE,19,27,Home,1525.3922818298013,1411.4970654368897,1495.4456971064049,1441.443650160286
2011_02_DAL_SF,2011,2,2011-09-18,SF,DAL,24,27,Home,1485.7890231070955,1493.2052668669385,1470.0609276232772,1508.9333623507569
2011_02_GB_CAR,2011,2,2011-09-18,CAR,GB,23,30,Home,1381.0049697417385,1653.903924479893,1372.1874636742969,1662.7214305473346
2011_02_HOU_MIA,2011,2,2011-09-18,MIA,HOU,13,23,Home,1456.5838299384898,1512.290903095338,1432.0672199994744,1536.8075130343534
2011_02_JAX_NYJ,2011,2,2011-09-18,NYJ,JAX,32,3,Home,1591.7046620369363,1479.4621093634348,1608.3851663324087,1462.7816050679623
2011_02_KC_DET,2011,2,2011-09-18,DET,KC,48,3,Home,1474.508790384687,1432.8035932045734,1500.149243091991,1407.1631404972695
2011_02_OAK_BUF,2011,2,2011-09-18,BUF,LV,38,35,Home,1479.4796414040748,1504.5309371430658,1491.5366517572268,1492.4739267899138
2011_02_PHI_ATL,2011,2,2011-09-18,ATL,PHI,35,31,Home,1543.6383200610508,1573.0479896580466,1557.8597130592805,1558.826596659817
2011_02_SD_NE,2011,2,2011-09-18,NE,LAC,35,21,Home,1645.7197025951773,1562.690498900381,1660.8922579110206,1547.5179435845378
2011_02_SEA_PIT,2011,2,2011-09-18,PIT,SEA,24,0,Home,1565.6836359356594,1420.7433974815647,1579.1984764986394,1407.2285569185847
2011_02_TB_MIN,2011,2,2011-09-18,MIN,TB,20,24,Home,1467.5040467536876,1484.2183570251107,1449.5805880444584,1502.1418157343398
2011_02_STL_NYG,2011,2,2011-09-19,NYG,LA,28,16,Home,1503.4889603619608,1399.9268723764305,1516.5834755022106,1386.8323572361808
2011_03_ARI_SEA,2011,3,2011-09-25,SEA,ARI,13,10,Home,1407.2285569185847,1414.2921982987314,1418.5040504998458,1403.0167047174702
2011_03_ATL_TB,2011,3,2011-09-25,TB,ATL,16,13,Home,1502.1418157343398,1557.8597130592805,1515.5777962421657,1544.4237325514546
2011_03_BAL_STL,2011,3,2011-09-25,LA,BAL,7,37,Home,1386.8323572361808,1588.5916269339527,1366.609248043365,1608.8147361267686
2011_03_DEN_TEN,2011,3,2011-09-25,TEN,DEN,17,14,Home,1496.4373047774234,1397.6208232876559,1503.6701348712897,1390.3879931937895
2011_03_DET_MIN,2011,3,2011-09-25,MIN,DET,23,26,Home,1449.5805880444584,1500.149243091991,1435.2362483387822,1514.4935827976672
2011_03_GB_CHI,2011,3,2011-09-25,CHI,GB,17,27,Home,1546.3856524275197,1662.7214305473346,1526.3907491357793,1682.716333839075
2011_03_HOU_NO,2011,3,2011-09-25,NO,HOU,40,33,Home,1574.3255777330126,1536.8075130343534,1588.4959290051336,1522.6371617622324
2011_03_JAX_CAR,2011,3,2011-09-25,CAR,JAX,16,10,Home,1372.1874636742969,1462.7816050679623,1392.837216211764,1442.1318525304953
2011_03_KC_SD,2011,3,2011-09-25,LAC,KC,20,17,Home,1547.5179435845378,1407.1631404972695,1553.4689407211233,1401.212143360684
2011_03_MIA_CLE,2011,3,2011-09-25,CLE,MIA,17,16,Home,1441.443650160286,1432.0672199994744,1446.7346667928416,1426.776203366919
2011_03_NE_BUF,2011,3,2011-09-25,BUF,NE,34,31,Home,1491.5366517572268,1660.8922579110206,1508.6317135780253,1643.797196090222
2011_03_NYG_PHI,2011,3,2011-09-25,PHI,NYG,16,29,Home,1558.826596659817,1516.5834755022106,1526.1329603433078,1549.2771118187197
2011_03_NYJ_OAK,2011,3,2011-09-25,LV,NYJ,34,24,Home,1492.4739267899138,1608.3851663324087,1519.3204166761152,1581.5386764462073
2011_03_PIT_IND,2011,3,2011-09-25,IND,PIT,20,23,Home,1495.4456971064049,1579.1984764986394,1482.4411286725215,1592.2030449325227
2011_03_SF_CIN,2011,3,2011-09-25,CIN,SF,8,13,Home,1464.3240244938866,1470.0609276232772,1443.9288733194571,1490.4560787977066
2011_03_WAS_DAL,2011,3,2011-09-26,DAL,WAS,18,16,Home,1508.9333623507569,1469.2040128657904,1516.35152866185,1461.7858465546974
2011_04_ATL_SEA,2011,4,2011-10-02,SEA,ATL,28,30,Home,1418.5040504998458,1544.4237325514546,1409.6693820529965,1553.2584009983038
2011_04_BUF_CIN,2011,4,2011-10-02,CIN,BUF,23,20,Home,1443.9288733194571,1508.6317135780253,1457.7780893845245,1494.782497512958
2011_04_CAR_CHI,2011,4,2011-10-02,CHI,CAR,34,29,Home,1526.3907491357793,1392.837216211764,1534.3376270516203,1384.890338295923
2011_04_DEN_GB,2011,4,2011-10-02,GB,DEN,49,23,Home,1682.716333839075,1390.3879931937895,1689.144130702289,1383.9601963305756
2011_04_DET_DAL,2011,4,2011-10-02,DAL,DET,30,34,Home,1516.35152866185,1514.4935827976672,1497.7626520096321,1533.082459449885
2011_04_MIA_SD,2011,4,2011-10-02,LAC,MIA,26,16,Home,1553.4689407211233,1426.776203366919,1564.4573191990273,1415.787824889015
2011_04_MIN_KC,2011,4,2011-10-02,KC,MIN,22,17,Home,1401.212143360684,1435.2362483387822,1417.3098450095704,1419.1385466898957
2011_04_NE_OAK,2011,4,2011-10-02,LV,NE,19,31,Home,1519.3204166761152,1643.797196090222,1498.5801234384278,1664.5374893279095
2011_04_NO_JAX,2011,4,2011-10-02,JAX,NO,10,23,Home,1442.1318525304953,1588.4959290051336,1422.5357270353456,1608.0920545002832
2011_04_NYG_ARI,2011,4,2011-10-02,ARI,NYG,27,31,Home,1403.0167047174702,1549.2771118187197,1391.0610125839867,1561.2328039522033
2011_04_NYJ_BAL,2011,4,2011-10-02,BAL,NYJ,34,17,Home,1608.8147361267686,1581.5386764462073,1629.3558409515547,1560.9975716214212
2011_04_PIT_HOU,2011,4,2011-10-02,HOU,PIT,17,10,Home,1522.6371617622324,1592.2030449325227,1543.6612014330328,1571.1790052617223
2011_04_SF_PHI,2011,4,2011-10-02,PHI,SF,23,24,Home,1526.1329603433078,1490.4560787977066,1517.6361697927136,1498.9528693483007
2011_04_TEN_CLE,2011,4,2011-10-02,CLE,TEN,13,31,Home,1446.7346667928416,1503.6701348712897,1416.7169843594968,1533.6878173046346
2011_04_WAS_STL,2011,4,2011-10-02,LA,WAS,10,17,Home,1366.609248043365,1461.7858465546974,1347.8734012101006,1480.5216933879617
2011_04_IND_TB,2011,4,2011-10-03,TB,IND,24,17,Home,1515.5777962421657,1482.4411286725215,1530.006372962873,1468.0125519518142
2011_05_ARI_MIN,2011,5,2011-10-09,MIN,ARI,34,10,Home,1419.1385466898957,1391.0610125839867,1441.9398451469667,1368.2597141269157
2011_05_CIN_JAX,2011,5,2011-10-09,JAX,CIN,20,30,Home,1422.5357270353456,1457.7780893845245,1396.8553573577694,1483.4584590621007
2011_05_GB_ATL,2011,5,2011-10-09,ATL,GB,14,25,Home,1553.2584009983038,1689.144130702289,1534.0295525161473,1708.3729791844455
2011_05_KC_IND,2011,5,2011-10-09,IND,KC,24,28,Home,1468.0125519518142,1417.3098450095704,1447.810621856174,1437.5117751052105
2011_05_NO_CAR,2011,5,2011-10-09,CAR,NO,27,30,Home,1384.890338295923,1608.0920545002832,1377.4704470234315,1615.5119457727747
2011_05_NYJ_NE,2011,5,2011-10-09,NE,NYJ,30,21,Home,1664.5374893279095,1560.9975716214212,1676.29378700762,1549.2412739417107
2011_05_OAK_HOU,2011,5,2011-10-09,HOU,LV,20,25,Home,1543.6612014330328,1498.5801234384278,1521.364889463958,1520.8764354075026
2011_05_PHI_BUF,2011,5,2011-10-09,BUF,PHI,31,24,Home,1494.782497512958,1517.6361697927136,1512.7230139783735,1499.695653327298
2011_05_SD_DEN,2011,5,2011-10-09,DEN,LAC,24,29,Home,1383.9601963305756,1564.4573191990273,1372.3958897425277,1576.0216257870752
2011_05_SEA_NYG,2011,5,2011-10-09,NYG,SEA,25,36,Home,1561.2328039522033,1409.6693820529965,1526.0907063102497,1444.81147969495
2011_05_TB_SF,2011,5,2011-10-09,SF,TB,48,3,Home,1498.9528693483007,1530.006372962873,1532.9852077553028,1495.974034555871
2011_05_TEN_PIT,2011,5,2011-10-09,PIT,TEN,38,17,Home,1571.1790052617223,1533.6878173046346,1592.245252148655,1512.6215704177018
2011_05_CHI_DET,2011,5,2011-10-10,DET,CHI,24,13,Home,1533.082459449885,1534.3376270516203,1552.8501191909147,1514.5699673105905
2011_06_BUF_NYG,2011,6,2011-10-16,NYG,BUF,27,24,Home,1526.0907063102497,1512.7230139783735,1536.5076240772057,1502.3060962114175
2011_06_CAR_ATL,2011,6,2011-10-16,ATL,CAR,31,17,Home,1534.0295525161473,1377.4704470234315,1544.7728429399938,1366.727156599585
2011_06_CLE_OAK,2011,6,2011-10-16,LV,CLE,24,17,Home,1520.8764354075026,1416.7169843594968,1531.4632259217924,1406.130193845207
2011_06_DAL_NE,2011,6,2011-10-16,NE,DAL,20,16,Home,1676.29378700762,1497.7626520096321,1682.0180072424037,1492.0384317748485
2011_06_HOU_BAL,2011,6,2011-10-16,BAL,HOU,29,14,Home,1629.3558409515547,1521.364889463958,1643.2242742941728,1507.4964561213399
2011_06_IND_CIN,2011,6,2011-10-16,CIN,IND,27,17,Home,1483.4584590621007,1447.810621856174,1499.9256484968103,1431.3434324214645
2011_06_JAX_PIT,2011,6,2011-10-16,PIT,JAX,17,13,Home,1592.245252148655,1396.8553573577694,1597.5004652256462,1391.6001442807783
2011_06_MIN_CHI,2011,6,2011-10-16,CHI,MIN,39,10,Home,1514.5699673105905,1441.9398451469667,1534.523595928797,1421.9862165287602
2011_06_NO_TB,2011,6,2011-10-16,TB,NO,26,20,Home,1495.974034555871,1615.5119457727747,1517.9188300392643,1593.5671502893813
2011_06_PHI_WAS,2011,6,2011-10-16,WAS,PHI,13,20,Home,1480.5216933879617,1499.695653327298,1457.480285544358,1522.7370611709018
2011_06_SF_DET,2011,6,2011-10-16,DET,SF,19,25,Home,1552.8501191909147,1532.9852077553028,1529.6261119872615,1556.209214958956
2011_06_STL_GB,2011,6,2011-10-16,GB,LA,24,3,Home,1708.3729791844455,1347.8734012101006,1712.4904248515006,1343.7559555430455
2011_06_MIA_NYJ,2011,6,2011-10-17,NYJ,MIA,24,6,Home,1549.2412739417107,1415.787824889015,1562.3068094646358,1402.7222893660899
2011_07_ATL_DET,2011,7,2011-10-23,DET,ATL,16,23,Home,1529.6261119872615,1544.7728429399938,1506.3946700793717,1568.0042848478836
2011_07_CHI_TB,2011,7,2011-10-23,TB,CHI,18,24,Neutral,1517.9188300392643,1534.523595928797,1499.5278257961577,1552.9146001719037
2011_07_DEN_MIA,2011,7,2011-10-23,MIA,DEN,15,18,Home,1402.7222893660899,1372.3958897425277,1385.878260343025,1389.2399187655926
2011_07_GB_MIN,2011,7,2011-10-23,MIN,GB,27,33,Home,1421.9862165287602,1712.4904248515006,1414.4149588939633,1720.0616824862975
2011_07_HOU_TEN,2011,7,2011-10-23,TEN,HOU,7,41,Home,1512.6215704177018,1507.4964561213399,1471.3049585387191,1548.8130680003226
2011_07_IND_NO,2011,7,2011-10-23,NO,IND,62,7,Home,1593.5671502893813,1431.3434324214645,1609.0967750794737,1415.8138076313721
2011_07_KC_OAK,2011,7,2011-10-23,LV,KC,0,28,Home,1531.4632259217924,1437.5117751052105,1486.6169441104778,1482.3580569165251
2011_07_PIT_ARI,2011,7,2011-10-23,ARI,PIT,20,32,Home,1368.2597141269157,1597.5004652256462,1354.9032954452762,1610.8568839072857
2011_07_SD_NYJ,2011,7,2011-10-23,NYJ,LAC,27,21,Home,1562.3068094646358,1576.0216257870752,1578.5358989655288,1559.7925362861822
2011_07_SEA_CLE,2011,7,2011-10-23,CLE,SEA,6,3,Home,1406.130193845207,1444.81147969495,1418.7935128946492,1432.148160645508
2011_07_STL_DAL,2011,7,2011-10-23,DAL,LA,34,7,Home,1492.0384317748485,1343.7559555430455,1505.8038108106111,1329.9905765072829
2011_07_WAS_CAR,2011,7,2011-10-23,CAR,WAS,33,20,Home,1366.727156599585,1457.480285544358,1394.7423706871446,1429.4650714567983
2011_07_BAL_JAX,2011,7,2011-10-24,JAX,BAL,12,7,Home,1391.6001442807783,1643.2242742941728,1416.2233852220377,1618.6010333529134
2011_08_ARI_BAL,2011,8,2011-10-30,BAL,ARI,30,27,Home,1618.6010333529134,1354.9032954452762,1621.761026225074,1351.7433025731157
2011_08_CIN_SEA,2011,8,2011-10-30,SEA,CIN,12,34,Home,1432.148160645508,1499.9256484968103,1401.083091953853,1530.9907171884652
2011_08_CLE_SF,2011,8,2011-10-30,SF,CLE,20,10,Home,1556.209214958956,1418.7935128946492,1566.6493888069188,1408.3533390466864
2011_08_DAL_PHI,2011,8,2011-10-30,PHI,DAL,34,7,Home,1522.7370611709018,1505.8038108106111,1547.4241024867556,1481.1167694947574
2011_08_DET_DEN,2011,8,2011-10-30,DEN,DET,10,45,Home,1389.2399187655926,1506.3946700793717,1359.4502428265134,1536.184346018451
2011_08_IND_TEN,2011,8,2011-10-30,TEN,IND,27,10,Home,1471.3049585387191,1415.8138076313721,1489.5680073199464,1397.5507588501448
2011_08_JAX_HOU,2011,8,2011-10-30,HOU,JAX,24,14,Home,1548.8130680003226,1416.2233852220377,1559.4974008162787,1405.5390524060815
2011_08_MIA_NYG,2011,8,2011-10-30,NYG,MIA,20,17,Home,1536.5076240772057,1385.878260343025,1542.1693007076708,1380.21658371256
2011_08_MIN_CAR,2011,8,2011-10-30,CAR,MIN,21,24,Home,1394.7423706871446,1414.4149588939633,1379.3971832175205,1429.7601463635874
2011_08_NE_PIT,2011,8,2011-10-30,PIT,NE,25,17,Home,1610.8568839072857,1682.0180072424037,1633.1562760353347,1659.7186151143546
2011_08_NO_STL,2011,8,2011-10-30,LA,NO,31,21,Home,1329.9905765072829,1609.0967750794737,1363.8290255417933,1575.2583260449633
2011_08_WAS_BUF,2011,8,2011-10-30,BUF,WAS,23,0,Home,1502.3060962114175,1429.4650714567983,1520.9333627502324,1410.8378049179835
2011_08_SD_KC,2011,8,2011-10-31,KC,LAC,23,20,Home,1482.3580569165251,1559.7925362861822,1496.6362332017113,1545.514360000996
2011_09_ATL_IND,2011,9,2011-11-06,IND,ATL,7,31,Home,1397.5507588501448,1568.0042848478836,1375.8812572279508,1589.6737864700776
2011_09_BAL_PIT,2011,9,2011-11-06,PIT,BAL,20,23,Home,1633.1562760353347,1621.761026225074,1616.8592152985095,1638.058086961899
2011_09_CIN_TEN,2011,9,2011-11-06,TEN,CIN,17,24,Home,1489.5680073199464,1530.9907171884652,1467.600055826393,1552.9586686820187
2011_09_CLE_HOU,2011,9,2011-11-06,HOU,CLE,30,12,Home,1559.4974008162787,1408.3533390466864,1571.4924234004488,1396.3583164625163
2011_09_DEN_OAK,2011,9,2011-11-06,LV,DEN,24,38,Home,1486.6169441104778,1359.4502428265134,1449.188588831837,1396.8785981051542
2011_09_GB_SD,2011,9,2011-11-06,LAC,GB,38,45,Home,1545.514360000996,1720.0616824862975,1531.752757015457,1733.8232854718365
2011_09_MIA_KC,2011,9,2011-11-06,KC,MIA,3,31,Home,1496.6362332017113,1380.21658371256,1450.616380946799,1426.2364359674723
2011_09_NYG_NE,2011,9,2011-11-06,NE,NYG,20,24,Home,1659.7186151143546,1542.1693007076708,1637.6961661146781,1564.1917497073473
2011_09_NYJ_BUF,2011,9,2011-11-06,BUF,NYJ,11,27,Home,1520.9333627502324,1578.5358989655288,1492.0950519932803,1607.3742097224808
2011_09_SEA_DAL,2011,9,2011-11-06,DAL,SEA,23,13,Home,1481.1167694947574,1401.083091953853,1494.7319320322908,1387.4679294163195
2011_09_SF_WAS,2011,9,2011-11-06,WAS,SF,11,19,Home,1410.8378049179835,1566.6493888069188,1395.1296868494132,1582.357506875489
2011_09_STL_ARI,2011,9,2011-11-06,ARI,LA,19,13,Home,1351.7433025731157,1363.8290255417933,1367.8735318312856,1347.6987962836233
2011_09_TB_NO,2011,9,2011-11-06,NO,TB,27,16,Home,1575.2583260449633,1499.5278257961577,1589.638846204704,1485.147305636417
2011_09_CHI_PHI,2011,9,2011-11-07,PHI,CHI,24,30,Home,1547.4241024867556,1552.9146001719037,1525.2636559713665,1575.0750466872928
2011_10_OAK_SD,2011,10,2011-11-10,LAC,LV,17,24,Home,1531.752757015457,1449.188588831837,1504.4529334640433,1476.4884123832508
2011_10_ARI_PHI,2011,10,2011-11-13,PHI,ARI,17,21,Home,1525.2636559713665,1367.8735318312856,1502.3889070158507,1390.7482807868014
2011_10_BAL_SEA,2011,10,2011-11-13,SEA,BAL,22,17,Home,1387.4679294163195,1638.058086961899,1412.0644601807674,1613.4615561974513
2011_10_BUF_DAL,2011,10,2011-11-13,DAL,BUF,44,7,Home,1494.7319320322908,1492.0950519932803,1523.2380665647586,1463.5889174608126
2011_10_DEN_KC,2011,10,2011-11-13,KC,DEN,10,17,Home,1450.616380946799,1396.8785981051542,1424.3949234365118,1423.1000556154413
2011_10_DET_CHI,2011,10,2011-11-13,CHI,DET,37,13,Home,1575.0750466872928,1536.184346018451,1596.8856818466518,1514.373710859092
2011_10_HOU_TB,2011,10,2011-11-13,TB,HOU,9,37,Home,1485.147305636417,1571.4924234004488,1453.8441996339675,1602.7955294028984
2011_10_JAX_IND,2011,10,2011-11-13,IND,JAX,3,17,Home,1375.8812572279508,1405.5390524060815,1346.5270709193749,1434.8932387146574
2011_10_NE_NYJ,2011,10,2011-11-13,NYJ,NE,16,37,Home,1607.3742097224808,1637.6961661146781,1573.9161667316553,1671.1542091055037
2011_10_NO_ATL,2011,10,2011-11-13,ATL,NO,23,26,Home,1589.6737864700776,1589.638846204704,1573.7174779448274,1605.5951547299542
2011_10_NYG_SF,2011,10,2011-11-13,SF,NYG,27,20,Home,1582.357506875489,1564.1917497073473,1597.687771787641,1548.8614847951953
2011_10_PIT_CIN,2011,10,2011-11-13,CIN,PIT,17,24,Home,1552.9586686820187,1616.8592152985095,1532.1088696670488,1637.7090143134794
2011_10_STL_CLE,2011,10,2011-11-13,CLE,LA,12,13,Home,1396.3583164625163,1347.6987962836233,1387.6849610181926,1356.372151727947
2011_10_TEN_CAR,2011,10,2011-11-13,CAR,TEN,3,30,Home,1379.3971832175205,1467.600055826393,1348.621770540174,1498.3754685037393
2011_10_WAS_MIA,2011,10,2011-11-13,MIA,WAS,20,9,Home,1426.2364359674723,1395.1296868494132,1443.622425518447,1377.7436972984385
2011_10_MIN_GB,2011,10,2011-11-14,GB,MIN,45,7,Home,1733.8232854718365,1429.7601463635874,1740.5206232889866,1423.0628085464373
2011_11_NYJ_DEN,2011,11,2011-11-17,DEN,NYJ,17,13,Home,1423.1000556154413,1573.9161667316553,1442.340297253032,1554.6759250940645
2011_11_ARI_SF,2011,11,2011-11-20,SF,ARI,23,7,Home,1597.687771787641,1390.7482807868014,1606.4057991746681,1382.0302533997742
2011_11_BUF_MIA,2011,11,2011-11-20,MIA,BUF,35,8,Home,1443.622425518447,1463.5889174608126,1472.0671412140227,1435.1442017652369
2011_11_CAR_DET,2011,11,2011-11-20,DET,CAR,49,35,Home,1514.373710859092,1348.621770540174,1524.6402650668203,1338.3552163324457
2011_11_CIN_BAL,2011,11,2011-11-20,BAL,CIN,31,24,Home,1613.4615561974513,1532.1088696670488,1625.1995220217354,1520.3709038427646
2011_11_DAL_WAS,2011,11,2011-11-20,WAS,DAL,24,27,Home,1377.7436972984385,1523.2380665647586,1367.4142206286785,1533.5675432345186
2011_11_JAX_CLE,2011,11,2011-11-20,CLE,JAX,14,10,Home,1387.6849610181926,1434.8932387146574,1402.8333801969466,1419.7448195359034
2011_11_OAK_MIN,2011,11,2011-11-20,MIN,LV,21,27,Home,1423.0628085464373,1476.4884123832508,1403.0609220490805,1496.4902988806075
2011_11_PHI_NYG,2011,11,2011-11-20,NYG,PHI,10,17,Home,1548.8614847951953,1502.3889070158507,1522.9291651068504,1528.3212267041956
2011_11_SD_CHI,2011,11,2011-11-20,CHI,LAC,31,20,Home,1596.8856818466518,1504.4529334640433,1610.2320740980101,1491.106541212685
2011_11_SEA_STL,2011,11,2011-11-20,LA,SEA,7,24,Home,1356.372151727947,1412.0644601807674,1326.819328872732,1441.6172830359824
2011_11_TB_GB,2011,11,2011-11-20,GB,TB,35,26,Home,1740.5206232889866,1453.8441996339675,1745.1527226614069,1449.2121002615472
2011_11_TEN_ATL,2011,11,2011-11-20,ATL,TEN,23,17,Home,1573.7174779448274,1498.3754685037393,1584.9980564600571,1487.0948899885095
2011_11_KC_NE,2011,11,2011-11-21,NE,KC,34,3,Home,1671.1542091055037,1424.3949234365118,1679.805940749995,1415.7431917920205
2011_12_GB_DET,2011,12,2011-11-24,DET,GB,15,27,Home,1524.6402650668203,1745.1527226614069,1510.743929299717,1759.0490584285103
2011_12_MIA_DAL,2011,12,2011-11-24,DAL,MIA,20,19,Home,1533.5675432345186,1472.0671412140227,1537.835768877748,1467.7989155707933
2011_12_SF_BAL,2011,12,2011-11-24,BAL,SF,16,6,Home,1625.1995220217354,1606.4057991746681,1642.833232603436,1588.7720885929675
2011_12_ARI_STL,2011,12,2011-11-27,LA,ARI,20,23,Home,1326.819328872732,1382.0302533997742,1312.6290378739466,1396.2205443985597
2011_12_BUF_NYJ,2011,12,2011-11-27,NYJ,BUF,28,24,Home,1554.6759250940645,1435.1442017652369,1562.3046790502117,1427.5154478090897
2011_12_CAR_IND,2011,12,2011-11-27,IND,CAR,19,27,Home,1346.5270709193749,1338.3552163324457,1320.8486361131586,1364.033651138662
2011_12_CHI_OAK,2011,12,2011-11-27,LV,CHI,25,20,Home,1496.4902988806075,1610.2320740980101,1516.4626973886238,1590.2596755899938
2011_12_CLE_CIN,2011,12,2011-11-27,CIN,CLE,23,20,Home,1520.3709038427646,1402.8333801969466,1527.0037136708888,1396.2005703688224
2011_12_DEN_SD,2011,12,2011-11-27,LAC,DEN,13,16,Home,1491.106541212685,1442.340297253032,1473.7569860050708,1459.6898524606463
2011_12_HOU_JAX,2011,12,2011-11-27,JAX,HOU,13,20,Home,1419.7448195359034,1602.7955294028984,1406.46837587786,1616.071973060942
2011_12_MIN_ATL,2011,12,2011-11-27,ATL,MIN,24,14,Home,1584.9980564600571,1403.0609220490805,1593.3814735650294,1394.6775049441083
2011_12_NE_PHI,2011,12,2011-11-27,PHI,NE,20,38,Home,1528.3212267041956,1679.805940749995,1506.9005730232961,1701.2265944308945
2011_12_PIT_KC,2011,12,2011-11-27,KC,PIT,9,13,Home,1415.7431917920205,1637.7090143134794,1407.0806540488413,1646.3715520566586
2011_12_TB_TEN,2011,12,2011-11-27,TEN,TB,23,17,Home,1487.0948899885095,1449.2121002615472,1500.3352873204547,1435.971702929602
2011_12_WAS_SEA,2011,12,2011-11-27,SEA,WAS,17,23,Home,1441.6172830359824,1367.4142206286785,1416.352368107189,1392.679135557472
2011_12_NYG_NO,2011,12,2011-11-28,NO,NYG,49,24,Home,1605.5951547299542,1522.9291651068504,1623.8790825367548,1504.6452373000498
2011_13_PHI_SEA,2011,13,2011-12-01,SEA,PHI,31,14,Home,1416.352368107189,1506.9005730232961,1447.0215036790314,1476.2314374514538
2011_13_ATL_HOU,2011,13,2011-12-04,HOU,ATL,17,10,Home,1616.071973060942,1593.3814735650294,1631.126620789772,1578.3268258361993
2011_13_BAL_CLE,2011,13,2011-12-04,CLE,BAL,10,24,Home,1396.2005703688224,1642.833232603436,1383.188730177199,1655.8450727950594
2011_13_CAR_TB,2011,13,2011-12-04,TB,CAR,19,38,Home,1435.971702929602,1364.033651138662,1397.19624452699,1402.809109541274
2011_13_CIN_PIT,2011,13,2011-12-04,PIT,CIN,35,7,Home,1646.3715520566586,1527.0037136708888,1662.344862460837,1511.0304032667104
2011_13_DAL_ARI,2011,13,2011-12-04,ARI,DAL,19,13,Home,1396.2205443985597,1537.835768877748,1419.1054974514104,1514.9508158248973
2011_13_DEN_MIN,2011,13,2011-12-04,MIN,DEN,32,35,Home,1394.6775049441083,1459.6898524606463,1380.8151318108658,1473.5522255938888
2011_13_DET_NO,2011,13,2011-12-04,NO,DET,31,17,Home,1623.8790825367548,1510.743929299717,1637.105117911456,1497.5178939250156
2011_13_GB_NYG,2011,13,2011-12-04,NYG,GB,35,38,Home,1504.6452373000498,1759.0490584285103,1498.2233224231684,1765.4709733053917
2011_13_IND_NE,2011,13,2011-12-04,NE,IND,31,24,Home,1701.2265944308945,1320.8486361131586,1703.6997216622647,1318.3755088817884
2011_13_KC_CHI,2011,13,2011-12-04,CHI,KC,3,10,Home,1590.2596755899938,1407.0806540488413,1560.1114354574463,1437.2288941813888
2011_13_NYJ_WAS,2011,13,2011-12-04,WAS,NYJ,19,34,Home,1392.679135557472,1562.3046790502117,1373.9496936378312,1581.0341209698524
2011_13_OAK_MIA,2011,13,2011-12-04,MIA,LV,34,14,Home,1467.7989155707933,1516.4626973886238,1496.599814679582,1487.661798279835
2011_13_STL_SF,2011,13,2011-12-04,SF,LA,26,0,Home,1588.7720885929675,1312.6290378739466,1595.7947559288039,1305.6063705381102
2011_13_TEN_BUF,2011,13,2011-12-04,BUF,TEN,17,23,Home,1427.5154478090897,1500.3352873204547,1408.561615232703,1519.2891198968414
2011_13_SD_JAX,2011,13,2011-12-05,JAX,LAC,14,38,Home,1406.46837587786,1473.7569860050708,1374.5248768217261,1505.7004850612045
2011_14_CLE_PIT,2011,14,2011-12-08,PIT,CLE,14,3,Home,1662.344862460837,1383.188730177199,1667.5534391634628,1377.9801534745732
2011_14_ATL_CAR,2011,14,2011-12-11,CAR,ATL,23,31,Home,1402.809109541274,1578.3268258361993,1388.3270768981088,1592.8088584793645
2011_14_BUF_SD,2011,14,2011-12-11,LAC,BUF,37,10,Home,1505.7004850612045,1408.561615232703,1523.219398280948,1391.0427020129594
2011_14_CHI_DEN,2011,14,2011-12-11,DEN,CHI,13,10,Home,1473.5522255938888,1560.1114354574463,1488.1314247238697,1545.5322363274654
2011_14_HOU_CIN,2011,14,2011-12-11,CIN,HOU,19,20,Home,1511.0304032667104,1631.126620789772,1505.3317161078812,1636.8253079486012
2011_14_IND_BAL,2011,14,2011-12-11,BAL,IND,24,10,Home,1655.8450727950594,1318.3755088817884,1659.953870742889,1314.2667109339588
2011_14_KC_NYJ,2011,14,2011-12-11,NYJ,KC,37,10,Home,1581.0341209698524,1437.2288941813888,1595.1019245233213,1423.16109062792
2011_14_MIN_DET,2011,14,2011-12-11,DET,MIN,34,28,Home,1497.5178939250156,1380.8151318108658,1506.8646806376357,1371.4683450982457
2011_14_NE_WAS,2011,14,2011-12-11,WAS,NE,27,34,Home,1373.9496936378312,1703.6997216622647,1367.3097639735386,1710.3396513265573
2011_14_NO_TEN,2011,14,2011-12-11,TEN,NO,17,22,Home,1519.2891198968414,1637.105117911456,1504.431206961003,1651.9630308472945
2011_14_NYG_DAL,2011,14,2011-12-11,DAL,NYG,34,37,Home,1514.9508158248973,1498.2233224231684,1498.4969699713147,1514.677168276751
2011_14_OAK_GB,2011,14,2011-12-11,GB,LV,46,16,Home,1765.4709733053917,1487.661798279835,1772.7219335311588,1480.4108380540679
2011_14_PHI_MIA,2011,14,2011-12-11,MIA,PHI,10,26,Home,1496.599814679582,1476.2314374514538,1462.7562473090134,1510.0750048220225
2011_14_SF_ARI,2011,14,2011-12-11,ARI,SF,21,19,Home,1419.1054974514104,1595.7947559288039,1432.8106896987622,1582.089563681452
2011_14_TB_JAX,2011,14,2011-12-11,JAX,TB,41,14,Home,1374.5248768217261,1397.19624452699,1403.254446086884,1368.4666752618323
2011_14_STL_SEA,2011,14,2011-12-12,SEA,LA,30,13,Home,1447.0215036790314,1305.6063705381102,1459.3658012710976,1293.262072946044
2011_15_JAX_ATL,2011,15,2011-12-15,ATL,JAX,41,14,Home,1592.8088584793645,1403.254446086884,1604.0178671014196,1392.0454374648289
2011_15_DAL_TB,2011,15,2011-12-17,TB,DAL,15,31,Home,1368.4666752618323,1498.4969699713147,1346.039391996306,1520.924253236841
2011_15_BAL_SD,2011,15,2011-12-18,LAC,BAL,34,14,Home,1523.219398280948,1659.953870742889,1558.7056883793346,1624.4675806445025
2011_15_CAR_HOU,2011,15,2011-12-18,HOU,CAR,13,28,Home,1636.8253079486012,1388.3270768981088,1595.1472430653946,1430.0051417813154
2011_15_CIN_STL,2011,15,2011-12-18,LA,CIN,13,20,Home,1293.262072946044,1505.3317161078812,1281.5615163230411,1517.0322727308842
2011_15_CLE_ARI,2011,15,2011-12-18,ARI,CLE,20,17,Home,1432.8106896987622,1377.9801534745732,1441.5948283107837,1369.1960148625517
2011_15_DET_OAK,2011,15,2011-12-18,LV,DET,27,28,Home,1480.4108380540679,1506.8646806376357,1472.846038214496,1514.4294804772076
2011_15_GB_KC,2011,15,2011-12-18,KC,GB,19,14,Home,1423.16109062792,1772.7219335311588,1449.7284849967334,1746.1545391623454
2011_15_MIA_BUF,2011,15,2011-12-18,BUF,MIA,23,30,Home,1391.0427020129594,1462.7562473090134,1370.712091050289,1483.0868582716837
2011_15_NE_DEN,2011,15,2011-12-18,DEN,NE,23,41,Home,1488.1314247238697,1710.3396513265573,1472.300822580026,1726.170253470401
2011_15_NO_MIN,2011,15,2011-12-18,MIN,NO,20,42,Home,1371.4683450982457,1651.9630308472945,1358.6544548007428,1664.7769211447974
2011_15_NYJ_PHI,2011,15,2011-12-18,PHI,NYJ,45,19,Home,1510.0750048220225,1595.1019245233213,1544.616624661924,1560.5603046834196
2011_15_SEA_CHI,2011,15,2011-12-18,CHI,SEA,14,38,Home,1545.5322363274654,1459.3658012710976,1503.0771678412286,1501.8208697573343
2011_15_TEN_IND,2011,15,2011-12-18,IND,TEN,27,13,Home,1314.2667109339588,1504.431206961003,1348.7404869029324,1469.9574309920295
2011_15_WAS_NYG,2011,15,2011-12-18,NYG,WAS,10,23,Home,1514.677168276751,1367.3097639735386,1477.4931036231753,1404.4938286271142
2011_15_PIT_SF,2011,15,2011-12-19,SF,PIT,20,3,Home,1582.089563681452,1667.5534391634628,1612.4116884102896,1637.2313144346253
2011_16_HOU_IND,2011,16,2011-12-22,IND,HOU,19,16,Home,1348.7404869029324,1595.1472430653946,1367.6863050574636,1576.2014249108634
2011_16_ARI_CIN,2011,16,2011-12-24,CIN,ARI,23,16,Home,1517.0322727308842,1441.5948283107837,1529.0818708202416,1429.5452302214262
2011_16_CLE_BAL,2011,16,2011-12-24,BAL,CLE,20,14,Home,1624.4675806445025,1369.1960148625517,1629.10899123573,1364.5546042713243
2011_16_DEN_BUF,2011,16,2011-12-24,BUF,DEN,40,14,Home,1370.712091050289,1472.300822580026,1406.5328154774777,1436.4800981528374
2011_16_JAX_TEN,2011,16,2011-12-24,TEN,JAX,23,17,Home,1469.9574309920295,1392.0454374648289,1481.1106632331125,1380.8922052237458
2011_16_MIA_NE,2011,16,2011-12-24,NE,MIA,27,24,Home,1726.170253470401,1483.0868582716837,1729.699380328194,1479.5577314138907
2011_16_MIN_WAS,2011,16,2011-12-24,WAS,MIN,26,33,Home,1404.4938286271142,1358.6544548007428,1378.587028371874,1384.5612550559829
2011_16_NYG_NYJ,2011,16,2011-12-24,NYJ,NYG,14,29,Home,1560.5603046834196,1477.4931036231753,1524.1367899008274,1513.9166184057676
2011_16_OAK_KC,2011,16,2011-12-24,KC,LV,13,16,Home,1449.7284849967334,1472.846038214496,1434.4925026571434,1488.082020554086
2011_16_PHI_DAL,2011,16,2011-12-24,DAL,PHI,7,20,Home,1520.924253236841,1544.616624661924,1491.954667415524,1573.586210483241
2011_16_SD_DET,2011,16,2011-12-24,DET,LAC,38,10,Home,1514.4294804772076,1558.7056883793346,1545.80078252128,1527.334386335262
2011_16_SF_SEA,2011,16,2011-12-24,SEA,SF,17,19,Home,1501.8208697573343,1612.4116884102896,1492.4620814427285,1621.7704767248954
2011_16_STL_PIT,2011,16,2011-12-24,PIT,LA,27,0,Home,1637.2313144346253,1281.5615163230411,1641.7933277195452,1276.9995030381212
2011_16_TB_CAR,2011,16,2011-12-24,CAR,TB,48,16,Home,1430.0051417813154,1346.039391996306,1449.5134968562834,1326.531036921338
2011_16_CHI_GB,2011,16,2011-12-25,GB,CHI,35,21,Home,1746.1545391623454,1503.0771678412286,1753.0487163555213,1496.1829906480527
2011_16_ATL_NO,2011,16,2011-12-26,NO,ATL,45,16,Home,1664.7769211447974,1604.0178671014196,1685.7876548245922,1583.0071334216248
2011_17_BAL_CIN,2011,17,2012-01-01,CIN,BAL,16,24,Home,1529.0818708202416,1629.10899123573,1509.6270561711158,1648.5638058848558
2011_17_BUF_NE,2011,17,2012-01-01,NE,BUF,49,21,Home,1729.699380328194,1406.5328154774777,1735.2348997175638,1400.9972960881078
2011_17_CAR_NO,2011,17,2012-01-01,NO,CAR,45,17,Home,1685.7876548245922,1449.5134968562834,1694.6752617739642,1440.6258899069114
2011_17_CHI_MIN,2011,17,2012-01-01,MIN,CHI,13,17,Home,1384.5612550559829,1496.1829906480527,1370.9031198273735,1509.841125876662
2011_17_DAL_NYG,2011,17,2012-01-01,NYG,DAL,31,14,Home,1513.9166184057676,1491.954667415524,1534.9036394010686,1470.967646420223
2011_17_DET_GB,2011,17,2012-01-01,GB,DET,45,41,Home,1753.0487163555213,1545.80078252128,1757.993201640339,1540.8562972364623
2011_17_IND_JAX,2011,17,2012-01-01,JAX,IND,19,13,Home,1380.8922052237458,1367.6863050574636,1395.5235572078,1353.0549530734095
2011_17_KC_DEN,2011,17,2012-01-01,DEN,KC,3,7,Home,1436.4800981528374,1434.4925026571434,1417.8866672707622,1453.0859335392186
2011_17_NYJ_MIA,2011,17,2012-01-01,MIA,NYJ,19,17,Home,1479.5577314138907,1524.1367899008274,1489.803768125164,1513.890753189554
2011_17_PIT_CLE,2011,17,2012-01-01,CLE,PIT,9,13,Home,1364.5546042713243,1641.7933277195452,1357.872158940577,1648.4757730502924
2011_17_SD_OAK,2011,17,2012-01-01,LV,LAC,26,38,Home,1488.082020554086,1527.334386335262,1460.853839640281,1554.5625672490671
2011_17_SEA_ARI,2011,17,2012-01-01,ARI,SEA,23,20,Home,1429.5452302214262,1492.4620814427285,1443.3120200330877,1478.695291631067
2011_17_SF_STL,2011,17,2012-01-01,LA,SF,27,34,Home,1276.9995030381212,1621.7704767248954,1270.8554445021377,1627.914535260879
2011_17_TB_ATL,2011,17,2012-01-01,ATL,TB,45,24,Home,1583.0071334216248,1326.531036921338,1590.3324014219234,1319.2057689210394
2011_17_TEN_HOU,2011,17,2012-01-01,HOU,TEN,22,23,Home,1576.2014249108634,1481.1106632331125,1566.9571347692486,1490.3549533747273
2011_17_WAS_PHI,2011,17,2012-01-01,PHI,WAS,34,10,Home,1573.586210483241,1378.587028371874,1584.117645885142,1368.055592969973
2011_18_CIN_HOU,2011,18,2012-01-07,HOU,CIN,31,10,Home,1566.9571347692486,1509.6270561711158,1586.3351712114418,1490.2490197289226
2011_18_DET_NO,2011,18,2012-01-07,NO,DET,45,28,Home,1694.6752617739642,1540.8562972364623,1706.2970097480356,1529.2345492623908
2011_18_ATL_NYG,2011,18,2012-01-08,NYG,ATL,24,2,Home,1534.9036394010686,1590.3324014219234,1565.262946542506,1559.973094280486
2011_18_PIT_DEN,2011,18,2012-01-08,DEN,PIT,29,23,Home,1417.8866672707622,1648.4757730502924,1444.0100145686756,1622.352425752379
2011_19_DEN_NE,2011,19,2012-01-14,NE,DEN,45,10,Home,1735.2348997175638,1444.0100145686756,1742.2662483508077,1436.9786659354318
2011_19_NO_SF,2011,19,2012-01-14,SF,NO,36,32,Home,1627.914535260879,1706.2970097480356,1644.5274734419613,1689.6840715669532
2011_19_HOU_BAL,2011,19,2012-01-15,BAL,HOU,20,13,Home,1648.5638058848558,1586.3351712114418,1661.3283130435043,1573.5706640527933
2011_19_NYG_GB,2011,19,2012-01-15,GB,NYG,20,37,Home,1757.993201640339,1565.262946542506,1715.8145580194277,1607.4415901634172
2011_20_BAL_NE,2011,20,2012-01-22,NE,BAL,23,20,Home,1742.2662483508077,1661.3283130435043,1750.1060099955407,1653.4885513987713
2011_20_NYG_SF,2011,20,2012-01-22,SF,NYG,17,20,Home,1644.5274734419613,1607.4415901634172,1627.4948932389784,1624.4741703664001
2011_21_NYG_NE,2011,21,2012-02-05,NE,NYG,17,21,Neutral,1750.1060099955407,1624.4741703664001,1729.6037787975472,1644.9764015643937
2012_01_DAL_NYG,2012,1,2012-09-05,NYG,DAL,17,24,Home,1586.985840938636,1482.5805878521337,1558.9453082319403,1510.6211205588295
2012_01_ATL_KC,2012,1,2012-09-09,KC,ATL,24,40,Home,1471.8515601235313,1535.9838565682917,1443.4598666862714,1564.3755500055515
2012_01_BUF_NYJ,2012,1,2012-09-09,NYJ,BUF,48,28,Home,1508.3344519137324,1440.5983776528647,1526.5819763080676,1422.3508532585295
2012_01_CAR_TB,2012,1,2012-09-09,TB,CAR,16,10,Home,1391.5234613526236,1464.3755339441468,1411.3514965519535,1444.547498744817
2012_01_IND_CHI,2012,1,2012-09-09,CHI,IND,41,21,Home,1505.9046755259974,1411.8329718440457,1522.1358110312503,1395.6018363387927
2012_01_JAX_MIN,2012,1,2012-09-09,MIN,JAX,26,23,Home,1422.5418718964243,1437.3141343246798,1434.1495248486374,1425.7064813724667
2012_01_MIA_HOU,2012,1,2012-09-09,HOU,MIA,30,10,Home,1544.142398431676,1493.8822608750984,1563.8119591777636,1474.2127001290107
2012_01_NE_TEN,2012,1,2012-09-09,TEN,NE,13,34,Home,1494.2129720248363,1637.7622672785283,1471.0028875161177,1660.972351787247
2012_01_PHI_CLE,2012,1,2012-09-09,CLE,PHI,16,17,Home,1414.723295364346,1550.4705875310851,1409.3566490502658,1555.8372338451654
2012_01_PIT_DEN,2012,1,2012-09-09,DEN,PIT,31,19,Home,1462.1871995612591,1573.4114554514274,1490.6315685258764,1544.96708648681
2012_01_SEA_ARI,2012,1,2012-09-09,ARI,SEA,20,16,Home,1465.9872120198524,1487.2171749786403,1479.7900612529795,1473.4143257455132
2012_01_SF_GB,2012,1,2012-09-09,GB,SF,22,30,Home,1629.4887348116565,1576.4969359433871,1601.8130894246844,1604.1725813303592
2012_01_STL_DET,2012,1,2012-09-09,DET,LA,27,23,Home,1517.5407295574346,1362.5132667012826,1523.9738222007743,1356.080174057943
2012_01_WAS_NO,2012,1,2012-09-09,NO,WAS,32,40,Home,1613.810442940172,1420.8333557819838,1581.741565386467,1452.9022333356886
2012_01_CIN_BAL,2012,1,2012-09-10,BAL,CIN,44,13,Home,1592.0931308392628,1494.1494118373535,1610.2473625829455,1475.9951800936708
2012_01_SD_OAK,2012,1,2012-09-10,LV,LAC,14,22,Home,1476.5123037841686,1532.7375403494402,1454.0747421992023,1555.1751019344065
2012_02_CHI_GB,2012,2,2012-09-13,GB,CHI,23,10,Home,1601.8130894246844,1522.1358110312503,1616.8212901422735,1507.1276103136613
2012_02_ARI_NE,2012,2,2012-09-16,NE,ARI,18,20,Home,1660.972351787247,1479.7900612529795,1645.0669518423417,1495.6954611978847
2012_02_BAL_PHI,2012,2,2012-09-16,PHI,BAL,24,23,Home,1555.8372338451654,1610.2473625829455,1562.5253055478995,1603.5592908802114
2012_02_CLE_CIN,2012,2,2012-09-16,CIN,CLE,34,27,Home,1475.9951800936708,1409.3566490502658,1488.5181104047122,1396.8337187392244
2012_02_DAL_SEA,2012,2,2012-09-16,SEA,DAL,27,7,Home,1473.4143257455132,1510.6211205588295,1501.0797528777778,1482.955693426565
2012_02_DET_SF,2012,2,2012-09-16,SF,DET,27,19,Home,1604.1725813303592,1523.9738222007743,1616.6391989840301,1511.5072045471034
2012_02_HOU_JAX,2012,2,2012-09-16,JAX,HOU,7,27,Home,1425.7064813724667,1563.8119591777636,1402.3505866988778,1587.1678538513524
2012_02_KC_BUF,2012,2,2012-09-16,BUF,KC,35,17,Home,1422.3508532585295,1443.4598666862714,1447.59167595,1418.2190439948008
2012_02_MIN_IND,2012,2,2012-09-16,IND,MIN,23,20,Home,1395.6018363387927,1434.1495248486374,1408.2591584911129,1421.4922026963172
2012_02_NO_CAR,2012,2,2012-09-16,CAR,NO,35,27,Home,1444.547498744817,1581.741565386467,1470.179657587652,1556.109406543632
2012_02_NYJ_PIT,2012,2,2012-09-16,PIT,NYJ,27,10,Home,1544.96708648681,1526.5819763080676,1566.2571151296809,1505.2919476651969
2012_02_OAK_MIA,2012,2,2012-09-16,MIA,LV,35,13,Home,1474.2127001290107,1454.0747421992023,1497.1468697545938,1431.1405725736192
2012_02_TB_NYG,2012,2,2012-09-16,NYG,TB,41,34,Home,1558.9453082319403,1411.3514965519535,1567.5643338106672,1402.7324709732266
2012_02_TEN_SD,2012,2,2012-09-16,LAC,TEN,38,10,Home,1555.1751019344065,1471.0028875161177,1573.9452111152389,1452.2327783352853
2012_02_WAS_STL,2012,2,2012-09-16,LA,WAS,31,28,Home,1356.080174057943,1452.9022333356886,1370.9935871674193,1437.9888202262123
2012_02_DEN_ATL,2012,2,2012-09-17,ATL,DEN,27,21,Home,1564.3755500055515,1490.6315685258764,1575.7357848505123,1479.2713336809156
2012_03_NYG_CAR,2012,3,2012-09-20,CAR,NYG,7,36,Home,1470.179657587652,1567.5643338106672,1439.7763563371936,1597.9676350611255
2012_03_ATL_SD,2012,3,2012-09-23,LAC,ATL,3,27,Home,1573.9452111152389,1575.7357848505123,1537.0248546188645,1612.6561413468867
2012_03_BUF_CLE,2012,3,2012-09-23,CLE,BUF,14,24,Home,1396.8337187392244,1447.59167595,1372.0329253047773,1472.3924693844472
2012_03_CIN_WAS,2012,3,2012-09-23,WAS,CIN,31,38,Home,1437.9888202262123,1488.5181104047122,1416.4703565576117,1510.0365740733127
2012_03_DET_TEN,2012,3,2012-09-23,TEN,DET,44,41,Home,1452.2327783352853,1511.5072045471034,1465.831895725359,1497.9080871570297
2012_03_HOU_DEN,2012,3,2012-09-23,DEN,HOU,25,31,Home,1479.2713336809156,1587.1678538513524,1462.5290850923002,1603.9101024399679
2012_03_JAX_IND,2012,3,2012-09-23,IND,JAX,17,22,Home,1408.2591584911129,1402.3505866988778,1387.4067766483645,1423.2029685416262
2012_03_KC_NO,2012,3,2012-09-23,NO,KC,24,27,Home,1556.109406543632,1418.2190439948008,1536.7466031893316,1437.5818473491013
2012_03_NE_BAL,2012,3,2012-09-23,BAL,NE,31,30,Home,1603.5592908802114,1645.0669518423417,1609.954504329953,1638.6717383926002
2012_03_NYJ_MIA,2012,3,2012-09-23,MIA,NYJ,20,23,Home,1497.1468697545938,1505.2919476651969,1481.441288215212,1520.9975292045788
2012_03_PHI_ARI,2012,3,2012-09-23,ARI,PHI,27,6,Home,1495.6954611978847,1562.5253055478995,1526.7428570435152,1531.477909702269
2012_03_PIT_OAK,2012,3,2012-09-23,LV,PIT,34,31,Home,1431.1405725736192,1566.2571151296809,1447.250407571255,1550.1472801320451
2012_03_SF_MIN,2012,3,2012-09-23,MIN,SF,24,13,Home,1421.4922026963172,1616.6391989840301,1453.3525196731318,1584.7788820072155
2012_03_STL_CHI,2012,3,2012-09-23,CHI,LA,23,6,Home,1507.1276103136613,1370.9935871674193,1519.7896397327531,1358.3315577483274
2012_03_TB_DAL,2012,3,2012-09-23,DAL,TB,16,10,Home,1482.955693426565,1402.7324709732266,1493.9952030056108,1391.6929613941807
2012_03_GB_SEA,2012,3,2012-09-24,SEA,GB,14,12,Home,1501.0797528777778,1616.8212901422735,1513.3754506751416,1604.5255923449097
2012_04_CLE_BAL,2012,4,2012-09-27,BAL,CLE,23,16,Home,1609.954504329953,1372.0329253047773,1615.3952854402105,1366.5921441945197
2012_04_CAR_ATL,2012,4,2012-09-30,ATL,CAR,30,28,Home,1612.6561413468867,1439.7763563371936,1616.6758377006258,1435.7566599834545
2012_04_CIN_JAX,2012,4,2012-09-30,JAX,CIN,10,27,Home,1423.2029685416262,1510.0365740733127,1396.379442476764,1536.8601001381749
2012_04_MIA_ARI,2012,4,2012-09-30,ARI,MIA,24,21,Home,1526.7428570435152,1481.441288215212,1535.88829329959,1472.295851959137
2012_04_MIN_DET,2012,4,2012-09-30,DET,MIN,13,20,Home,1497.9080871570297,1453.3525196731318,1472.053182508142,1479.2074243220195
2012_04_NE_BUF,2012,4,2012-09-30,BUF,NE,28,52,Home,1472.3924693844472,1638.6717383926002,1450.3448397521815,1660.7193680248658
2012_04_NO_GB,2012,4,2012-09-30,GB,NO,28,27,Home,1604.5255923449097,1536.7466031893316,1608.6792341961504,1532.5929613380908
2012_04_NYG_PHI,2012,4,2012-09-30,PHI,NYG,19,17,Home,1531.477909702269,1597.9676350611255,1542.5036722433013,1586.9418725200933
2012_04_OAK_DEN,2012,4,2012-09-30,DEN,LV,37,6,Home,1462.5290850923002,1447.250407571255,1488.3749048687891,1421.404587794766
2012_04_SD_KC,2012,4,2012-09-30,KC,LAC,20,37,Home,1437.5818473491013,1537.0248546188645,1411.9356626685935,1562.6710392993723
2012_04_SEA_STL,2012,4,2012-09-30,LA,SEA,19,13,Home,1358.3315577483274,1513.3754506751416,1381.7647616451065,1489.9422467783625
2012_04_SF_NYJ,2012,4,2012-09-30,NYJ,SF,0,34,Home,1520.9975292045788,1584.7788820072155,1485.3390958357752,1620.4373153760191
2012_04_TEN_HOU,2012,4,2012-09-30,HOU,TEN,38,14,Home,1603.9101024399679,1465.831895725359,1617.88018248629,1451.8618156790367
2012_04_WAS_TB,2012,4,2012-09-30,TB,WAS,22,24,Home,1391.6929613941807,1416.4703565576117,1379.6606147178563,1428.502703233936
2012_04_CHI_DAL,2012,4,2012-10-01,DAL,CHI,18,34,Home,1493.9952030056108,1519.7896397327531,1463.0312956602281,1550.7535470781359
2012_05_ARI_STL,2012,5,2012-10-04,LA,ARI,17,3,Home,1381.7647616451065,1535.88829329959,1414.32442875848,1503.3286261862165
2012_05_ATL_WAS,2012,5,2012-10-07,WAS,ATL,17,24,Home,1428.502703233936,1616.6758377006258,1415.5135004192314,1629.6650405153305
2012_05_BAL_KC,2012,5,2012-10-07,KC,BAL,6,9,Home,1411.9356626685935,1615.3952854402105,1403.8323431295614,1623.4986049792426
2012_05_BUF_SF,2012,5,2012-10-07,SF,BUF,45,3,Home,1620.4373153760191,1450.3448397521815,1634.391955019485,1436.3902001087156
2012_05_CHI_JAX,2012,5,2012-10-07,JAX,CHI,3,41,Home,1396.379442476764,1550.7535470781359,1370.0356417300363,1577.0973478248636
2012_05_CLE_NYG,2012,5,2012-10-07,NYG,CLE,41,27,Home,1586.9418725200933,1366.5921441945197,1594.7138958814166,1358.8201208331964
2012_05_DEN_NE,2012,5,2012-10-07,NE,DEN,31,21,Home,1660.7193680248658,1488.3749048687891,1669.5164987279038,1479.5777741657512
2012_05_GB_IND,2012,5,2012-10-07,IND,GB,30,27,Home,1387.4067766483645,1608.6792341961504,1405.8089119553583,1590.2770988891566
2012_05_MIA_CIN,2012,5,2012-10-07,CIN,MIA,13,17,Home,1536.8601001381749,1472.295851959137,1516.24171337627,1492.914238721042
2012_05_PHI_PIT,2012,5,2012-10-07,PIT,PHI,16,14,Home,1550.1472801320451,1542.5036722433013,1558.5904732524152,1534.0604791229312
2012_05_SD_NO,2012,5,2012-10-07,NO,LAC,31,24,Home,1532.5929613380908,1562.6710392993723,1551.0118955879534,1544.2521050495097
2012_05_SEA_CAR,2012,5,2012-10-07,CAR,SEA,12,16,Home,1435.7566599834545,1489.9422467783625,1419.2426596876771,1506.4562470741398
2012_05_TEN_MIN,2012,5,2012-10-07,MIN,TEN,30,7,Home,1479.2074243220195,1451.8618156790367,1501.7866300442893,1429.282609956767
2012_05_HOU_NYJ,2012,5,2012-10-08,NYJ,HOU,17,23,Home,1485.3390958357752,1617.88018248629,1470.0842115454677,1633.1350667765976
2012_06_PIT_TEN,2012,6,2012-10-11,TEN,PIT,26,23,Home,1429.282609956767,1558.5904732524152,1445.2168096171765,1542.6562735920056
2012_06_BUF_ARI,2012,6,2012-10-14,ARI,BUF,16,19,Home,1503.3286261862165,1436.3902001087156,1485.5091759834759,1454.2096503114562
2012_06_CIN_CLE,2012,6,2012-10-14,CLE,CIN,34,24,Home,1358.8201208331964,1516.24171337627,1387.8134143887928,1487.2484198206735
2012_06_DAL_BAL,2012,6,2012-10-14,BAL,DAL,31,29,Home,1623.4986049792426,1463.0312956602281,1627.7739263058804,1458.7559743335903
2012_06_DET_PHI,2012,6,2012-10-14,PHI,DET,23,26,Home,1534.0604791229312,1472.053182508142,1516.3656671072692,1489.747994523804
2012_06_GB_HOU,2012,6,2012-10-14,HOU,GB,24,42,Home,1633.1350667765976,1590.2770988891566,1596.6227652636414,1626.7894004021127
2012_06_IND_NYJ,2012,6,2012-10-14,NYJ,IND,35,9,Home,1470.0842115454677,1405.8089119553583,1490.1372064811785,1385.7559170196475
2012_06_KC_TB,2012,6,2012-10-14,TB,KC,38,10,Home,1379.6606147178563,1403.8323431295614,1408.8529105615842,1374.6400472858336
2012_06_MIN_WAS,2012,6,2012-10-14,WAS,MIN,38,26,Home,1415.5135004192314,1501.7866300442893,1442.470859903304,1474.8292705602166
2012_06_NE_SEA,2012,6,2012-10-14,SEA,NE,24,23,Home,1506.4562470741398,1669.5164987279038,1514.916612152209,1661.0561336498347
2012_06_NYG_SF,2012,6,2012-10-14,SF,NYG,3,26,Home,1634.391955019485,1594.7138958814166,1595.18157559325,1633.9242753076517
2012_06_OAK_ATL,2012,6,2012-10-14,ATL,LV,23,20,Home,1629.6650405153305,1421.404587794766,1633.9017539067238,1417.1678744033727
2012_06_STL_MIA,2012,6,2012-10-14,MIA,LA,17,14,Home,1492.914238721042,1414.32442875848,1500.836145396934,1406.4025220825881
2012_06_DEN_SD,2012,6,2012-10-15,LAC,DEN,24,35,Home,1544.2521050495097,1479.5777741657512,1512.4131699223367,1511.4167092929242
2012_07_SEA_SF,2012,7,2012-10-18,SF,SEA,13,6,Home,1595.18157559325,1514.916612152209,1606.9764462566136,1503.1217414888454
2012_07_ARI_MIN,2012,7,2012-10-21,MIN,ARI,21,14,Home,1474.8292705602166,1485.5091759834759,1491.975444756382,1468.3630017873104
2012_07_BAL_HOU,2012,7,2012-10-21,HOU,BAL,43,13,Home,1596.6227652636414,1627.7739263058804,1627.157819989799,1597.2388715797229
2012_07_CLE_IND,2012,7,2012-10-21,IND,CLE,17,13,Home,1385.7559170196475,1387.8134143887928,1398.5986401559344,1374.970691252506
2012_07_DAL_CAR,2012,7,2012-10-21,CAR,DAL,14,19,Home,1419.2426596876771,1458.7559743335903,1400.2332652588848,1477.7653687623826
2012_07_GB_STL,2012,7,2012-10-21,LA,GB,20,30,Home,1406.4025220825881,1626.7894004021127,1393.4038874108405,1639.7880350738603
2012_07_JAX_OAK,2012,7,2012-10-21,LV,JAX,26,23,Home,1417.1678744033727,1370.0356417300363,1426.2432294873556,1360.9602866460534
2012_07_NO_TB,2012,7,2012-10-21,TB,NO,28,35,Home,1408.8529105615842,1551.0118955879534,1393.1527363750643,1566.7120697744733
2012_07_NYJ_NE,2012,7,2012-10-21,NE,NYJ,29,26,Home,1661.0561336498347,1490.1372064811785,1666.1783460293482,1485.014994101665
2012_07_PIT_CIN,2012,7,2012-10-21,CIN,PIT,17,24,Home,1487.2484198206735,1542.6562735920056,1465.9728124121489,1563.9318810005302
2012_07_TEN_BUF,2012,7,2012-10-21,BUF,TEN,34,35,Home,1454.2096503114562,1445.2168096171765,1446.0967746393749,1453.329685289258
2012_07_WAS_NYG,2012,7,2012-10-21,NYG,WAS,27,23,Home,1633.9242753076517,1442.470859903304,1639.2861090600243,1437.1090261509314
2012_07_DET_CHI,2012,7,2012-10-22,CHI,DET,13,7,Home,1577.0973478248636,1489.747994523804,1587.7910287955442,1479.0543135531234
2012_08_TB_MIN,2012,8,2012-10-25,MIN,TB,17,36,Home,1491.975444756382,1393.1527363750643,1451.8425738868789,1433.2856072445675
2012_08_ATL_PHI,2012,8,2012-10-28,PHI,ATL,17,30,Home,1516.3656671072692,1633.9017539067238,1494.4586410902907,1655.8087799237023
2012_08_CAR_CHI,2012,8,2012-10-28,CHI,CAR,23,22,Home,1587.7910287955442,1400.2332652588848,1590.1464304804563,1397.8778635739727
2012_08_IND_TEN,2012,8,2012-10-28,TEN,IND,13,19,Home,1453.329685289258,1398.5986401559344,1428.7555433081363,1423.172782137056
2012_08_JAX_GB,2012,8,2012-10-28,GB,JAX,24,15,Home,1639.7880350738603,1360.9602866460534,1644.6230977857406,1356.1252239341732
2012_08_MIA_NYJ,2012,8,2012-10-28,NYJ,MIA,9,30,Home,1485.014994101665,1500.836145396934,1450.5291437669462,1535.3219957316528
2012_08_NE_STL,2012,8,2012-10-28,LA,NE,7,45,Neutral,1393.4038874108405,1666.1783460293482,1382.1793486530294,1677.4028847871593
2012_08_NO_DEN,2012,8,2012-10-28,DEN,NO,34,14,Home,1511.4167092929242,1566.7120697744733,1540.8817764356268,1537.2470026317708
2012_08_NYG_DAL,2012,8,2012-10-28,DAL,NYG,24,29,Home,1477.7653687623826,1639.2861090600243,1465.2502962890571,1651.8011815333498
2012_08_OAK_KC,2012,8,2012-10-28,KC,LV,16,26,Home,1374.6400472858336,1426.2432294873556,1349.8876733556338,1450.9956034175555
2012_08_SD_CLE,2012,8,2012-10-28,CLE,LAC,7,6,Home,1374.970691252506,1512.4131699223367,1383.06044906929,1504.3234121055527
2012_08_SEA_DET,2012,8,2012-10-28,DET,SEA,28,24,Home,1479.0543135531234,1503.1217414888454,1493.0017806974595,1489.1742743445093
2012_08_WAS_PIT,2012,8,2012-10-28,PIT,WAS,27,12,Home,1563.9318810005302,1437.1090261509314,1576.6294603250176,1424.411446826444
2012_08_SF_ARI,2012,8,2012-10-29,ARI,SF,3,24,Home,1468.3630017873104,1606.9764462566136,1444.6973653033735,1630.6420827405504
2012_09_KC_SD,2012,9,2012-11-01,LAC,KC,31,13,Home,1504.3234121055527,1349.8876733556338,1516.1268359142887,1338.0842495468978
2012_09_ARI_GB,2012,9,2012-11-04,GB,ARI,31,17,Home,1644.6230977857406,1444.6973653033735,1653.2624621855223,1436.0580009035918
2012_09_BAL_CLE,2012,9,2012-11-04,CLE,BAL,15,25,Home,1383.06044906929,1597.2388715797229,1369.6943803757285,1610.6049402732842
2012_09_BUF_HOU,2012,9,2012-11-04,HOU,BUF,21,9,Home,1627.157819989799,1446.0967746393749,1636.1649968852469,1437.089597743927
2012_09_CAR_WAS,2012,9,2012-11-04,WAS,CAR,13,21,Home,1424.411446826444,1397.8778635739727,1397.8845028249787,1424.404807575438
2012_09_CHI_TEN,2012,9,2012-11-04,TEN,CHI,20,51,Home,1428.7555433081363,1590.1464304804563,1404.5352198341213,1614.3667539544713
2012_09_DAL_ATL,2012,9,2012-11-04,ATL,DAL,19,13,Home,1655.8087799237023,1465.2502962890571,1662.3211711156584,1458.737905097101
2012_09_DEN_CIN,2012,9,2012-11-04,CIN,DEN,23,31,Home,1465.9728124121489,1540.8817764356268,1444.7227634351682,1562.1318254126074
2012_09_DET_JAX,2012,9,2012-11-04,JAX,DET,14,31,Home,1356.1252239341732,1493.0017806974595,1333.8450804298282,1515.2819242018045
2012_09_MIA_IND,2012,9,2012-11-04,IND,MIA,23,20,Home,1423.172782137056,1535.3219957316528,1438.575449211101,1519.9193286576078
2012_09_MIN_SEA,2012,9,2012-11-04,SEA,MIN,30,20,Home,1489.1742743445093,1451.8425738868789,1505.527332202346,1435.489516029042
2012_09_PIT_NYG,2012,9,2012-11-04,NYG,PIT,20,24,Home,1651.8011815333498,1576.6294603250176,1630.877498659489,1597.5531431988784
2012_09_TB_OAK,2012,9,2012-11-04,LV,TB,32,42,Home,1450.9956034175555,1433.2856072445675,1422.4855507914283,1461.7956598706946
2012_09_PHI_NO,2012,9,2012-11-05,NO,PHI,28,13,Home,1537.2470026317708,1494.4586410902907,1555.7313217370206,1475.974321985041
2012_10_IND_JAX,2012,10,2012-11-08,JAX,IND,10,27,Home,1333.8450804298282,1438.575449211101,1308.6866064851984,1463.7339231557307
2012_10_ATL_NO,2012,10,2012-11-11,NO,ATL,31,27,Home,1555.7313217370206,1662.3211711156584,1573.408945870362,1644.643546982317
2012_10_BUF_NE,2012,10,2012-11-11,NE,BUF,37,31,Home,1677.4028847871593,1437.089597743927,1682.430105903656,1432.0623766274302
2012_10_DAL_PHI,2012,10,2012-11-11,PHI,DAL,23,38,Home,1475.974321985041,1458.737905097101,1443.0369203802954,1491.6753067018465
2012_10_DEN_CAR,2012,10,2012-11-11,CAR,DEN,14,36,Home,1424.404807575438,1562.1318254126074,1400.315374832704,1586.2212581553415
2012_10_DET_MIN,2012,10,2012-11-11,MIN,DET,34,24,Home,1435.489516029042,1515.2819242018045,1460.321811636527,1490.4496285943196
2012_10_HOU_CHI,2012,10,2012-11-11,CHI,HOU,6,13,Home,1614.3667539544713,1636.1649968852469,1591.4499298863882,1659.08182095333
2012_10_NYG_CIN,2012,10,2012-11-11,CIN,NYG,31,13,Home,1444.7227634351682,1630.877498659489,1481.9857747850442,1593.614487309613
2012_10_NYJ_SEA,2012,10,2012-11-11,SEA,NYJ,28,7,Home,1505.527332202346,1450.5291437669462,1525.0994650539885,1430.9570109153037
2012_10_OAK_BAL,2012,10,2012-11-11,BAL,LV,55,20,Home,1610.6049402732842,1422.4855507914283,1622.7475298730626,1410.34296119165
2012_10_SD_TB,2012,10,2012-11-11,TB,LAC,34,24,Home,1461.7956598706946,1516.1268359142887,1484.926342559555,1492.9961532254283
2012_10_STL_SF,2012,10,2012-11-11,SF,LA,24,24,Home,1630.6420827405504,1382.1793486530294,1623.468320033138,1389.3531113604417
2012_10_TEN_MIA,2012,10,2012-11-11,MIA,TEN,3,37,Home,1519.9193286576078,1404.5352198341213,1471.3838229182577,1453.0707255734715
2012_10_KC_PIT,2012,10,2012-11-12,PIT,KC,16,13,Home,1597.5531431988784,1338.0842495468978,1600.785992163033,1334.8514005827433
2012_11_MIA_BUF,2012,11,2012-11-15,BUF,MIA,19,14,Home,1432.0623766274302,1471.3838229182577,1448.4666374043918,1454.9795621412961
2012_11_ARI_ATL,2012,11,2012-11-18,ATL,ARI,23,19,Home,1644.643546982317,1436.0580009035918,1649.5539546653065,1431.1475932206024
2012_11_BAL_PIT,2012,11,2012-11-18,PIT,BAL,10,13,Home,1600.785992163033,1622.7475298730626,1585.5132903444687,1638.0202316916268
2012_11_CIN_KC,2012,11,2012-11-18,KC,CIN,6,28,Home,1334.8514005827433,1481.9857747850442,1311.6403157692366,1505.1968595985509
2012_11_CLE_DAL,2012,11,2012-11-18,DAL,CLE,23,20,Home,1491.6753067018465,1369.6943803757285,1498.1710767366253,1363.1986103409497
2012_11_GB_DET,2012,11,2012-11-18,DET,GB,20,24,Home,1490.4496285943196,1653.2624621855223,1479.26740388579,1664.444686894052
2012_11_IND_NE,2012,11,2012-11-18,NE,IND,59,24,Home,1682.430105903656,1463.7339231557307,1692.803889200235,1453.3601398591518
2012_11_JAX_HOU,2012,11,2012-11-18,HOU,JAX,43,37,Home,1659.08182095333,1308.6866064851984,1661.8266717382392,1305.9417557002891
2012_11_NO_OAK,2012,11,2012-11-18,LV,NO,17,38,Home,1410.34296119165,1573.408945870362,1388.8889865352269,1594.862920526785
2012_11_NYJ_STL,2012,11,2012-11-18,LA,NYJ,13,27,Home,1389.3531113604417,1430.9570109153037,1360.7558959659764,1459.554226309769
2012_11_PHI_WAS,2012,11,2012-11-18,WAS,PHI,31,6,Home,1397.8845028249787,1443.0369203802954,1428.3315897888597,1412.5898334164144
2012_11_SD_DEN,2012,11,2012-11-18,DEN,LAC,30,23,Home,1586.2212581553415,1492.9961532254283,1597.34991609441,1481.8674952863598
2012_11_TB_CAR,2012,11,2012-11-18,CAR,TB,21,27,Home,1400.315374832704,1484.926342559555,1382.1157086480584,1503.1260087442006
2012_11_CHI_SF,2012,11,2012-11-19,SF,CHI,32,7,Home,1623.468320033138,1591.4499298863882,1646.1791252177375,1568.7391247017888
2012_12_HOU_DET,2012,12,2012-11-22,DET,HOU,31,34,Home,1479.26740388579,1661.8266717382392,1470.3979364558759,1670.6961391681532
2012_12_NE_NYJ,2012,12,2012-11-22,NYJ,NE,19,49,Home,1459.554226309769,1692.803889200235,1441.9979315758383,1710.360183934166
2012_12_WAS_DAL,2012,12,2012-11-22,DAL,WAS,31,38,Home,1498.1710767366253,1428.3315897888597,1471.333437849353,1455.169228676132
2012_12_ATL_TB,2012,12,2012-11-25,TB,ATL,23,24,Home,1503.1260087442006,1649.5539546653065,1497.9804032778454,1654.6995601316617
2012_12_BAL_SD,2012,12,2012-11-25,LAC,BAL,13,16,Home,1481.8674952863598,1638.0202316916268,1471.9704657357722,1647.9172612422144
2012_12_BUF_IND,2012,12,2012-11-25,IND,BUF,20,13,Home,1453.3601398591518,1448.4666374043918,1469.5136866623427,1432.3130906012009
2012_12_DEN_KC,2012,12,2012-11-25,KC,DEN,9,17,Home,1311.6403157692366,1597.34991609441,1302.8871204546058,1606.1031114090408
2012_12_GB_NYG,2012,12,2012-11-25,NYG,GB,38,10,Home,1593.614487309613,1664.444686894052,1627.7619532708213,1630.2972209328436
2012_12_MIN_CHI,2012,12,2012-11-25,CHI,MIN,28,10,Home,1568.7391247017888,1460.321811636527,1583.438127329485,1445.6228090088307
2012_12_OAK_CIN,2012,12,2012-11-25,CIN,LV,34,10,Home,1505.1968595985509,1388.8889865352269,1520.6866703985756,1373.399175735202
2012_12_PIT_CLE,2012,12,2012-11-25,CLE,PIT,20,14,Home,1363.1986103409497,1585.5132903444687,1389.062584106802,1559.6493165786164
2012_12_SEA_MIA,2012,12,2012-11-25,MIA,SEA,24,21,Home,1454.9795621412961,1525.0994650539885,1469.0141173608613,1511.0649098344234
2012_12_SF_NO,2012,12,2012-11-25,NO,SF,21,31,Home,1594.862920526785,1646.1791252177375,1570.0941014244013,1670.9479443201212
2012_12_STL_ARI,2012,12,2012-11-25,ARI,LA,17,31,Home,1431.1475932206024,1360.7558959659764,1396.1703011950615,1395.7331879915173
2012_12_TEN_JAX,2012,12,2012-11-25,JAX,TEN,24,19,Home,1305.9417557002891,1453.0707255734715,1327.2231912060502,1431.7892900677105
2012_12_CAR_PHI,2012,12,2012-11-26,PHI,CAR,22,30,Home,1412.5898334164144,1382.1157086480584,1385.8860859431527,1408.8194561213202
2012_13_NO_ATL,2012,13,2012-11-29,ATL,NO,23,13,Home,1654.6995601316617,1570.0941014244013,1668.0401367832196,1556.7535247728433
2012_13_ARI_NYJ,2012,13,2012-12-02,NYJ,ARI,7,6,Home,1441.9979315758383,1396.1703011950615,1446.5605642248377,1391.607668546062
2012_13_CAR_KC,2012,13,2012-12-02,KC,CAR,27,21,Home,1302.8871204546058,1408.8194561213202,1324.231086327593,1387.475490248333
2012_13_CIN_SD,2012,13,2012-12-02,LAC,CIN,13,20,Home,1471.9704657357722,1520.6866703985756,1450.3620988162725,1542.2950373180754
2012_13_CLE_OAK,2012,13,2012-12-02,LV,CLE,17,20,Home,1373.399175735202,1389.062584106802,1357.9277485455912,1404.534011296413
2012_13_HOU_TEN,2012,13,2012-12-02,TEN,HOU,10,24,Home,1431.7892900677105,1670.6961391681532,1418.3009709883706,1684.184458247493
2012_13_IND_DET,2012,13,2012-12-02,DET,IND,33,35,Home,1470.3979364558759,1469.5136866623427,1457.7324301352687,1482.1791929829499
2012_13_JAX_BUF,2012,13,2012-12-02,BUF,JAX,34,18,Home,1432.3130906012009,1327.2231912060502,1446.6758094057307,1312.8604724015204
2012_13_MIN_GB,2012,13,2012-12-02,GB,MIN,23,14,Home,1630.2972209328436,1445.6228090088307,1638.2368443083574,1437.683185633317
2012_13_NE_MIA,2012,13,2012-12-02,MIA,NE,16,23,Home,1469.0141173608613,1710.360183934166,1458.7733123814053,1720.600988913622
2012_13_PHI_DAL,2012,13,2012-12-02,DAL,PHI,38,33,Home,1471.333437849353,1385.8860859431527,1481.2643241544304,1375.9551996380753
2012_13_PIT_BAL,2012,13,2012-12-02,BAL,PIT,20,23,Home,1647.9172612422144,1559.6493165786164,1629.5841079059917,1577.9824699148392
2012_13_SEA_CHI,2012,13,2012-12-02,CHI,SEA,17,23,Home,1583.438127329485,1511.0649098344234,1558.2360938177267,1536.2669433461817
2012_13_SF_STL,2012,13,2012-12-02,LA,SF,16,13,Home,1395.7331879915173,1670.9479443201212,1415.228088161761,1651.4530441498775
2012_13_TB_DEN,2012,13,2012-12-02,DEN,TB,31,23,Home,1606.1031114090408,1497.9804032778454,1617.0868889539515,1486.9966257329347
2012_13_NYG_WAS,2012,13,2012-12-03,WAS,NYG,17,16,Home,1455.169228676132,1627.7619532708213,1463.760948435444,1619.1702335115092
2012_14_DEN_OAK,2012,14,2012-12-06,LV,DEN,13,26,Home,1357.9277485455912,1617.0868889539515,1345.975040610631,1629.0395968889118
2012_14_ARI_SEA,2012,14,2012-12-09,SEA,ARI,58,0,Home,1536.2669433461817,1391.607668546062,1553.410308517456,1374.4643033747877
2012_14_ATL_CAR,2012,14,2012-12-09,CAR,ATL,30,20,Home,1387.475490248333,1668.0401367832196,1421.3574543839936,1634.158172647559
2012_14_BAL_WAS,2012,14,2012-12-09,WAS,BAL,31,28,Home,1463.760948435444,1629.5841079059917,1480.7585858020582,1612.5864705393776
2012_14_CHI_MIN,2012,14,2012-12-09,MIN,CHI,21,14,Home,1437.683185633317,1558.2360938177267,1461.181104172801,1534.7381752782426
2012_14_DAL_CIN,2012,14,2012-12-09,CIN,DAL,19,20,Home,1542.2950373180754,1481.2643241544304,1533.4601015193437,1490.0992599531621
2012_14_DET_GB,2012,14,2012-12-09,GB,DET,27,20,Home,1638.2368443083574,1457.7324301352687,1645.5596079547272,1450.409666488899
2012_14_KC_CLE,2012,14,2012-12-09,CLE,KC,30,7,Home,1404.534011296413,1324.231086327593,1422.5573180022868,1306.207779621719
2012_14_MIA_SF,2012,14,2012-12-09,SF,MIA,27,13,Home,1651.4530441498775,1458.7733123814053,1660.4186957614288,1449.807660769854
2012_14_NO_NYG,2012,14,2012-12-09,NYG,NO,52,27,Home,1619.1702335115092,1556.7535247728433,1639.153597665448,1536.7701606189046
2012_14_NYJ_JAX,2012,14,2012-12-09,JAX,NYJ,10,17,Home,1312.8604724015204,1446.5605642248377,1296.6318482506779,1462.7891883756802
2012_14_PHI_TB,2012,14,2012-12-09,TB,PHI,21,23,Home,1486.9966257329347,1375.9551996380753,1472.0704009082256,1390.8814244627845
2012_14_SD_PIT,2012,14,2012-12-09,PIT,LAC,24,34,Home,1577.9824699148392,1450.3620988162725,1544.8255985001142,1483.5189702309974
2012_14_STL_BUF,2012,14,2012-12-09,BUF,LA,12,15,Home,1446.6758094057307,1415.228088161761,1429.8002484487,1432.1036491187917
2012_14_TEN_IND,2012,14,2012-12-09,IND,TEN,27,23,Home,1482.1791929829499,1418.3009709883706,1491.9884138215434,1408.491750149777
2012_14_HOU_NE,2012,14,2012-12-10,NE,HOU,42,14,Home,1720.600988913622,1684.184458247493,1743.652149559161,1661.133297601954
2012_15_CIN_PHI,2012,15,2012-12-13,PHI,CIN,13,34,Home,1390.8814244627845,1533.4601015193437,1367.5821099496923,1556.7594160324359
2012_15_CAR_SD,2012,15,2012-12-16,LAC,CAR,7,31,Home,1483.5189702309974,1421.3574543839936,1442.4237620498977,1462.4526625650933
2012_15_DEN_BAL,2012,15,2012-12-16,BAL,DEN,17,34,Home,1612.5864705393776,1629.0395968889118,1580.380816437407,1661.2452509908824
2012_15_DET_ARI,2012,15,2012-12-16,ARI,DET,38,10,Home,1374.4643033747877,1450.409666488899,1409.0257707574099,1415.8481991062768
2012_15_GB_CHI,2012,15,2012-12-16,CHI,GB,13,21,Home,1534.7381752782426,1645.5596079547272,1516.0365630007043,1664.2612202322655
2012_15_IND_HOU,2012,15,2012-12-16,HOU,IND,29,17,Home,1661.133297601954,1491.9884138215434,1670.6946981692859,1482.4270132542115
2012_15_JAX_MIA,2012,15,2012-12-16,MIA,JAX,24,3,Home,1449.807660769854,1296.6318482506779,1462.2754707179272,1284.1640383026047
2012_15_KC_OAK,2012,15,2012-12-16,LV,KC,15,0,Home,1345.975040610631,1306.207779621719,1364.693459531161,1287.489360701189
2012_15_MIN_STL,2012,15,2012-12-16,LA,MIN,22,36,Home,1432.1036491187917,1461.181104172801,1402.7130393882287,1490.571713903364
2012_15_NYG_ATL,2012,15,2012-12-16,ATL,NYG,34,0,Home,1634.158172647559,1639.153597665448,1662.8491078452323,1610.4626624677746
2012_15_PIT_DAL,2012,15,2012-12-16,DAL,PIT,27,24,Home,1490.0992599531621,1544.8255985001142,1503.4898640488072,1531.434994404469
2012_15_SEA_BUF,2012,15,2012-12-16,BUF,SEA,17,50,Home,1429.8002484487,1553.410308517456,1401.1917414627708,1582.0188155033852
2012_15_SF_NE,2012,15,2012-12-16,NE,SF,34,41,Home,1743.652149559161,1660.4186957614288,1716.3286341450446,1687.7422111755452
2012_15_TB_NO,2012,15,2012-12-16,NO,TB,41,0,Home,1536.7701606189046,1472.0704009082256,1559.4696281417419,1449.3709333853883
2012_15_WAS_CLE,2012,15,2012-12-16,CLE,WAS,21,38,Home,1422.5573180022868,1480.7585858020582,1393.1788644858584,1510.1370393184866
2012_15_NYJ_TEN,2012,15,2012-12-17,TEN,NYJ,14,10,Home,1408.491750149777,1462.7891883756802,1424.014990080665,1447.2659484447922
2012_16_ATL_DET,2012,16,2012-12-22,DET,ATL,18,31,Home,1415.8481991062768,1662.8491078452323,1403.189697013452,1675.5076099380572
2012_16_BUF_MIA,2012,16,2012-12-23,MIA,BUF,24,10,Home,1462.2754707179272,1401.1917414627708,1478.9809390066837,1384.4862731740143
2012_16_CHI_ARI,2012,16,2012-12-23,ARI,CHI,13,28,Home,1409.0257707574099,1516.0365630007043,1385.093176966761,1539.9691567913533
2012_16_CIN_PIT,2012,16,2012-12-23,PIT,CIN,10,13,Home,1531.434994404469,1556.7594160324359,1516.269314102795,1571.9250963341099
2012_16_CLE_DEN,2012,16,2012-12-23,DEN,CLE,34,12,Home,1661.2452509908824,1393.1788644858584,1668.225655400408,1386.1984600763328
2012_16_IND_KC,2012,16,2012-12-23,KC,IND,13,20,Home,1287.489360701189,1482.4270132542115,1274.8735968398378,1495.0427771155628
2012_16_MIN_HOU,2012,16,2012-12-23,HOU,MIN,6,23,Home,1670.6946981692859,1490.571713903364,1628.8804798708518,1532.3859322017981
2012_16_NE_JAX,2012,16,2012-12-23,JAX,NE,16,23,Home,1284.1640383026047,1716.3286341450446,1280.3225126278494,1720.1701598198
2012_16_NO_DAL,2012,16,2012-12-23,DAL,NO,31,34,Home,1503.4898640488072,1559.4696281417419,1489.3251638112677,1573.6343283792814
2012_16_NYG_BAL,2012,16,2012-12-23,BAL,NYG,33,14,Home,1580.380816437407,1610.4626624677746,1606.9162809260556,1583.927197979126
2012_16_OAK_CAR,2012,16,2012-12-23,CAR,LV,17,6,Home,1462.4526625650933,1364.693459531161,1475.4800664507086,1351.6660556455456
2012_16_SD_NYJ,2012,16,2012-12-23,NYJ,LAC,17,27,Home,1447.2659484447922,1442.4237620498977,1419.4147718074098,1470.2749386872802
2012_16_SF_SEA,2012,16,2012-12-23,SEA,SF,42,13,Home,1582.0188155033852,1687.7422111755452,1619.3089578412953,1650.4520688376351
2012_16_STL_TB,2012,16,2012-12-23,TB,LA,13,28,Home,1449.3709333853883,1402.7130393882287,1414.7845617776707,1437.2994109959463
2012_16_TEN_GB,2012,16,2012-12-23,GB,TEN,55,7,Home,1664.2612202322655,1424.014990080665,1674.319242332892,1413.9569679800386
2012_16_WAS_PHI,2012,16,2012-12-23,PHI,WAS,20,27,Home,1367.5821099496923,1510.1370393184866,1351.90645764542,1525.8126916227588
2012_17_ARI_SF,2012,17,2012-12-30,SF,ARI,27,13,Home,1650.4520688376351,1385.093176966761,1656.5698092671041,1378.975436537292
2012_17_BAL_CIN,2012,17,2012-12-30,CIN,BAL,23,17,Home,1571.9250963341099,1606.9162809260556,1589.468340920505,1589.3730363396605
2012_17_CAR_NO,2012,17,2012-12-30,NO,CAR,38,44,Home,1573.6343283792814,1475.4800664507086,1547.5863633612837,1501.5280314687063
2012_17_CHI_DET,2012,17,2012-12-30,DET,CHI,24,26,Home,1403.189697013452,1539.9691567913533,1394.717941682593,1548.4409121222122
2012_17_CLE_PIT,2012,17,2012-12-30,PIT,CLE,24,10,Home,1516.269314102795,1386.1984600763328,1528.481408825913,1373.986365353215
2012_17_DAL_WAS,2012,17,2012-12-30,WAS,DAL,28,18,Home,1525.8126916227588,1489.3251638112677,1542.2229111379902,1472.9149442960363
2012_17_GB_MIN,2012,17,2012-12-30,MIN,GB,37,34,Home,1532.3859322017981,1674.319242332892,1548.6989073079085,1658.0062672267816
2012_17_HOU_IND,2012,17,2012-12-30,IND,HOU,28,16,Home,1495.0427771155628,1628.8804798708518,1524.7783337884184,1599.1449231979961
2012_17_JAX_TEN,2012,17,2012-12-30,TEN,JAX,38,20,Home,1413.9569679800386,1280.3225126278494,1427.0112002998683,1267.2682803080197
2012_17_KC_DEN,2012,17,2012-12-30,DEN,KC,38,3,Home,1668.225655400408,1274.8735968398378,1672.18196239813,1270.9172898421157
2012_17_MIA_NE,2012,17,2012-12-30,NE,MIA,28,0,Home,1720.1701598198,1478.9809390066837,1728.8291303323426,1470.321968494141
2012_17_NYJ_BUF,2012,17,2012-12-30,BUF,NYJ,28,9,Home,1384.4862731740143,1419.4147718074098,1411.4880789955364,1392.4129659858877
2012_17_OAK_SD,2012,17,2012-12-30,LAC,LV,24,21,Home,1470.2749386872802,1351.6660556455456,1476.8745176468647,1345.066476685961
2012_17_PHI_NYG,2012,17,2012-12-30,NYG,PHI,42,7,Home,1583.927197979126,1351.90645764542,1593.6004786605456,1342.2331769640004
2012_17_STL_SEA,2012,17,2012-12-30,SEA,LA,20,13,Home,1619.3089578412953,1437.2994109959463,1626.5763548769262,1430.0320139603155
2012_17_TB_ATL,2012,17,2012-12-30,ATL,TB,17,22,Home,1675.5076099380572,1414.7845617776707,1648.4440829612538,1441.848088754474
2012_18_CIN_HOU,2012,18,2013-01-05,HOU,CIN,19,13,Home,1599.1449231979961,1589.468340920505,1613.9811915562768,1574.6320725622243
2012_18_MIN_GB,2012,18,2013-01-05,GB,MIN,24,10,Home,1658.0062672267816,1548.6989073079085,1671.4695861206346,1535.2355884140554
2012_18_IND_BAL,2012,18,2013-01-06,BAL,IND,24,9,Home,1589.3730363396605,1524.7783337884184,1606.2190817363662,1507.9322883917127
2012_18_SEA_WAS,2012,18,2013-01-06,WAS,SEA,14,24,Home,1542.2229111379902,1626.5763548769262,1519.7757627226913,1649.023503292225
2012_19_BAL_DEN,2012,19,2013-01-12,DEN,BAL,35,38,Home,1672.18196239813,1606.2190817363662,1654.3869976019232,1624.014046532573
2012_19_GB_SF,2012,19,2013-01-12,SF,GB,45,31,Home,1656.5698092671041,1671.4695861206346,1679.255527225901,1648.7838681618377
2012_19_HOU_NE,2012,19,2013-01-13,NE,HOU,41,28,Home,1728.8291303323426,1613.9811915562768,1741.6156801465186,1601.1946417421009
2012_19_SEA_ATL,2012,19,2013-01-13,ATL,SEA,30,28,Home,1648.4440829612538,1649.023503292225,1657.1609670553466,1640.3066191981322
2012_20_BAL_NE,2012,20,2013-01-20,NE,BAL,13,28,Home,1741.6156801465186,1624.014046532573,1703.675343300524,1661.9543833785676
2012_20_SF_ATL,2012,20,2013-01-20,ATL,SF,24,28,Home,1657.1609670553466,1679.255527225901,1639.4348103845039,1696.9816838967438
2012_21_BAL_SF,2012,21,2013-02-03,SF,BAL,31,34,Neutral,1696.9816838967438,1661.9543833785676,1681.9649296127295,1676.971137662582
2013_01_BAL_DEN,2013,1,2013-09-05,DEN,BAL,49,27,Home,1592.632198561154,1606.182682597549,1618.7664526954807,1580.0484284632223
2013_01_ARI_STL,2013,1,2013-09-08,LA,ARI,27,24,Home,1458.0192083761892,1427.385261922375,1467.737373990311,1417.6670963082533
2013_01_ATL_NO,2013,1,2013-09-08,NO,ATL,23,17,Home,1528.55181801677,1583.6608862307023,1547.372484399575,1564.8402198478975
2013_01_CIN_CHI,2013,1,2013-09-08,CHI,CIN,24,21,Home,1529.0645472733272,1544.7792435373344,1540.7130994578624,1533.1306913527992
2013_01_GB_SF,2013,1,2013-09-08,SF,GB,34,28,Home,1609.1789577676377,1589.2703208971025,1623.4251505401885,1575.0241281245517
2013_01_KC_JAX,2013,1,2013-09-08,JAX,KC,2,28,Home,1360.3609681848118,1362.5503739052692,1322.5868090657775,1400.3245330243035
2013_01_MIA_CLE,2013,1,2013-09-08,CLE,MIA,10,23,Home,1424.391819211929,1482.1931810964845,1397.5423829887943,1509.0426173196192
2013_01_MIN_DET,2013,1,2013-09-08,DET,MIN,34,24,Home,1436.8307650095558,1521.1413530484333,1461.9208759542337,1496.0512421037554
2013_01_NE_BUF,2013,1,2013-09-08,BUF,NE,21,23,Home,1446.892847397322,1622.2052059803143,1439.6455887069392,1629.452464670697
2013_01_NYG_DAL,2013,1,2013-09-08,DAL,NYG,36,31,Home,1483.7489665776218,1556.1602871963273,1501.9872715226973,1537.9219822512518
2013_01_OAK_IND,2013,1,2013-09-08,IND,LV,21,17,Home,1504.7593730350277,1407.0398860115765,1513.1985610459185,1398.6006980006857
2013_01_SEA_CAR,2013,1,2013-09-08,CAR,SEA,7,12,Home,1500.9168188812237,1584.1839715188794,1484.0802106970955,1601.0205797030076
2013_01_TB_NYJ,2013,1,2013-09-08,NYJ,TB,18,17,Home,1435.4477795915327,1465.1088532526844,1441.5781742606055,1458.9784585836117
2013_01_TEN_PIT,2013,1,2013-09-08,PIT,TEN,9,16,Home,1517.0888452955478,1456.206720179921,1490.589741051186,1482.7058244242828
2013_01_HOU_SD,2013,1,2013-09-09,LAC,HOU,28,31,Home,1486.124710588119,1560.7167850452606,1472.702920278141,1574.1385753552386
2013_01_PHI_WAS,2013,1,2013-09-09,WAS,PHI,27,33,Home,1511.8654576336148,1405.3399061784003,1485.5616236021756,1431.6437402098395
2013_02_NYJ_NE,2013,2,2013-09-12,NE,NYJ,13,10,Home,1629.452464670697,1441.5781742606055,1634.1557073407062,1436.8749315905964
2013_02_CAR_BUF,2013,2,2013-09-15,BUF,CAR,24,23,Home,1439.6455887069392,1484.0802106970955,1446.1068526731278,1477.6189467309068
2013_02_CLE_BAL,2013,2,2013-09-15,BAL,CLE,14,6,Home,1580.0484284632223,1397.5423829887943,1587.7082427372568,1389.8825687147598
2013_02_DAL_KC,2013,2,2013-09-15,KC,DAL,17,16,Home,1400.3245330243035,1501.9872715226973,1407.8591736136816,1494.4526309333191
2013_02_DEN_NYG,2013,2,2013-09-15,NYG,DEN,23,41,Home,1537.9219822512518,1618.7664526954807,1510.0203939677574,1646.6680409789751
2013_02_DET_ARI,2013,2,2013-09-15,ARI,DET,25,21,Home,1417.6670963082533,1461.9208759542337,1432.6601952335564,1446.9277770289307
2013_02_JAX_OAK,2013,2,2013-09-15,LV,JAX,19,9,Home,1398.6006980006857,1322.5868090657775,1412.4603291558885,1308.7271779105747
2013_02_MIA_IND,2013,2,2013-09-15,IND,MIA,20,24,Home,1513.1985610459185,1509.0426173196192,1494.5291585782109,1527.7120197873269
2013_02_MIN_CHI,2013,2,2013-09-15,CHI,MIN,31,30,Home,1540.7130994578624,1496.0512421037554,1545.2980994598488,1491.466242101769
2013_02_NO_TB,2013,2,2013-09-15,TB,NO,14,16,Home,1458.9784585836117,1547.372484399575,1448.8387748321963,1557.5121681509902
2013_02_SD_PHI,2013,2,2013-09-15,PHI,LAC,30,33,Home,1431.6437402098395,1472.702920278141,1416.9865510912916,1487.3601093966888
2013_02_SF_SEA,2013,2,2013-09-15,SEA,SF,29,3,Home,1601.0205797030076,1623.4251505401885,1629.4087532300023,1595.0369770131938
2013_02_STL_ATL,2013,2,2013-09-15,ATL,LA,31,24,Home,1564.8402198478975,1467.737373990311,1575.7745829471103,1456.8030108910982
2013_02_TEN_HOU,2013,2,2013-09-15,HOU,TEN,30,24,Home,1574.1385753552386,1482.7058244242828,1584.6373824129637,1472.2070173665577
2013_02_WAS_GB,2013,2,2013-09-15,GB,WAS,38,20,Home,1575.0241281245517,1485.5616236021756,1591.0521387956942,1469.533612931033
2013_02_PIT_CIN,2013,2,2013-09-16,CIN,PIT,20,10,Home,1533.1306913527992,1490.589741051186,1549.1335262356358,1474.5869061683493
2013_03_KC_PHI,2013,3,2013-09-19,PHI,KC,16,26,Home,1416.9865510912916,1407.8591736136816,1388.9136862912565,1435.9320384137168
2013_03_ARI_NO,2013,3,2013-09-22,NO,ARI,31,7,Home,1557.5121681509902,1432.6601952335564,1572.3918298533085,1417.780533531238
2013_03_ATL_MIA,2013,3,2013-09-22,MIA,ATL,27,23,Home,1527.7120197873269,1575.7745829471103,1542.9054493997057,1560.5811533347314
2013_03_BUF_NYJ,2013,3,2013-09-22,NYJ,BUF,27,20,Home,1436.8749315905964,1446.1068526731278,1453.9276652086246,1429.0541190550996
2013_03_CHI_PIT,2013,3,2013-09-22,PIT,CHI,23,40,Home,1474.5869061683493,1545.2980994598488,1446.2318785953523,1573.6531270328458
2013_03_CLE_MIN,2013,3,2013-09-22,MIN,CLE,27,31,Home,1491.466242101769,1389.8825687147598,1469.834668702492,1411.5141421140368
2013_03_DET_WAS,2013,3,2013-09-22,WAS,DET,20,27,Home,1469.533612931033,1446.9277770289307,1444.597242818516,1471.8641471414478
2013_03_GB_CIN,2013,3,2013-09-22,CIN,GB,34,30,Home,1549.1335262356358,1591.0521387956942,1564.004251619542,1576.181413411788
2013_03_HOU_BAL,2013,3,2013-09-22,BAL,HOU,30,9,Home,1587.7082427372568,1584.6373824129637,1611.890665569349,1560.4549595808714
2013_03_IND_SF,2013,3,2013-09-22,SF,IND,7,27,Home,1595.0369770131938,1494.5291585782109,1554.1689576272263,1535.3971779641784
2013_03_JAX_SEA,2013,3,2013-09-22,SEA,JAX,45,17,Home,1629.4087532300023,1308.7271779105747,1635.0216028025936,1303.1143283379834
2013_03_NYG_CAR,2013,3,2013-09-22,CAR,NYG,38,0,Home,1477.6189467309068,1510.0203939677574,1510.3423548981448,1477.2969858005195
2013_03_SD_TEN,2013,3,2013-09-22,TEN,LAC,20,17,Home,1472.2070173665577,1487.3601093966888,1483.8311898806555,1475.735936882591
2013_03_STL_DAL,2013,3,2013-09-22,DAL,LA,31,7,Home,1494.4526309333191,1456.8030108910982,1516.375716360073,1434.8799254643443
2013_03_TB_NE,2013,3,2013-09-22,NE,TB,23,3,Home,1634.1557073407062,1448.8387748321963,1644.6195476012876,1438.3749345716149
2013_03_OAK_DEN,2013,3,2013-09-23,DEN,LV,37,21,Home,1646.6680409789751,1412.4603291558885,1654.2281636540029,1404.9002064808608
2013_04_SF_STL,2013,4,2013-09-26,LA,SF,11,35,Home,1434.8799254643443,1554.1689576272263,1408.3353630047334,1580.7135200868372
2013_04_ARI_TB,2013,4,2013-09-29,TB,ARI,10,13,Home,1438.3749345716149,1417.780533531238,1421.8087021546273,1434.3467659482255
2013_04_BAL_BUF,2013,4,2013-09-29,BUF,BAL,23,20,Home,1429.0541190550996,1611.890665569349,1446.5114254533928,1594.4333591710558
2013_04_CHI_DET,2013,4,2013-09-29,DET,CHI,40,32,Home,1471.8641471414478,1573.6531270328458,1495.7548099865103,1549.7624641877833
2013_04_CIN_CLE,2013,4,2013-09-29,CLE,CIN,17,6,Home,1411.5141421140368,1564.004251619542,1441.3068246983212,1534.2115690352575
2013_04_DAL_SD,2013,4,2013-09-29,LAC,DAL,30,21,Home,1475.735936882591,1516.375716360073,1496.915468278452,1495.196184964212
2013_04_IND_JAX,2013,4,2013-09-29,JAX,IND,3,37,Home,1303.1143283379834,1535.3971779641784,1284.8567055507588,1553.654800751403
2013_04_NE_ATL,2013,4,2013-09-29,ATL,NE,23,30,Home,1560.5811533347314,1644.6195476012876,1541.0937091148603,1664.1069918211588
2013_04_NYG_KC,2013,4,2013-09-29,KC,NYG,31,7,Home,1435.9320384137168,1477.2969858005195,1465.6155625047747,1447.6134617094615
2013_04_NYJ_TEN,2013,4,2013-09-29,TEN,NYJ,38,13,Home,1483.8311898806555,1453.9276652086246,1506.7392484861055,1431.0196066031747
2013_04_PHI_DEN,2013,4,2013-09-29,DEN,PHI,52,20,Home,1654.2281636540029,1388.9136862912565,1662.1289995150237,1381.0128504302356
2013_04_PIT_MIN,2013,4,2013-09-29,MIN,PIT,34,27,Neutral,1469.834668702492,1446.2318785953523,1489.012845559333,1427.0537017385113
2013_04_SEA_HOU,2013,4,2013-09-29,HOU,SEA,20,23,Home,1560.4549595808714,1635.0216028025936,1547.0320052268762,1648.4445571565889
2013_04_WAS_OAK,2013,4,2013-09-29,LV,WAS,14,24,Home,1404.9002064808608,1444.597242818516,1379.4704768347315,1470.0269724646453
2013_04_MIA_NO,2013,4,2013-09-30,NO,MIA,38,17,Home,1572.3918298533085,1542.9054493997057,1594.1623289901272,1521.134950262887
2013_05_BUF_CLE,2013,5,2013-10-03,CLE,BUF,37,24,Home,1441.3068246983212,1446.5114254533928,1462.6204688681191,1425.1977812835948
2013_05_BAL_MIA,2013,5,2013-10-06,MIA,BAL,23,26,Home,1521.134950262887,1594.4333591710558,1507.653907066081,1607.9144023678618
2013_05_CAR_ARI,2013,5,2013-10-06,ARI,CAR,22,6,Home,1434.3467659482255,1510.3423548981448,1463.4298939045411,1481.2592269418292
2013_05_DEN_DAL,2013,5,2013-10-06,DAL,DEN,48,51,Home,1495.196184964212,1662.1289995150237,1485.7263902365494,1671.5987942426864
2013_05_DET_GB,2013,5,2013-10-06,GB,DET,22,9,Home,1576.181413411788,1495.7548099865103,1591.1397531834932,1480.7964702148051
2013_05_HOU_SF,2013,5,2013-10-06,SF,HOU,34,3,Home,1580.7135200868372,1547.0320052268762,1604.7073913712945,1523.0381339424189
2013_05_JAX_STL,2013,5,2013-10-06,LA,JAX,34,20,Home,1408.3353630047334,1284.8567055507588,1420.9351700712825,1272.2568984842096
2013_05_KC_TEN,2013,5,2013-10-06,TEN,KC,17,26,Home,1506.7392484861055,1465.6155625047747,1478.264610349272,1494.0902006416081
2013_05_NE_CIN,2013,5,2013-10-06,CIN,NE,13,6,Home,1534.2115690352575,1664.1069918211588,1558.1396722703312,1640.1788885860851
2013_05_NO_CHI,2013,5,2013-10-06,CHI,NO,18,26,Home,1549.7624641877833,1594.1623289901272,1526.7048698563146,1617.2199233215958
2013_05_PHI_NYG,2013,5,2013-10-06,NYG,PHI,21,36,Home,1447.6134617094615,1381.0128504302356,1411.991499756441,1416.634812383256
2013_05_SD_OAK,2013,5,2013-10-06,LV,LAC,27,17,Home,1379.4704768347315,1496.915468278452,1406.3998221938245,1469.9861229193589
2013_05_SEA_IND,2013,5,2013-10-06,IND,SEA,34,28,Home,1553.654800751403,1648.4445571565889,1574.496076676467,1627.6032812315248
2013_05_NYJ_ATL,2013,5,2013-10-07,ATL,NYJ,28,30,Home,1541.0937091148603,1431.0196066031747,1526.1835779876471,1445.9297377303878
2013_06_NYG_CHI,2013,6,2013-10-10,CHI,NYG,27,21,Home,1526.7048698563146,1411.991499756441,1536.1389622451502,1402.5574073676055
2013_06_ARI_SF,2013,6,2013-10-13,SF,ARI,32,20,Home,1604.7073913712945,1463.4298939045411,1615.669144232598,1452.4681410432377
2013_06_CAR_MIN,2013,6,2013-10-13,MIN,CAR,10,35,Home,1489.012845559333,1481.2592269418292,1450.9655870953006,1519.3064854058616
2013_06_CIN_BUF,2013,6,2013-10-13,BUF,CIN,24,27,Home,1425.1977812835948,1558.1396722703312,1414.3468412487346,1568.9906123051915
2013_06_DET_CLE,2013,6,2013-10-13,CLE,DET,17,31,Home,1462.6204688681191,1480.7964702148051,1432.5522179938725,1510.8647210890517
2013_06_GB_BAL,2013,6,2013-10-13,BAL,GB,17,19,Home,1607.9144023678618,1591.1397531834932,1594.873946599516,1604.180208951839
2013_06_JAX_DEN,2013,6,2013-10-13,DEN,JAX,35,19,Home,1671.5987942426864,1272.2568984842096,1674.6207662265756,1269.2349265003204
2013_06_NO_NE,2013,6,2013-10-13,NE,NO,30,27,Home,1640.1788885860851,1617.2199233215958,1650.204473675337,1607.1943382323439
2013_06_OAK_KC,2013,6,2013-10-13,KC,LV,24,7,Home,1494.0902006416081,1406.3998221938245,1509.949826467433,1390.5401963679997
2013_06_PHI_TB,2013,6,2013-10-13,TB,PHI,20,31,Home,1421.8087021546273,1416.634812383256,1392.9290373771096,1445.5144771607738
2013_06_PIT_NYJ,2013,6,2013-10-13,NYJ,PIT,6,19,Home,1445.9297377303878,1427.0537017385113,1414.4877849473917,1458.4956545215075
2013_06_STL_HOU,2013,6,2013-10-13,HOU,LA,13,38,Home,1523.0381339424189,1420.9351700712825,1479.2212100943077,1464.7520939193937
2013_06_TEN_SEA,2013,6,2013-10-13,SEA,TEN,20,13,Home,1627.6032812315248,1478.264610349272,1636.1494130565238,1469.718478524273
2013_06_WAS_DAL,2013,6,2013-10-13,DAL,WAS,31,16,Home,1485.7263902365494,1470.0269724646453,1506.3685218475462,1449.3848408536485
2013_06_IND_SD,2013,6,2013-10-14,LAC,IND,19,9,Home,1469.9861229193589,1574.496076676467,1496.2092952561575,1548.2729043396685
2013_07_SEA_ARI,2013,7,2013-10-17,ARI,SEA,22,34,Home,1452.4681410432377,1636.1494130565238,1436.1357822865905,1652.481771813171
2013_07_BAL_PIT,2013,7,2013-10-20,PIT,BAL,19,16,Home,1458.4956545215075,1594.873946599516,1474.6433358465213,1578.7262652745023
2013_07_BUF_MIA,2013,7,2013-10-20,MIA,BUF,21,23,Home,1507.653907066081,1414.3468412487346,1493.0339208943476,1428.966827420468
2013_07_CHI_WAS,2013,7,2013-10-20,WAS,CHI,45,41,Home,1449.3848408536485,1536.1389622451502,1466.318187895233,1519.2056152035657
2013_07_CIN_DET,2013,7,2013-10-20,DET,CIN,24,27,Home,1510.8647210890517,1568.9906123051915,1496.7715665023034,1583.0837668919398
2013_07_CLE_GB,2013,7,2013-10-20,GB,CLE,31,13,Home,1604.180208951839,1432.5522179938725,1615.0211665215,1421.7112604242116
2013_07_DAL_PHI,2013,7,2013-10-20,PHI,DAL,3,17,Home,1445.5144771607738,1506.3685218475462,1418.1623840597606,1533.7206149485594
2013_07_DEN_IND,2013,7,2013-10-20,IND,DEN,39,33,Home,1548.2729043396685,1674.6207662265756,1570.5125344305536,1652.3811361356904
2013_07_HOU_KC,2013,7,2013-10-20,KC,HOU,17,16,Home,1509.949826467433,1479.2212100943077,1514.807029568733,1474.3640069930077
2013_07_NE_NYJ,2013,7,2013-10-20,NYJ,NE,30,27,Home,1414.4877849473917,1650.204473675337,1433.2096915843956,1631.4825670383332
2013_07_SD_JAX,2013,7,2013-10-20,JAX,LAC,6,24,Home,1269.2349265003204,1496.2092952561575,1253.7430703324492,1511.7011514240287
2013_07_SF_TEN,2013,7,2013-10-20,TEN,SF,17,31,Home,1469.718478524273,1615.669144232598,1449.5769637037686,1635.8106590531024
2013_07_STL_CAR,2013,7,2013-10-20,CAR,LA,30,15,Home,1519.3064854058616,1464.7520939193937,1536.895458366716,1447.1631209585394
2013_07_TB_ATL,2013,7,2013-10-20,ATL,TB,31,23,Home,1526.1835779876471,1392.9290373771096,1535.9427295173687,1383.169885847388
2013_07_MIN_NYG,2013,7,2013-10-21,NYG,MIN,23,7,Home,1402.5574073676055,1450.9655870953006,1429.3356104544278,1424.1873840084784
2013_08_CAR_TB,2013,8,2013-10-24,TB,CAR,13,31,Home,1383.169885847388,1536.895458366716,1361.9416188357732,1558.1237253783308
2013_08_ATL_ARI,2013,8,2013-10-27,ARI,ATL,27,13,Home,1436.1357822865905,1535.9427295173687,1465.4563446455593,1506.6221671583999
2013_08_BUF_NO,2013,8,2013-10-27,NO,BUF,35,17,Home,1607.1943382323439,1428.966827420468,1617.6827000201836,1418.4784656326283
2013_08_CLE_KC,2013,8,2013-10-27,KC,CLE,23,17,Home,1514.807029568733,1421.7112604242116,1525.2271622990263,1411.2911276939183
2013_08_DAL_DET,2013,8,2013-10-27,DET,DAL,31,30,Home,1496.7715665023034,1533.7206149485594,1503.0643877952682,1527.4277936555945
2013_08_GB_MIN,2013,8,2013-10-27,MIN,GB,31,44,Home,1424.1873840084784,1615.0211665215,1407.8899802505607,1631.3185702794176
2013_08_MIA_NE,2013,8,2013-10-27,NE,MIA,27,17,Home,1631.4825670383332,1493.0339208943476,1641.8710272343737,1482.645460698307
2013_08_NYG_PHI,2013,8,2013-10-27,PHI,NYG,7,15,Home,1418.1623840597606,1429.3356104544278,1393.4184469319575,1454.0795475822308
2013_08_NYJ_CIN,2013,8,2013-10-27,CIN,NYJ,49,9,Home,1583.0837668919398,1433.2096915843956,1598.306106540321,1417.9873519360144
2013_08_PIT_OAK,2013,8,2013-10-27,LV,PIT,21,18,Home,1390.5401963679997,1474.6433358465213,1405.0387084246383,1460.1448237898826
2013_08_SF_JAX,2013,8,2013-10-27,JAX,SF,10,42,Neutral,1253.7430703324492,1635.8106590531024,1247.7962387804967,1641.757490605055
2013_08_WAS_DEN,2013,8,2013-10-27,DEN,WAS,45,21,Home,1652.3811361356904,1466.318187895233,1663.4024977264626,1455.2968263044609
2013_08_SEA_STL,2013,8,2013-10-28,LA,SEA,9,14,Home,1447.1631209585394,1652.481771813171,1436.7750951029368,1662.8697976687736
2013_09_CIN_MIA,2013,9,2013-10-31,MIA,CIN,22,20,Home,1482.645460698307,1598.306106540321,1494.939152654215,1586.0124145844131
2013_09_ATL_CAR,2013,9,2013-11-03,CAR,ATL,34,10,Home,1558.1237253783308,1506.6221671583999,1578.8106501948212,1485.9352423419095
2013_09_BAL_CLE,2013,9,2013-11-03,CLE,BAL,24,18,Home,1411.2911276939183,1578.7262652745023,1435.2129106534946,1554.804482314926
2013_09_IND_HOU,2013,9,2013-11-03,HOU,IND,24,27,Home,1474.3640069930077,1570.5125344305536,1461.916826527673,1582.9597148958883
2013_09_KC_BUF,2013,9,2013-11-03,BUF,KC,13,23,Home,1418.4784656326283,1525.2271622990263,1397.7602560503929,1545.9453718812617
2013_09_MIN_DAL,2013,9,2013-11-03,DAL,MIN,27,23,Home,1527.4277936555945,1407.8899802505607,1535.0563293875289,1400.2614445186264
2013_09_NO_NYJ,2013,9,2013-11-03,NYJ,NO,26,20,Home,1417.9873519360144,1617.6827000201836,1443.0965933307098,1592.5734586254882
2013_09_PHI_OAK,2013,9,2013-11-03,LV,PHI,20,49,Home,1405.0387084246383,1393.4184469319575,1365.0384269188103,1433.4187284377856
2013_09_PIT_NE,2013,9,2013-11-03,NE,PIT,55,31,Home,1641.8710272343737,1460.1448237898826,1653.1367036867782,1448.8791473374781
2013_09_SD_WAS,2013,9,2013-11-03,WAS,LAC,30,24,Home,1455.2968263044609,1511.7011514240287,1474.2007412301139,1492.7972364983757
2013_09_TB_SEA,2013,9,2013-11-03,SEA,TB,27,24,Home,1662.8697976687736,1361.9416188357732,1665.448365227839,1359.3630512767077
2013_09_TEN_STL,2013,9,2013-11-03,LA,TEN,21,28,Home,1436.7750951029368,1449.5769637037686,1413.4336658062182,1472.9183930004872
2013_09_CHI_GB,2013,9,2013-11-04,GB,CHI,20,27,Home,1631.3185702794176,1519.2056152035657,1603.0327848980314,1547.4914005849519
2013_10_WAS_MIN,2013,10,2013-11-07,MIN,WAS,34,27,Home,1400.2614445186264,1474.2007412301139,1421.5044519248443,1452.957733823896
2013_10_BUF_PIT,2013,10,2013-11-10,PIT,BUF,23,10,Home,1448.8791473374781,1397.7602560503929,1465.8672557702366,1380.7721476176343
2013_10_CAR_SF,2013,10,2013-11-10,SF,CAR,9,10,Home,1641.757490605055,1578.8106501948212,1632.8981272388662,1587.67001356101
2013_10_CIN_BAL,2013,10,2013-11-10,BAL,CIN,20,17,Home,1554.804482314926,1586.0124145844131,1567.1339513520957,1573.6829455472434
2013_10_DAL_NO,2013,10,2013-11-10,NO,DAL,49,17,Home,1592.5734586254882,1535.0563293875289,1614.475840139439,1513.153947873578
2013_10_DEN_SD,2013,10,2013-11-10,LAC,DEN,20,28,Home,1492.7972364983757,1663.4024977264626,1478.0148349405001,1678.1848992843381
2013_10_DET_CHI,2013,10,2013-11-10,CHI,DET,19,21,Home,1547.4914005849519,1503.0643877952682,1533.834467327246,1516.721321052974
2013_10_HOU_ARI,2013,10,2013-11-10,ARI,HOU,27,24,Home,1465.4563446455593,1461.916826527673,1476.2821704500195,1451.0910007232128
2013_10_JAX_TEN,2013,10,2013-11-10,TEN,JAX,27,29,Home,1472.9183930004872,1247.7962387804967,1456.5812899147768,1264.133341866207
2013_10_OAK_NYG,2013,10,2013-11-10,NYG,LV,24,20,Home,1454.0795475822308,1365.0384269188103,1462.8571390927473,1356.2608354082938
2013_10_PHI_GB,2013,10,2013-11-10,GB,PHI,13,27,Home,1603.0327848980314,1433.4187284377856,1564.1623353014636,1472.2891780343534
2013_10_SEA_ATL,2013,10,2013-11-10,ATL,SEA,10,33,Home,1485.9352423419095,1665.448365227839,1465.3380211152971,1686.0455864544515
2013_10_STL_IND,2013,10,2013-11-10,IND,LA,8,38,Home,1582.9597148958883,1413.4336658062182,1533.6727652961465,1462.72061540596
2013_10_MIA_TB,2013,10,2013-11-11,TB,MIA,22,19,Home,1359.3630512767077,1494.939152654215,1375.4866835674684,1478.8155203634542
2013_11_IND_TEN,2013,11,2013-11-14,TEN,IND,27,30,Home,1456.5812899147768,1533.6727652961465,1443.27375056447,1546.9803046464533
2013_11_ARI_JAX,2013,11,2013-11-17,JAX,ARI,14,27,Home,1264.133341866207,1476.2821704500195,1249.2891887761969,1491.1263235400297
2013_11_ATL_TB,2013,11,2013-11-17,TB,ATL,41,28,Home,1375.4866835674684,1465.3380211152971,1403.445877656234,1437.3788270265316
2013_11_BAL_CHI,2013,11,2013-11-17,CHI,BAL,23,20,Home,1533.834467327246,1567.1339513520957,1546.2570338588284,1554.7113848205133
2013_11_CLE_CIN,2013,11,2013-11-17,CIN,CLE,41,20,Home,1573.6829455472434,1435.2129106534946,1587.0729664542398,1421.8228897464983
2013_11_DET_PIT,2013,11,2013-11-17,PIT,DET,37,27,Home,1465.8672557702366,1516.721321052974,1488.7234732210222,1493.8651036021884
2013_11_GB_NYG,2013,11,2013-11-17,NYG,GB,27,13,Home,1462.8571390927473,1564.1623353014636,1492.2717462411138,1534.7477281530971
2013_11_KC_DEN,2013,11,2013-11-17,DEN,KC,27,17,Home,1678.1848992843381,1545.9453718812617,1688.8871106835084,1535.2431604820915
2013_11_MIN_SEA,2013,11,2013-11-17,SEA,MIN,41,20,Home,1686.0455864544515,1421.5044519248443,1693.0594599926906,1414.4905783866052
2013_11_NYJ_BUF,2013,11,2013-11-17,BUF,NYJ,37,14,Home,1380.7721476176343,1443.0965933307098,1412.2696471152597,1411.5990938330845
2013_11_OAK_HOU,2013,11,2013-11-17,HOU,LV,23,28,Home,1451.0910007232128,1356.2608354082938,1427.2024264279135,1380.1494097035932
2013_11_SD_MIA,2013,11,2013-11-17,MIA,LAC,20,16,Home,1478.8155203634542,1478.0148349405001,1491.5178020777369,1465.3125532262175
2013_11_SF_NO,2013,11,2013-11-17,NO,SF,23,20,Home,1614.475840139439,1632.8981272388662,1626.2422375537947,1621.1317298245106
2013_11_WAS_PHI,2013,11,2013-11-17,PHI,WAS,24,16,Home,1472.2891780343534,1452.957733823896,1488.4124813182725,1436.834430539977
2013_11_NE_CAR,2013,11,2013-11-18,CAR,NE,24,20,Home,1587.67001356101,1653.1367036867782,1603.7825933291374,1637.0241239186507
2013_12_NO_ATL,2013,12,2013-11-21,ATL,NO,13,17,Home,1437.3788270265316,1626.2422375537947,1427.355227847873,1636.2658367324532
2013_12_CAR_MIA,2013,12,2013-11-24,MIA,CAR,16,20,Home,1491.5178020777369,1603.7825933291374,1477.892211137675,1617.4081842691992
2013_12_CHI_STL,2013,12,2013-11-24,LA,CHI,42,21,Home,1462.72061540596,1546.2570338588284,1495.0065829916834,1513.971066273105
2013_12_DAL_NYG,2013,12,2013-11-24,NYG,DAL,21,24,Home,1492.2717462411138,1513.153947873578,1476.9648276759847,1528.4608664387072
2013_12_DEN_NE,2013,12,2013-11-24,NE,DEN,34,31,Home,1637.0241239186507,1688.8871106835084,1650.2839610025835,1675.6272735995756
2013_12_IND_ARI,2013,12,2013-11-24,ARI,IND,40,11,Home,1491.1263235400297,1546.9803046464533,1524.106054704573,1514.0005734819101
2013_12_JAX_HOU,2013,12,2013-11-24,HOU,JAX,6,13,Home,1427.2024264279135,1249.2891887761969,1397.167889270575,1279.3237259335353
2013_12_MIN_GB,2013,12,2013-11-24,GB,MIN,26,26,Home,1534.7477281530971,1414.4905783866052,1529.8693956979585,1419.3689108417439
2013_12_NYJ_BAL,2013,12,2013-11-24,BAL,NYJ,19,3,Home,1554.7113848205133,1411.5990938330845,1566.712738027346,1399.5977406262518
2013_12_PIT_CLE,2013,12,2013-11-24,CLE,PIT,11,27,Home,1421.8228897464983,1488.7234732210222,1393.6700618395298,1516.8763011279907
2013_12_SD_KC,2013,12,2013-11-24,KC,LAC,38,41,Home,1535.2431604820915,1465.3125532262175,1517.3491423329804,1483.2065713753286
2013_12_TB_DET,2013,12,2013-11-24,DET,TB,21,24,Home,1493.8651036021884,1403.445877656234,1475.4824721504745,1421.8285091079479
2013_12_TEN_OAK,2013,12,2013-11-24,LV,TEN,19,23,Home,1380.1494097035932,1443.27375056447,1363.9819285616923,1459.441231706371
2013_12_SF_WAS,2013,12,2013-11-25,WAS,SF,6,27,Home,1436.834430539977,1621.1317298245106,1417.203729339728,1640.7624310247595
2013_13_GB_DET,2013,13,2013-11-28,DET,GB,40,10,Home,1475.4824721504745,1529.8693956979585,1508.6138640685251,1496.7380037799078
2013_13_OAK_DAL,2013,13,2013-11-28,DAL,LV,31,24,Home,1528.4608664387072,1363.9819285616923,1536.3942097104018,1356.0485852899976
2013_13_PIT_BAL,2013,13,2013-11-28,BAL,PIT,22,20,Home,1566.712738027346,1516.8763011279907,1573.8232076032245,1509.765831552112
2013_13_ARI_PHI,2013,13,2013-12-01,PHI,ARI,24,21,Home,1488.4124813182725,1524.106054704573,1500.9419355589216,1511.5766004639238
2013_13_ATL_BUF,2013,13,2013-12-01,BUF,ATL,31,34,Neutral,1412.2696471152597,1427.355227847873,1399.0985668257272,1440.5263081374055
2013_13_CHI_MIN,2013,13,2013-12-01,MIN,CHI,23,20,Home,1419.3689108417439,1513.971066273105,1434.2104523403004,1499.1295247745484
2013_13_CIN_SD,2013,13,2013-12-01,LAC,CIN,10,17,Home,1483.2065713753286,1587.0729664542398,1465.0494720366853,1605.2300657928831
2013_13_DEN_KC,2013,13,2013-12-01,KC,DEN,28,35,Home,1517.3491423329804,1675.6272735995756,1502.6311810741236,1690.3452348584324
2013_13_JAX_CLE,2013,13,2013-12-01,CLE,JAX,28,32,Home,1393.6700618395298,1279.3237259335353,1371.7237677173414,1301.2700200557238
2013_13_MIA_NYJ,2013,13,2013-12-01,NYJ,MIA,3,23,Home,1399.5977406262518,1477.892211137675,1370.492800622166,1506.997151141761
2013_13_NE_HOU,2013,13,2013-12-01,HOU,NE,31,34,Home,1397.167889270575,1650.2839610025835,1390.7067973825453,1656.7450528906131
2013_13_NYG_WAS,2013,13,2013-12-01,WAS,NYG,17,24,Home,1417.203729339728,1476.9648276759847,1396.1459287941198,1498.0226282215929
2013_13_STL_SF,2013,13,2013-12-01,SF,LA,23,13,Home,1640.7624310247595,1495.0065829916834,1650.79053875511,1484.978475261333
2013_13_TB_CAR,2013,13,2013-12-01,CAR,TB,27,6,Home,1617.4081842691992,1421.8285091079479,1627.4914151761338,1411.7452782010132
2013_13_TEN_IND,2013,13,2013-12-01,IND,TEN,22,14,Home,1514.0005734819101,1459.441231706371,1527.9392106526764,1445.5025945356047
2013_13_NO_SEA,2013,13,2013-12-02,SEA,NO,34,7,Home,1693.0594599926906,1636.2658367324532,1713.9973877777002,1615.3279089474436
2013_14_HOU_JAX,2013,14,2013-12-05,JAX,HOU,27,20,Home,1301.2700200557238,1390.7067973825453,1323.2801174910855,1368.6966999471836
2013_14_ATL_GB,2013,14,2013-12-08,GB,ATL,22,21,Home,1496.7380037799078,1440.5263081374055,1501.1042505928942,1436.160061324419
2013_14_BUF_TB,2013,14,2013-12-08,TB,BUF,27,6,Home,1411.7452782010132,1399.0985668257272,1435.0383325779567,1375.8055124487837
2013_14_CAR_NO,2013,14,2013-12-08,NO,CAR,31,13,Home,1615.3279089474436,1627.4914151761338,1639.7423745556048,1603.0769495679726
2013_14_CLE_NE,2013,14,2013-12-08,NE,CLE,27,26,Home,1656.7450528906131,1371.7237677173414,1658.152144941655,1370.3166756662995
2013_14_DET_PHI,2013,14,2013-12-08,PHI,DET,34,20,Home,1500.9419355589216,1508.6138640685251,1523.0188905839268,1486.53690904352
2013_14_IND_CIN,2013,14,2013-12-08,CIN,IND,42,28,Home,1605.2300657928831,1527.9392106526764,1620.7943143578011,1512.3749620877584
2013_14_KC_WAS,2013,14,2013-12-08,WAS,KC,10,45,Home,1396.1459287941198,1502.6311810741236,1365.1538064476567,1533.6233034205866
2013_14_MIA_PIT,2013,14,2013-12-08,PIT,MIA,28,34,Home,1509.765831552112,1506.997151141761,1487.2520820215084,1529.5109006723646
2013_14_MIN_BAL,2013,14,2013-12-08,BAL,MIN,29,26,Home,1573.8232076032245,1434.2104523403004,1579.7955239589137,1428.2381359846113
2013_14_NYG_SD,2013,14,2013-12-08,LAC,NYG,37,14,Home,1465.0494720366853,1498.0226282215929,1493.4946338786538,1469.5774663796244
2013_14_OAK_NYJ,2013,14,2013-12-08,NYJ,LV,37,27,Home,1370.492800622166,1356.0485852899976,1388.4344646443915,1338.1069212677721
2013_14_SEA_SF,2013,14,2013-12-08,SF,SEA,19,17,Home,1650.79053875511,1713.9973877777002,1661.7110606544018,1703.0768658784084
2013_14_STL_ARI,2013,14,2013-12-08,ARI,LA,30,10,Home,1511.5766004639238,1484.978475261333,1533.2728316862217,1463.282244039035
2013_14_TEN_DEN,2013,14,2013-12-08,DEN,TEN,51,28,Home,1690.3452348584324,1445.5025945356047,1698.360278446807,1437.4875509472301
2013_14_DAL_CHI,2013,14,2013-12-09,CHI,DAL,45,28,Home,1499.1295247745484,1536.3942097104018,1525.399600471403,1510.1241340135473
2013_15_SD_DEN,2013,15,2013-12-12,DEN,LAC,20,27,Home,1698.360278446807,1493.4946338786538,1667.783044940019,1524.0718673854417
2013_15_ARI_TEN,2013,15,2013-12-15,TEN,ARI,34,37,Home,1437.4875509472301,1533.2728316862217,1425.0241628163674,1545.7362198170845
2013_15_BUF_JAX,2013,15,2013-12-15,JAX,BUF,20,27,Home,1323.2801174910855,1375.8055124487837,1301.860856528656,1397.2247734112132
2013_15_CHI_CLE,2013,15,2013-12-15,CLE,CHI,31,38,Home,1370.3166756662995,1525.399600471403,1355.4066871782509,1540.3095889594515
2013_15_CIN_PIT,2013,15,2013-12-15,PIT,CIN,30,20,Home,1487.2520820215084,1620.7943143578011,1515.035571946361,1593.0108244329485
2013_15_GB_DAL,2013,15,2013-12-15,DAL,GB,36,37,Home,1510.1241340135473,1501.1042505928942,1502.010855852404,1509.2175287540376
2013_15_HOU_IND,2013,15,2013-12-15,IND,HOU,25,3,Home,1512.3749620877584,1368.6966999471836,1525.6204381654215,1355.4512238695204
2013_15_KC_OAK,2013,15,2013-12-15,LV,KC,31,56,Home,1338.1069212677721,1533.6233034205866,1318.3899418546468,1553.3402828337119
2013_15_NE_MIA,2013,15,2013-12-15,MIA,NE,24,20,Home,1529.5109006723646,1658.152144941655,1547.9863645297291,1639.6766810842905
2013_15_NO_STL,2013,15,2013-12-15,LA,NO,27,16,Home,1463.282244039035,1639.7423745556048,1494.2704430376305,1608.7541755570094
2013_15_NYJ_CAR,2013,15,2013-12-15,CAR,NYJ,30,20,Home,1603.0769495679726,1388.4344646443915,1610.1666691714822,1381.344745040882
2013_15_PHI_MIN,2013,15,2013-12-15,MIN,PHI,48,30,Home,1428.2381359846113,1523.0188905839268,1459.7733325173597,1491.4836940511784
2013_15_SEA_NYG,2013,15,2013-12-15,NYG,SEA,0,23,Home,1469.5774663796244,1703.0768658784084,1453.3482699404594,1719.3060623175734
2013_15_SF_TB,2013,15,2013-12-15,TB,SF,14,33,Home,1435.0383325779567,1661.7110606544018,1419.2549405438929,1677.4944526884656
2013_15_WAS_ATL,2013,15,2013-12-15,ATL,WAS,27,26,Home,1436.160061324419,1365.1538064476567,1440.2555673224413,1361.0583004496345
2013_15_BAL_DET,2013,15,2013-12-16,DET,BAL,16,18,Home,1486.53690904352,1579.7955239589137,1476.5703935676424,1589.7620394347912
2013_16_ARI_SEA,2013,16,2013-12-22,SEA,ARI,10,17,Home,1719.3060623175734,1545.7362198170845,1689.3681688628988,1575.674113271759
2013_16_CHI_PHI,2013,16,2013-12-22,PHI,CHI,54,11,Home,1491.4836940511784,1540.3095889594515,1527.3018844865428,1504.4913985240871
2013_16_CLE_NYJ,2013,16,2013-12-22,NYJ,CLE,24,13,Home,1381.344745040882,1355.4066871782509,1399.100424064414,1337.6510081547187
2013_16_DAL_WAS,2013,16,2013-12-22,WAS,DAL,23,24,Home,1361.0583004496345,1502.010855852404,1355.7999634671598,1507.2691928348786
2013_16_DEN_HOU,2013,16,2013-12-22,HOU,DEN,13,37,Home,1355.4512238695204,1667.783044940019,1344.2199247215324,1679.014344088007
2013_16_IND_KC,2013,16,2013-12-22,KC,IND,7,23,Home,1553.3402828337119,1525.6204381654215,1519.0661963486305,1559.894524650503
2013_16_MIA_BUF,2013,16,2013-12-22,BUF,MIA,19,0,Home,1397.2247734112132,1547.9863645297291,1433.0342518117588,1512.1768861291835
2013_16_MIN_CIN,2013,16,2013-12-22,CIN,MIN,42,14,Home,1593.0108244329485,1459.7733325173597,1607.968161334905,1444.8159956154032
2013_16_NE_BAL,2013,16,2013-12-22,BAL,NE,7,41,Home,1589.7620394347912,1639.6766810842905,1552.9184619126495,1676.5202586064322
2013_16_NO_CAR,2013,16,2013-12-22,CAR,NO,17,13,Home,1610.1666691714822,1608.7541755570094,1622.8389838389726,1596.081860889519
2013_16_NYG_DET,2013,16,2013-12-22,DET,NYG,20,23,Home,1476.5703935676424,1453.3482699404594,1459.928433386862,1469.9902301212398
2013_16_OAK_SD,2013,16,2013-12-22,LAC,LV,26,13,Home,1524.0718673854417,1318.3899418546468,1532.2453578957843,1310.2164513443042
2013_16_PIT_GB,2013,16,2013-12-22,GB,PIT,31,38,Home,1509.2175287540376,1515.035571946361,1485.551508501595,1538.7015921988036
2013_16_TB_STL,2013,16,2013-12-22,LA,TB,23,13,Home,1494.2704430376305,1419.2549405438929,1508.1912306477493,1405.334152933774
2013_16_TEN_JAX,2013,16,2013-12-22,JAX,TEN,16,20,Home,1301.860856528656,1425.0241628163674,1288.7816909766775,1438.103328368346
2013_16_ATL_SF,2013,16,2013-12-23,SF,ATL,34,24,Home,1677.4944526884656,1440.2555673224413,1683.791189022892,1433.9588309880148
2013_17_BAL_CIN,2013,17,2013-12-29,CIN,BAL,34,17,Home,1607.968161334905,1552.9184619126495,1626.2656488695882,1534.6209743779664
2013_17_BUF_NE,2013,17,2013-12-29,NE,BUF,34,20,Home,1676.5202586064322,1433.0342518117588,1683.3994627776171,1426.155047640574
2013_17_CAR_ATL,2013,17,2013-12-29,ATL,CAR,20,21,Home,1433.9588309880148,1622.8389838389726,1429.6422120867912,1627.1556027401962
2013_17_CLE_PIT,2013,17,2013-12-29,PIT,CLE,20,7,Home,1538.7015921988036,1337.6510081547187,1547.0723521557265,1329.2802481977958
2013_17_DEN_OAK,2013,17,2013-12-29,LV,DEN,14,34,Home,1310.2164513443042,1679.014344088007,1302.2874904612368,1686.9433049710744
2013_17_DET_MIN,2013,17,2013-12-29,MIN,DET,14,13,Home,1444.8159956154032,1459.928433386862,1450.6271998836753,1454.1172291185899
2013_17_GB_CHI,2013,17,2013-12-29,CHI,GB,28,33,Home,1504.4913985240871,1485.551508501595,1483.1418271656607,1506.9010798600214
2013_17_HOU_TEN,2013,17,2013-12-29,TEN,HOU,16,10,Home,1438.103328368346,1344.2199247215324,1448.4863393750916,1333.8369137147868
2013_17_JAX_IND,2013,17,2013-12-29,IND,JAX,30,10,Home,1559.894524650503,1288.7816909766775,1566.5614306147816,1282.114785012399
2013_17_KC_SD,2013,17,2013-12-29,LAC,KC,27,24,Home,1532.2453578957843,1519.0661963486305,1542.6700455114594,1508.6415087329553
2013_17_NYJ_MIA,2013,17,2013-12-29,MIA,NYJ,7,20,Home,1512.1768861291835,1399.100424064414,1476.2407269448222,1435.0365832487753
2013_17_PHI_DAL,2013,17,2013-12-29,DAL,PHI,22,24,Home,1507.2691928348786,1527.3018844865428,1495.1174411260965,1539.4536361953249
2013_17_SF_ARI,2013,17,2013-12-29,ARI,SF,20,23,Home,1575.674113271759,1683.791189022892,1563.7563677543565,1695.7089345402946
2013_17_STL_SEA,2013,17,2013-12-29,SEA,LA,27,9,Home,1689.3681688628988,1508.1912306477493,1699.701936545551,1497.857462965097
2013_17_TB_NO,2013,17,2013-12-29,NO,TB,42,17,Home,1596.081860889519,1405.334152933774,1606.9752605009164,1394.4407533223766
2013_17_WAS_NYG,2013,17,2013-12-29,NYG,WAS,20,6,Home,1469.9902301212398,1355.7999634671598,1483.151384973839,1342.6388086145607
2013_18_KC_IND,2013,18,2014-01-04,IND,KC,45,44,Home,1566.5614306147816,1508.6415087329553,1570.8958679683471,1504.3070713793898
2013_18_NO_PHI,2013,18,2014-01-04,PHI,NO,24,26,Home,1539.4536361953249,1606.9752605009164,1528.5597337042575,1617.8691629919838
2013_18_SD_CIN,2013,18,2014-01-05,CIN,LAC,10,27,Home,1626.2656488695882,1542.6700455114594,1588.2688626203994,1580.6668317606482
2013_18_SF_GB,2013,18,2014-01-05,GB,SF,20,23,Home,1506.9010798600214,1695.7089345402946,1498.265161996596,1704.34485240372
2013_19_IND_NE,2013,19,2014-01-11,NE,IND,43,22,Home,1683.3994627776171,1570.8958679683471,1698.5404726979107,1555.7548580480536
2013_19_NO_SEA,2013,19,2014-01-11,SEA,NO,23,15,Home,1699.701936545551,1617.8691629919838,1712.0782824035862,1605.4928171339486
2013_19_SD_DEN,2013,19,2014-01-12,DEN,LAC,24,17,Home,1686.9433049710744,1580.6668317606482,1697.4273364075798,1570.1828003241428
2013_19_SF_CAR,2013,19,2014-01-12,CAR,SF,10,23,Home,1627.1556027401962,1704.34485240372,1601.8308365197424,1729.6696186241738
2013_20_NE_DEN,2013,20,2014-01-19,DEN,NE,26,16,Home,1697.4273364075798,1698.5404726979107,1716.4924042734372,1679.4754048320533
2013_20_SF_SEA,2013,20,2014-01-19,SEA,SF,23,17,Home,1712.0782824035862,1729.6696186241738,1728.543668026437,1713.204233001323
2013_21_SEA_DEN,2013,21,2014-02-02,DEN,SEA,8,43,Neutral,1716.4924042734372,1728.543668026437,1682.0881688117975,1762.9479034880767
2014_01_GB_SEA,2014,1,2014-09-04,SEA,GB,36,16,Home,1657.768742092846,1498.9590971979574,1669.713909026128,1487.0139302646753
2014_01_BUF_CHI,2014,1,2014-09-07,CHI,BUF,20,23,Home,1489.8850962993965,1455.6930285843443,1472.9327869041945,1472.6453379795464
2014_01_CAR_TB,2014,1,2014-09-07,TB,CAR,14,20,Home,1436.664451993426,1561.0985019118455,1420.9271761302116,1576.8357777750598
2014_01_CIN_BAL,2014,1,2014-09-07,BAL,CIN,16,23,Home,1520.77258462678,1552.9613175722398,1498.354542305566,1575.3793598934537
2014_01_CLE_PIT,2014,1,2014-09-07,PIT,CLE,30,27,Home,1528.2434112934359,1397.5681489186775,1534.4770084232694,1391.334551788844
2014_01_IND_DEN,2014,1,2014-09-07,DEN,IND,31,24,Home,1609.2529012870784,1533.452914828832,1621.2832467571516,1521.422569358759
2014_01_JAX_PHI,2014,1,2014-09-07,PHI,JAX,34,17,Home,1517.1358402225546,1369.2688710074394,1529.10016527538,1357.304545954614
2014_01_MIN_STL,2014,1,2014-09-07,LA,MIN,6,34,Home,1498.7144777790581,1470.3763199302052,1457.9368905095096,1511.1539071997538
2014_01_NE_MIA,2014,1,2014-09-07,MIA,NE,33,20,Home,1485.7444361668931,1607.685242899232,1515.6478515308145,1577.7818275353106
2014_01_NO_ATL,2014,1,2014-09-07,ATL,NO,37,34,Home,1457.7853272520747,1563.2956902803692,1472.9776316067203,1548.1033859257236
2014_01_OAK_NYJ,2014,1,2014-09-07,NYJ,LV,19,14,Home,1461.021949949265,1381.3724942767421,1471.212864099151,1371.1815801268563
2014_01_SF_DAL,2014,1,2014-09-07,DAL,SF,17,28,Home,1497.070464675658,1627.9225398007939,1477.4625468989473,1647.5304575775046
2014_01_TEN_KC,2014,1,2014-09-07,KC,TEN,10,26,Home,1502.5842428276337,1469.091803625055,1467.9781455010093,1503.6979009516795
2014_01_WAS_HOU,2014,1,2014-09-07,HOU,WAS,17,6,Home,1400.302148228872,1405.5832851687364,1420.3766898938813,1385.5087435037271
2014_01_NYG_DET,2014,1,2014-09-08,DET,NYG,35,14,Home,1472.470337471154,1489.8908309843032,1498.6087082895401,1463.752460165917
2014_01_SD_ARI,2014,1,2014-09-08,ARI,LAC,18,17,Home,1538.2538206526137,1542.1096801944857,1543.8230973041402,1536.5404035429592
2014_02_PIT_BAL,2014,2,2014-09-11,BAL,PIT,26,6,Home,1498.354542305566,1534.4770084232694,1525.913344658759,1506.9182060700764
2014_02_ARI_NYG,2014,2,2014-09-14,NYG,ARI,14,25,Home,1463.752460165917,1543.8230973041402,1440.1423269086513,1567.433230561406
2014_02_ATL_CIN,2014,2,2014-09-14,CIN,ATL,24,10,Home,1575.3793598934537,1472.9776316067203,1589.2783070302555,1459.0786844699185
2014_02_CHI_SF,2014,2,2014-09-14,SF,CHI,20,28,Home,1647.5304575775046,1472.9327869041945,1615.8724189315888,1504.5908255501104
2014_02_DAL_TEN,2014,2,2014-09-14,TEN,DAL,10,26,Home,1503.6979009516795,1477.4625468989473,1469.510062663789,1511.6503851868376
2014_02_DET_CAR,2014,2,2014-09-14,CAR,DET,24,7,Home,1576.8357777750598,1498.6087082895401,1593.379218015351,1482.065268049249
2014_02_HOU_OAK,2014,2,2014-09-14,LV,HOU,14,30,Home,1371.1815801268563,1420.3766898938813,1341.772776561759,1449.7854934589786
2014_02_JAX_WAS,2014,2,2014-09-14,WAS,JAX,41,10,Home,1385.5087435037271,1357.304545954614,1410.046058996649,1332.7672304616922
2014_02_KC_DEN,2014,2,2014-09-14,DEN,KC,24,17,Home,1621.2832467571516,1467.9781455010093,1629.6654291864577,1459.5959630717032
2014_02_MIA_BUF,2014,2,2014-09-14,BUF,MIA,29,10,Home,1472.6453379795464,1515.6478515308145,1500.430656037253,1487.862533473108
2014_02_NE_MIN,2014,2,2014-09-14,MIN,NE,7,30,Home,1511.1539071997538,1577.7818275353106,1479.5456654700959,1609.3900692649686
2014_02_NO_CLE,2014,2,2014-09-14,CLE,NO,26,24,Home,1391.334551788844,1548.1033859257236,1404.6033284563268,1534.8346092582408
2014_02_NYJ_GB,2014,2,2014-09-14,GB,NYJ,31,24,Home,1487.0139302646753,1471.212864099151,1502.489276675968,1455.7375176878581
2014_02_SEA_SD,2014,2,2014-09-14,LAC,SEA,30,21,Home,1536.5404035429592,1669.713909026128,1563.201100149387,1643.0532124197002
2014_02_STL_TB,2014,2,2014-09-14,TB,LA,17,19,Home,1420.9271761302116,1457.9368905095096,1409.2070073895525,1469.6570592501687
2014_02_PHI_IND,2014,2,2014-09-15,IND,PHI,27,30,Home,1521.422569358759,1529.10016527538,1505.7025432897224,1544.8201913444166
2014_03_TB_ATL,2014,3,2014-09-18,ATL,TB,56,14,Home,1459.0786844699185,1409.2070073895525,1483.418403204974,1384.8672886544969
2014_03_BAL_CLE,2014,3,2014-09-21,CLE,BAL,21,23,Home,1404.6033284563268,1525.913344658759,1395.6124593972536,1534.9042137178321
2014_03_DAL_STL,2014,3,2014-09-21,LA,DAL,31,34,Home,1469.6570592501687,1511.6503851868376,1455.0304304116826,1526.2770140253238
2014_03_DEN_SEA,2014,3,2014-09-21,SEA,DEN,26,20,Home,1643.0532124197002,1629.6654291864577,1657.6740431032385,1615.0445985029194
2014_03_GB_DET,2014,3,2014-09-21,DET,GB,19,7,Home,1482.065268049249,1502.489276675968,1503.9974832685868,1480.5570614566302
2014_03_HOU_NYG,2014,3,2014-09-21,NYG,HOU,30,17,Home,1440.1423269086513,1449.7854934589786,1461.8179141113148,1428.109906256315
2014_03_IND_JAX,2014,3,2014-09-21,JAX,IND,17,44,Home,1332.7672304616922,1505.7025432897224,1310.5656931280837,1527.9040806233309
2014_03_KC_MIA,2014,3,2014-09-21,MIA,KC,15,34,Home,1487.862533473108,1459.5959630717032,1451.5889223113488,1495.8695742334623
2014_03_MIN_NO,2014,3,2014-09-21,NO,MIN,20,9,Home,1534.8346092582408,1479.5456654700959,1550.549251415401,1463.8310233129357
2014_03_OAK_NE,2014,3,2014-09-21,NE,LV,16,9,Home,1609.3900692649686,1341.772776561759,1614.0306996285492,1337.1321461981784
2014_03_PIT_CAR,2014,3,2014-09-21,CAR,PIT,19,37,Home,1593.379218015351,1506.9182060700764,1554.5292423159958,1545.7681817694315
2014_03_SD_BUF,2014,3,2014-09-21,BUF,LAC,10,22,Home,1500.430656037253,1563.201100149387,1474.6427017664753,1588.9890544201646
2014_03_SF_ARI,2014,3,2014-09-21,ARI,SF,23,14,Home,1567.433230561406,1615.8724189315888,1589.19852392991,1594.1071255630848
2014_03_TEN_CIN,2014,3,2014-09-21,CIN,TEN,33,7,Home,1589.2783070302555,1469.510062663789,1604.8832622516734,1453.9051074423712
2014_03_WAS_PHI,2014,3,2014-09-21,PHI,WAS,37,34,Home,1544.8201913444166,1410.046058996649,1550.9329275754023,1403.9333227656632
2014_03_CHI_NYJ,2014,3,2014-09-22,NYJ,CHI,19,27,Home,1455.7375176878581,1504.5908255501104,1432.9123929852235,1527.415950252745
2014_04_NYG_WAS,2014,4,2014-09-25,WAS,NYG,14,45,Home,1403.9333227656632,1461.8179141113148,1368.6803054468894,1497.0709314300886
2014_04_ATL_MIN,2014,4,2014-09-28,MIN,ATL,41,28,Home,1463.8310233129357,1483.418403204974,1486.3272777676696,1460.9221487502402
2014_04_BUF_HOU,2014,4,2014-09-28,HOU,BUF,23,17,Home,1428.109906256315,1474.6427017664753,1446.3822915111837,1456.3703165116067
2014_04_CAR_BAL,2014,4,2014-09-28,BAL,CAR,38,10,Home,1534.9042137178321,1554.5292423159958,1563.6122257858276,1525.8212302480003
2014_04_DET_NYJ,2014,4,2014-09-28,NYJ,DET,17,24,Home,1432.9123929852235,1503.9974832685868,1412.5384931070262,1524.3713831467842
2014_04_GB_CHI,2014,4,2014-09-28,CHI,GB,17,38,Home,1527.415950252745,1480.5570614566302,1488.8450420689635,1519.1279696404117
2014_04_JAX_SD,2014,4,2014-09-28,LAC,JAX,33,14,Home,1588.9890544201646,1310.5656931280837,1595.2934952818268,1304.2612522664215
2014_04_MIA_OAK,2014,4,2014-09-28,LV,MIA,14,38,Neutral,1337.1321461981784,1451.5889223113488,1316.2653863462065,1472.4556821633207
2014_04_NO_DAL,2014,4,2014-09-28,DAL,NO,38,17,Home,1526.2770140253238,1550.549251415401,1553.08423187523,1523.7420335654947
2014_04_PHI_SF,2014,4,2014-09-28,SF,PHI,26,21,Home,1594.1071255630848,1550.9329275754023,1606.0332013936613,1539.0068517448258
2014_04_TB_PIT,2014,4,2014-09-28,PIT,TB,24,27,Home,1545.7681817694315,1384.8672886544969,1526.0074641305225,1404.6280062934059
2014_04_TEN_IND,2014,4,2014-09-28,IND,TEN,41,17,Home,1527.9040806233309,1453.9051074423712,1546.6748311367421,1435.13435692896
2014_04_NE_KC,2014,4,2014-09-29,KC,NE,41,14,Home,1495.8695742334623,1614.0306996285492,1533.3452380775634,1576.5550357844481
2014_05_MIN_GB,2014,5,2014-10-02,GB,MIN,42,10,Home,1519.1279696404117,1486.3272777676696,1543.4225887512112,1462.0326586568701
2014_05_ARI_DEN,2014,5,2014-10-05,DEN,ARI,41,20,Home,1615.0445985029194,1589.19852392991,1637.1395984793419,1567.1035239534874
2014_05_ATL_NYG,2014,5,2014-10-05,NYG,ATL,30,20,Home,1497.0709314300886,1460.9221487502402,1513.5041201629142,1444.4889600174147
2014_05_BAL_IND,2014,5,2014-10-05,IND,BAL,20,13,Home,1546.6748311367421,1563.6122257858276,1564.2273905993263,1546.0596663232434
2014_05_BUF_DET,2014,5,2014-10-05,DET,BUF,14,17,Home,1524.3713831467842,1456.3703165116067,1506.525358682163,1474.216340976228
2014_05_CHI_CAR,2014,5,2014-10-05,CAR,CHI,31,24,Home,1525.8212302480003,1488.8450420689635,1540.0233756833127,1474.6428966336512
2014_05_CIN_NE,2014,5,2014-10-05,NE,CIN,43,17,Home,1576.5550357844481,1604.8832622516734,1605.5639654586435,1575.874332577478
2014_05_CLE_TEN,2014,5,2014-10-05,TEN,CLE,28,29,Home,1435.13435692896,1395.6124593972536,1426.5845454730036,1404.16227085321
2014_05_HOU_DAL,2014,5,2014-10-05,DAL,HOU,20,17,Home,1553.08423187523,1446.3822915111837,1560.0598745568016,1439.406648829612
2014_05_KC_SF,2014,5,2014-10-05,SF,KC,22,17,Home,1606.0332013936613,1533.3452380775634,1616.5421549672587,1522.836284503966
2014_05_NYJ_SD,2014,5,2014-10-05,LAC,NYJ,31,0,Home,1595.2934952818268,1412.5384931070262,1607.3603285990055,1400.4716597898475
2014_05_PIT_JAX,2014,5,2014-10-05,JAX,PIT,9,17,Home,1304.2612522664215,1526.0074641305225,1292.423302596524,1537.84541380042
2014_05_STL_PHI,2014,5,2014-10-05,PHI,LA,34,28,Home,1539.0068517448258,1455.0304304116826,1549.8633122685094,1444.173969887999
2014_05_TB_NO,2014,5,2014-10-05,NO,TB,37,31,Home,1523.7420335654947,1404.6280062934059,1532.9837790026056,1395.386260856295
2014_05_SEA_WAS,2014,5,2014-10-06,WAS,SEA,17,27,Home,1368.6803054468894,1657.6740431032385,1359.2807033561487,1667.0736451939792
2014_06_IND_HOU,2014,6,2014-10-09,HOU,IND,28,33,Home,1439.406648829612,1564.2273905993263,1424.9373779830062,1578.6966614459322
2014_06_BAL_TB,2014,6,2014-10-12,TB,BAL,17,48,Home,1395.386260856295,1546.0596663232434,1370.0909436776494,1571.354983501889
2014_06_CAR_CIN,2014,6,2014-10-12,CIN,CAR,37,37,Home,1575.874332577478,1540.0233756833127,1573.0504775895643,1542.8472306712265
2014_06_CHI_ATL,2014,6,2014-10-12,ATL,CHI,13,27,Home,1444.4889600174147,1474.6428966336512,1415.1659394783928,1503.965917172673
2014_06_DAL_SEA,2014,6,2014-10-12,SEA,DAL,23,30,Home,1667.0736451939792,1560.0598745568016,1638.9491624043162,1588.1843573464646
2014_06_DEN_NYJ,2014,6,2014-10-12,NYJ,DEN,17,31,Home,1400.4716597898475,1637.1395984793419,1386.842984206373,1650.7682740628163
2014_06_DET_MIN,2014,6,2014-10-12,MIN,DET,3,17,Home,1462.0326586568701,1506.525358682163,1433.6204348927229,1534.9375824463102
2014_06_GB_MIA,2014,6,2014-10-12,MIA,GB,24,27,Home,1472.4556821633207,1543.4225887512112,1458.8676531133451,1557.0106178011868
2014_06_JAX_TEN,2014,6,2014-10-12,TEN,JAX,16,14,Home,1426.5845454730036,1292.423302596524,1431.443007660588,1287.5648404089397
2014_06_NE_BUF,2014,6,2014-10-12,BUF,NE,22,37,Home,1474.216340976228,1605.5639654586435,1452.380194616245,1627.4001118186263
2014_06_NYG_PHI,2014,6,2014-10-12,PHI,NYG,27,0,Home,1549.8633122685094,1513.5041201629142,1572.6796537252644,1490.6877787061592
2014_06_PIT_CLE,2014,6,2014-10-12,CLE,PIT,31,10,Home,1404.16227085321,1537.84541380042,1439.9864608279192,1502.0212238257106
2014_06_SD_OAK,2014,6,2014-10-12,LV,LAC,28,31,Home,1316.2653863462065,1607.3603285990055,1310.887217436518,1612.7384975086939
2014_06_WAS_ARI,2014,6,2014-10-12,ARI,WAS,30,20,Home,1567.1035239534874,1359.2807033561487,1574.448436491652,1351.935790817984
2014_06_SF_STL,2014,6,2014-10-13,LA,SF,17,31,Home,1444.173969887999,1616.5421549672587,1426.0882151685794,1634.6279096866783
2014_07_NYJ_NE,2014,7,2014-10-16,NE,NYJ,27,25,Home,1627.4001118186263,1386.842984206373,1630.234683259126,1384.0084127658733
2014_07_ARI_OAK,2014,7,2014-10-19,LV,ARI,13,24,Home,1310.887217436518,1574.448436491652,1299.8664725344306,1585.4691813937395
2014_07_ATL_BAL,2014,7,2014-10-19,BAL,ATL,29,7,Home,1571.354983501889,1415.1659394783928,1583.816645717697,1402.7042772625848
2014_07_CAR_GB,2014,7,2014-10-19,GB,CAR,38,17,Home,1557.0106178011868,1542.8472306712265,1580.1643381817087,1519.6935102907046
2014_07_CIN_IND,2014,7,2014-10-19,IND,CIN,27,0,Home,1578.6966614459322,1573.0504775895643,1604.5062007461195,1547.240938289377
2014_07_CLE_JAX,2014,7,2014-10-19,JAX,CLE,24,6,Home,1287.5648404089397,1439.9864608279192,1322.8628801442956,1404.6884210925634
2014_07_KC_SD,2014,7,2014-10-19,LAC,KC,20,23,Home,1612.7384975086939,1522.836284503966,1594.3677175227224,1541.2070644899375
2014_07_MIA_CHI,2014,7,2014-10-19,CHI,MIA,14,27,Home,1503.965917172673,1458.8676531133451,1471.125110790839,1491.7084594951791
2014_07_MIN_BUF,2014,7,2014-10-19,BUF,MIN,17,16,Home,1452.380194616245,1433.6204348927229,1457.4781721063005,1428.5224574026674
2014_07_NO_DET,2014,7,2014-10-19,DET,NO,24,23,Home,1534.9375824463102,1532.9837790026056,1540.3838445109427,1527.5375169379731
2014_07_NYG_DAL,2014,7,2014-10-19,DAL,NYG,31,21,Home,1588.1843573464646,1490.6877787061592,1600.7706524268915,1478.1014836257323
2014_07_SEA_STL,2014,7,2014-10-19,LA,SEA,28,26,Home,1426.0882151685794,1638.9491624043162,1440.5168350888653,1624.5205424840303
2014_07_SF_DEN,2014,7,2014-10-19,DEN,SF,42,17,Home,1650.7682740628163,1634.6279096866783,1674.9825672083728,1610.4136165411219
2014_07_TEN_WAS,2014,7,2014-10-19,WAS,TEN,19,17,Home,1351.935790817984,1431.443007660588,1363.3054008835281,1420.0733975950438
2014_07_HOU_PIT,2014,7,2014-10-20,PIT,HOU,30,23,Home,1502.0212238257106,1424.9373779830062,1513.983550692953,1412.9750511157638
2014_08_SD_DEN,2014,8,2014-10-23,DEN,LAC,35,21,Home,1674.9825672083728,1594.3677175227224,1690.3191267637096,1579.0311579673855
2014_08_BAL_CIN,2014,8,2014-10-26,CIN,BAL,27,24,Home,1547.240938289377,1583.816645717697,1559.8098624694899,1571.247721537584
2014_08_BUF_NYJ,2014,8,2014-10-26,NYJ,BUF,23,43,Home,1384.0084127658733,1457.4781721063005,1354.419148288336,1487.067436583838
2014_08_CHI_NE,2014,8,2014-10-26,NE,CHI,51,23,Home,1630.234683259126,1471.125110790839,1643.426746081097,1457.933047968868
2014_08_DET_ATL,2014,8,2014-10-26,ATL,DET,21,22,Neutral,1402.7042772625848,1540.3838445109427,1398.6387092080522,1544.4494125654753
2014_08_GB_NO,2014,8,2014-10-26,NO,GB,44,23,Home,1527.5375169379731,1580.1643381817087,1557.1808782771657,1550.5209768425161
2014_08_HOU_TEN,2014,8,2014-10-26,TEN,HOU,16,30,Home,1420.0733975950438,1412.9750511157638,1388.4876915871325,1444.560757123675
2014_08_IND_PIT,2014,8,2014-10-26,PIT,IND,51,34,Home,1513.983550692953,1604.5062007461195,1544.6509481698822,1573.8388032691903
2014_08_MIA_JAX,2014,8,2014-10-26,JAX,MIA,13,27,Home,1322.8628801442956,1491.7084594951791,1304.5100905861727,1510.061249053302
2014_08_MIN_TB,2014,8,2014-10-26,TB,MIN,13,19,Home,1370.0909436776494,1428.5224574026674,1350.3230201765095,1448.2903809038073
2014_08_OAK_CLE,2014,8,2014-10-26,CLE,LV,23,13,Home,1404.6884210925634,1299.8664725344306,1416.8593449617101,1287.695548665284
2014_08_PHI_ARI,2014,8,2014-10-26,ARI,PHI,24,20,Home,1585.4691813937395,1572.6796537252644,1597.5905223236196,1560.5583127953844
2014_08_SEA_CAR,2014,8,2014-10-26,CAR,SEA,9,13,Home,1519.6935102907046,1624.5205424840303,1505.6895306579752,1638.5245221167597
2014_08_STL_KC,2014,8,2014-10-26,KC,LA,34,7,Home,1541.2070644899375,1440.5168350888653,1558.4441516458744,1423.2797479329283
2014_08_WAS_DAL,2014,8,2014-10-27,DAL,WAS,17,20,Home,1600.7706524268915,1363.3054008835281,1580.031875311781,1384.0441779986386
2014_09_NO_CAR,2014,9,2014-10-30,CAR,NO,10,28,Home,1505.6895306579752,1557.1808782771657,1475.287566371229,1587.5828425639118
2014_09_ARI_DAL,2014,9,2014-11-02,DAL,ARI,17,28,Home,1580.031875311781,1597.5905223236196,1552.4063934253195,1625.216004210081
2014_09_BAL_PIT,2014,9,2014-11-02,PIT,BAL,43,23,Home,1544.6509481698822,1571.247721537584,1571.2797646347428,1544.6189050727235
2014_09_DEN_NE,2014,9,2014-11-02,NE,DEN,43,21,Home,1643.426746081097,1690.3191267637096,1672.9063729117793,1660.8394999330274
2014_09_JAX_CIN,2014,9,2014-11-02,CIN,JAX,33,23,Home,1559.8098624694899,1304.5100905861727,1565.5284882111766,1298.791464844486
2014_09_NYJ_KC,2014,9,2014-11-02,KC,NYJ,24,10,Home,1558.4441516458744,1354.419148288336,1566.9032850686297,1345.9600148655807
2014_09_OAK_SEA,2014,9,2014-11-02,SEA,LV,30,24,Home,1638.5245221167597,1287.695548665284,1641.262646293721,1284.9574244883227
2014_09_PHI_HOU,2014,9,2014-11-02,HOU,PHI,21,31,Home,1444.560757123675,1560.5583127953844,1424.540523005203,1580.5785469138564
2014_09_SD_MIA,2014,9,2014-11-02,MIA,LAC,37,0,Home,1510.061249053302,1579.0311579673855,1546.7864638661254,1542.305943154562
2014_09_STL_SF,2014,9,2014-11-02,SF,LA,10,13,Home,1610.4136165411219,1423.2797479329283,1590.2595109308536,1443.4338535431966
2014_09_TB_CLE,2014,9,2014-11-02,CLE,TB,22,17,Home,1416.8593449617101,1350.3230201765095,1427.6545762223727,1339.527788915847
2014_09_WAS_MIN,2014,9,2014-11-02,MIN,WAS,29,26,Home,1448.2903809038073,1384.0441779986386,1456.7261314639914,1375.6084274384546
2014_09_IND_NYG,2014,9,2014-11-03,NYG,IND,24,40,Home,1478.1014836257323,1573.8388032691903,1452.6252909614627,1599.3149959334598
2014_10_CLE_CIN,2014,10,2014-11-06,CIN,CLE,3,24,Home,1565.5284882111766,1427.6545762223727,1522.3556138048639,1470.8274506286855
2014_10_ATL_TB,2014,10,2014-11-09,TB,ATL,17,27,Home,1339.527788915847,1398.6387092080522,1315.2075304392672,1422.958967684632
2014_10_CHI_GB,2014,10,2014-11-09,GB,CHI,55,14,Home,1550.5209768425161,1457.933047968868,1570.5818477159223,1437.8721770954621
2014_10_DAL_JAX,2014,10,2014-11-09,JAX,DAL,17,31,Neutral,1298.791464844486,1552.4063934253195,1289.638421420945,1561.5594368488605
2014_10_DEN_OAK,2014,10,2014-11-09,LV,DEN,17,41,Home,1284.9574244883227,1660.8394999330274,1276.8842688131424,1668.9126556082076
2014_10_KC_BUF,2014,10,2014-11-09,BUF,KC,13,17,Home,1487.067436583838,1566.9032850686297,1471.7630920959195,1582.207629556548
2014_10_MIA_DET,2014,10,2014-11-09,DET,MIA,20,16,Home,1544.4494125654753,1546.7864638661254,1557.3059110529223,1533.9299653786784
2014_10_NYG_SEA,2014,10,2014-11-09,SEA,NYG,38,17,Home,1641.262646293721,1452.6252909614627,1651.7089900278681,1442.1789472273156
2014_10_PIT_NYJ,2014,10,2014-11-09,NYJ,PIT,20,13,Home,1345.9600148655807,1571.2797646347428,1373.7005962473825,1543.539183252941
2014_10_SF_NO,2014,10,2014-11-09,NO,SF,24,27,Home,1587.5828425639118,1590.2595109308536,1571.7091662901776,1606.1331872045878
2014_10_STL_ARI,2014,10,2014-11-09,ARI,LA,31,14,Home,1625.216004210081,1443.4338535431966,1635.3291012618645,1433.3207564914132
2014_10_TEN_BAL,2014,10,2014-11-09,BAL,TEN,21,7,Home,1544.6189050727235,1388.4876915871325,1555.3847968303292,1377.7217998295268
2014_10_CAR_PHI,2014,10,2014-11-10,PHI,CAR,45,21,Home,1580.5785469138564,1475.287566371229,1596.8812368612305,1458.984876423855
2014_11_BUF_MIA,2014,11,2014-11-13,MIA,BUF,22,9,Home,1533.9299653786784,1471.7630920959195,1550.1339548756666,1455.5591025989313
2014_11_ATL_CAR,2014,11,2014-11-16,CAR,ATL,17,19,Home,1458.984876423855,1422.958967684632,1445.510114292234,1436.433729816253
2014_11_CIN_NO,2014,11,2014-11-16,NO,CIN,10,27,Home,1571.7091662901776,1522.3556138048639,1535.5033956442658,1558.5613844507757
2014_11_DEN_STL,2014,11,2014-11-16,LA,DEN,22,7,Home,1433.3207564914132,1668.9126556082076,1470.7592136355713,1631.4741984640496
2014_11_DET_ARI,2014,11,2014-11-16,ARI,DET,14,6,Home,1635.3291012618645,1557.3059110529223,1647.9165765488983,1544.7184357658884
2014_11_HOU_CLE,2014,11,2014-11-16,CLE,HOU,7,23,Home,1470.8274506286855,1424.540523005203,1435.5051733380603,1459.8628002958283
2014_11_MIN_CHI,2014,11,2014-11-16,CHI,MIN,21,13,Home,1437.8721770954621,1456.7261314639914,1456.5513276046158,1438.0469809548376
2014_11_NE_IND,2014,11,2014-11-16,IND,NE,20,42,Home,1599.3149959334598,1672.9063729117793,1568.854194518996,1703.367174326243
2014_11_OAK_SD,2014,11,2014-11-16,LAC,LV,13,6,Home,1542.305943154562,1276.8842688131424,1547.0020039154883,1272.1882080522162
2014_11_PHI_GB,2014,11,2014-11-16,GB,PHI,53,20,Home,1570.5818477159223,1596.8812368612305,1601.3916486563712,1566.0714359207816
2014_11_SEA_KC,2014,11,2014-11-16,KC,SEA,24,20,Home,1582.207629556548,1651.7089900278681,1598.4772263151708,1635.4393932692453
2014_11_SF_NYG,2014,11,2014-11-16,NYG,SF,10,16,Home,1442.1789472273156,1606.1331872045878,1428.72217862538,1619.5899558065234
2014_11_TB_WAS,2014,11,2014-11-16,WAS,TB,7,27,Home,1375.6084274384546,1315.2075304392672,1336.8380073927794,1353.9779504849423
2014_11_PIT_TEN,2014,11,2014-11-17,TEN,PIT,24,27,Home,1377.7217998295268,1543.539183252941,1368.208284780279,1553.052698302189
2014_12_KC_OAK,2014,12,2014-11-20,LV,KC,24,20,Home,1272.1882080522162,1598.4772263151708,1295.7287218866982,1574.9367124806888
2014_12_ARI_SEA,2014,12,2014-11-23,SEA,ARI,19,3,Home,1635.4393932692453,1647.9165765488983,1658.9592955474604,1624.3966742706832
2014_12_CIN_HOU,2014,12,2014-11-23,HOU,CIN,13,22,Home,1459.8628002958283,1558.5613844507757,1439.3770936004173,1579.0470911461866
2014_12_CLE_ATL,2014,12,2014-11-23,ATL,CLE,24,26,Home,1436.433729816253,1435.5051733380603,1423.7671587046514,1448.171744449662
2014_12_DAL_NYG,2014,12,2014-11-23,NYG,DAL,28,31,Home,1428.72217862538,1561.5594368488605,1417.866838695756,1572.4147767784843
2014_12_DET_NE,2014,12,2014-11-23,NE,DET,34,9,Home,1703.367174326243,1544.7184357658884,1716.160431089984,1531.9251790021474
2014_12_GB_MIN,2014,12,2014-11-23,MIN,GB,21,24,Home,1438.0469809548376,1601.3916486563712,1428.4361417886732,1611.0024878225356
2014_12_JAX_IND,2014,12,2014-11-23,IND,JAX,23,3,Home,1568.854194518996,1289.638421420945,1575.233699053111,1283.25891688683
2014_12_MIA_DEN,2014,12,2014-11-23,DEN,MIA,39,36,Home,1631.4741984640496,1550.1339548756666,1639.299942305766,1542.30821103395
2014_12_STL_SD,2014,12,2014-11-23,LAC,LA,27,24,Home,1547.0020039154883,1470.7592136355713,1555.0065756424901,1462.7546419085695
2014_12_TB_CHI,2014,12,2014-11-23,CHI,TB,21,13,Home,1456.5513276046158,1353.9779504849423,1467.81960398328,1342.709674106278
2014_12_TEN_PHI,2014,12,2014-11-23,PHI,TEN,43,24,Home,1566.0714359207816,1368.208284780279,1575.7302102296155,1358.549510471445
2014_12_WAS_SF,2014,12,2014-11-23,SF,WAS,17,13,Home,1619.5899558065234,1336.8380073927794,1622.8979135917396,1333.5300496075633
2014_12_BAL_NO,2014,12,2014-11-24,NO,BAL,27,34,Home,1535.5033956442658,1555.3847968303292,1512.495514986796,1578.392677487799
2014_12_NYJ_BUF,2014,12,2014-11-24,BUF,NYJ,38,3,Neutral,1455.5591025989313,1373.7005962473825,1482.1159415139728,1347.143757332341
2014_13_CHI_DET,2014,13,2014-11-27,DET,CHI,34,17,Home,1531.9251790021474,1467.81960398328,1549.5241180262105,1450.220664959217
2014_13_PHI_DAL,2014,13,2014-11-27,DAL,PHI,10,33,Home,1572.4147767784843,1575.7302102296155,1536.069456919691,1612.0755300884089
2014_13_SEA_SF,2014,13,2014-11-27,SF,SEA,3,19,Home,1622.8979135917396,1658.9592955474604,1592.6097885843205,1689.2474205548795
2014_13_ARI_ATL,2014,13,2014-11-30,ATL,ARI,29,18,Home,1423.7671587046514,1624.3966742706832,1455.8728626781788,1592.2909702971558
2014_13_CAR_MIN,2014,13,2014-11-30,MIN,CAR,31,13,Home,1428.4361417886732,1445.510114292234,1453.3027663935595,1420.6434896873477
2014_13_CIN_TB,2014,13,2014-11-30,TB,CIN,13,14,Home,1342.709674106278,1579.0470911461866,1339.2159795636908,1582.540785688774
2014_13_CLE_BUF,2014,13,2014-11-30,BUF,CLE,26,10,Home,1482.1159415139728,1448.171744449662,1501.7095854860686,1428.578100477566
2014_13_DEN_KC,2014,13,2014-11-30,KC,DEN,16,29,Home,1574.9367124806888,1639.299942305766,1548.505421636732,1665.7312331497228
2014_13_NE_GB,2014,13,2014-11-30,GB,NE,26,21,Home,1611.0024878225356,1716.160431089984,1630.623735012748,1696.5391838997716
2014_13_NO_PIT,2014,13,2014-11-30,PIT,NO,32,35,Home,1553.052698302189,1512.495514986796,1535.9247305493516,1529.6234827396333
2014_13_NYG_JAX,2014,13,2014-11-30,JAX,NYG,25,24,Home,1283.25891688683,1417.866838695756,1291.3061907510096,1409.8195648315766
2014_13_OAK_STL,2014,13,2014-11-30,LA,LV,52,0,Home,1462.7546419085695,1295.7287218866982,1477.711592005821,1280.7717717894466
2014_13_SD_BAL,2014,13,2014-11-30,BAL,LAC,33,34,Home,1578.392677487799,1555.0065756424901,1570.0693433020542,1563.3299098282348
2014_13_TEN_HOU,2014,13,2014-11-30,HOU,TEN,45,21,Home,1439.3770936004173,1358.549510471445,1457.5893910322125,1340.33721303965
2014_13_WAS_IND,2014,13,2014-11-30,IND,WAS,49,27,Home,1575.233699053111,1333.5300496075633,1583.2745852750095,1325.4891633856648
2014_13_MIA_NYJ,2014,13,2014-12-01,NYJ,MIA,13,16,Home,1347.143757332341,1542.30821103395,1338.741517152948,1550.710451213343
2014_14_DAL_CHI,2014,14,2014-12-04,CHI,DAL,28,41,Home,1450.220664959217,1536.069456919691,1425.644729106522,1560.645392772386
2014_14_BAL_MIA,2014,14,2014-12-07,MIA,BAL,13,28,Home,1550.710451213343,1570.0693433020542,1520.0002543692815,1600.7795401461158
2014_14_BUF_DEN,2014,14,2014-12-07,DEN,BUF,24,17,Home,1665.7312331497228,1501.7095854860686,1673.6825699481667,1493.7582486876247
2014_14_CAR_NO,2014,14,2014-12-07,NO,CAR,10,41,Home,1529.6234827396333,1420.6434896873477,1482.6449488588162,1467.6220235681649
2014_14_HOU_JAX,2014,14,2014-12-07,JAX,HOU,13,27,Home,1291.3061907510096,1457.5893910322125,1272.757752726416,1476.1378290568061
2014_14_IND_CLE,2014,14,2014-12-07,CLE,IND,24,25,Home,1428.578100477566,1583.2745852750095,1423.6003324362184,1588.2523533163571
2014_14_KC_ARI,2014,14,2014-12-07,ARI,KC,17,14,Home,1592.2909702971558,1548.505421636732,1601.4946812958524,1539.3017106380355
2014_14_NE_SD,2014,14,2014-12-07,LAC,NE,14,23,Home,1563.3299098282348,1696.5391838997716,1545.3255574129917,1714.5435363150148
2014_14_NYG_TEN,2014,14,2014-12-07,TEN,NYG,7,36,Home,1340.33721303965,1409.8195648315766,1306.8322757573621,1443.3245021138644
2014_14_NYJ_MIN,2014,14,2014-12-07,MIN,NYJ,30,24,Home,1453.3027663935595,1338.741517152948,1462.7435585957267,1329.300724950781
2014_14_PIT_CIN,2014,14,2014-12-07,CIN,PIT,21,42,Home,1582.540785688774,1535.9247305493516,1543.9843986043234,1574.4811176338021
2014_14_SEA_PHI,2014,14,2014-12-07,PHI,SEA,14,24,Home,1612.0755300884089,1689.2474205548795,1589.0636183764925,1712.2593322667958
2014_14_SF_OAK,2014,14,2014-12-07,LV,SF,24,13,Home,1280.7717717894466,1592.6097885843205,1316.764368479619,1556.6171918941482
2014_14_STL_WAS,2014,14,2014-12-07,WAS,LA,0,24,Home,1325.4891633856648,1477.711592005821,1302.141345030838,1501.059410360648
2014_14_TB_DET,2014,14,2014-12-07,DET,TB,34,17,Home,1549.5241180262105,1339.2159795636908,1558.2643676600635,1330.4757299298378
2014_14_ATL_GB,2014,14,2014-12-08,GB,ATL,43,37,Home,1630.623735012748,1455.8728626781788,1637.6772386446157,1448.819359046311
2014_15_ARI_STL,2014,15,2014-12-11,LA,ARI,6,12,Home,1501.059410360648,1601.4946812958524,1483.8552142516323,1618.698877404868
2014_15_CIN_CLE,2014,15,2014-12-14,CLE,CIN,0,30,Home,1423.6003324362184,1543.9843986043234,1395.3985826561711,1572.1861483843707
2014_15_DAL_PHI,2014,15,2014-12-14,PHI,DAL,27,38,Home,1589.0636183764925,1560.645392772386,1558.9676040950603,1590.7414070538182
2014_15_DEN_SD,2014,15,2014-12-14,LAC,DEN,10,22,Home,1545.3255574129917,1673.6825699481667,1524.8907356785871,1694.117391682571
2014_15_GB_BUF,2014,15,2014-12-14,BUF,GB,21,13,Home,1493.7582486876247,1637.6772386446157,1519.7065021621618,1611.7289851700787
2014_15_HOU_IND,2014,15,2014-12-14,IND,HOU,17,10,Home,1588.2523533163571,1476.1378290568061,1598.4566407794264,1465.933541593737
2014_15_JAX_BAL,2014,15,2014-12-14,BAL,JAX,20,12,Home,1600.7795401461158,1272.757752726416,1604.2948091966255,1269.2424836759062
2014_15_MIA_NE,2014,15,2014-12-14,NE,MIA,41,13,Home,1714.5435363150148,1520.0002543692815,1725.5862586537205,1508.9575320305757
2014_15_MIN_DET,2014,15,2014-12-14,DET,MIN,16,14,Home,1558.2643676600635,1462.7435585957267,1564.0829496723793,1456.9249765834109
2014_15_NYJ_TEN,2014,15,2014-12-14,TEN,NYJ,11,16,Home,1306.8322757573621,1329.300724950781,1287.1133940691138,1349.0196066390292
2014_15_OAK_KC,2014,15,2014-12-14,KC,LV,31,13,Home,1539.3017106380355,1316.764368479619,1547.6560235300142,1308.4100555876403
2014_15_PIT_ATL,2014,15,2014-12-14,ATL,PIT,20,27,Home,1448.819359046311,1574.4811176338021,1432.0807135284992,1591.219763151614
2014_15_SF_SEA,2014,15,2014-12-14,SEA,SF,17,7,Home,1712.2593322667958,1556.6171918941482,1721.8151127984136,1547.0614113625304
2014_15_TB_CAR,2014,15,2014-12-14,CAR,TB,19,17,Home,1467.6220235681649,1330.4757299298378,1472.4114553375562,1325.6862981604465
2014_15_WAS_NYG,2014,15,2014-12-14,NYG,WAS,24,13,Home,1443.3245021138644,1302.141345030838,1453.949015151789,1291.5168319929135
2014_15_NO_CHI,2014,15,2014-12-15,CHI,NO,15,31,Home,1425.644729106522,1482.6449488588162,1396.7653703298868,1511.5243076354514
2014_16_TEN_JAX,2014,16,2014-12-18,JAX,TEN,21,13,Home,1269.2424836759062,1287.1133940691138,1287.8536813668286,1268.5021963781915
2014_16_PHI_WAS,2014,16,2014-12-20,WAS,PHI,27,24,Home,1291.5168319929135,1558.9676040950603,1310.8715448250307,1539.612891262943
2014_16_SD_SF,2014,16,2014-12-20,SF,LAC,35,38,Home,1547.0614113625304,1524.8907356785871,1530.4496895412638,1541.5024574998538
2014_16_ATL_NO,2014,16,2014-12-21,NO,ATL,14,30,Home,1511.5243076354514,1432.0807135284992,1474.4802595546257,1469.1247616093249
2014_16_BAL_HOU,2014,16,2014-12-21,HOU,BAL,25,13,Home,1465.933541593737,1604.2948091966255,1495.9199376841063,1574.308413106256
2014_16_BUF_OAK,2014,16,2014-12-21,LV,BUF,26,24,Home,1308.4100555876403,1519.7065021621618,1322.8093223072683,1505.3072354425337
2014_16_CLE_CAR,2014,16,2014-12-21,CAR,CLE,17,13,Home,1472.4114553375562,1395.3985826561711,1481.6729148245722,1386.137123169155
2014_16_DET_CHI,2014,16,2014-12-21,CHI,DET,14,20,Home,1396.7653703298868,1564.0829496723793,1383.4939650016147,1577.3543550006514
2014_16_GB_TB,2014,16,2014-12-21,TB,GB,3,20,Home,1325.6862981604465,1611.7289851700787,1314.1905887946934,1623.2246945358318
2014_16_IND_DAL,2014,16,2014-12-21,DAL,IND,42,7,Home,1590.7414070538182,1598.4566407794264,1619.9602811886161,1569.2377666446284
2014_16_KC_PIT,2014,16,2014-12-21,PIT,KC,20,12,Home,1591.219763151614,1547.6560235300142,1605.8208422713167,1533.0549444103115
2014_16_MIN_MIA,2014,16,2014-12-21,MIA,MIN,37,35,Home,1508.9575320305757,1456.9249765834109,1516.0021564208653,1449.8803521931213
2014_16_NE_NYJ,2014,16,2014-12-21,NYJ,NE,16,17,Home,1349.0196066390292,1725.5862586537205,1347.287481490162,1727.3183838025877
2014_16_NYG_STL,2014,16,2014-12-21,LA,NYG,27,37,Home,1483.8552142516323,1453.949015151789,1454.740314029578,1483.0639153738432
2014_16_SEA_ARI,2014,16,2014-12-21,ARI,SEA,6,35,Home,1618.698877404868,1721.8151127984136,1588.9193163877326,1751.594673815549
2014_16_DEN_CIN,2014,16,2014-12-22,CIN,DEN,37,28,Home,1572.1861483843707,1694.117391682571,1598.2764731371803,1668.027066929761
2014_17_ARI_SF,2014,17,2014-12-28,SF,ARI,20,17,Home,1530.4496895412638,1588.9193163877326,1544.0118397588008,1575.3571661701956
2014_17_BUF_NE,2014,17,2014-12-28,NE,BUF,9,17,Home,1727.3183838025877,1505.3072354425337,1694.6966847701078,1537.9289344750136
2014_17_CAR_ATL,2014,17,2014-12-28,ATL,CAR,3,34,Home,1469.1247616093249,1481.6729148245722,1430.2025944551983,1520.5950819786988
2014_17_CHI_MIN,2014,17,2014-12-28,MIN,CHI,13,9,Home,1449.8803521931213,1383.4939650016147,1459.5834304981151,1373.7908866966209
2014_17_CIN_PIT,2014,17,2014-12-28,PIT,CIN,27,17,Home,1605.8208422713167,1598.2764731371803,1624.2566021633727,1579.8407132451243
2014_17_CLE_BAL,2014,17,2014-12-28,BAL,CLE,20,10,Home,1574.308413106256,1386.137123169155,1582.4314307018697,1378.0141055735414
2014_17_DAL_WAS,2014,17,2014-12-28,WAS,DAL,17,44,Home,1310.8715448250307,1619.9602811886161,1299.0532275250798,1631.778598488567
2014_17_DET_GB,2014,17,2014-12-28,GB,DET,30,20,Home,1623.2246945358318,1577.3543550006514,1639.005979561587,1561.573069974896
2014_17_IND_TEN,2014,17,2014-12-28,TEN,IND,10,27,Home,1268.5021963781915,1569.2377666446284,1257.8128018304415,1579.9271611923784
2014_17_JAX_HOU,2014,17,2014-12-28,HOU,JAX,23,17,Home,1495.9199376841063,1287.8536813668286,1501.87289220472,1281.9007268462149
2014_17_NO_TB,2014,17,2014-12-28,TB,NO,20,23,Home,1314.1905887946934,1474.4802595546257,1304.4587449856663,1484.2121033636529
2014_17_NYJ_MIA,2014,17,2014-12-28,MIA,NYJ,24,37,Home,1516.0021564208653,1347.287481490162,1478.1484420444365,1385.1411958665908
2014_17_OAK_DEN,2014,17,2014-12-28,DEN,LV,47,14,Home,1668.027066929761,1322.8093223072683,1673.148915324237,1317.6874739127925
2014_17_PHI_NYG,2014,17,2014-12-28,NYG,PHI,26,34,Home,1483.0639153738432,1539.612891262943,1460.643447430903,1562.0333592058832
2014_17_SD_KC,2014,17,2014-12-28,KC,LAC,19,7,Home,1533.0549444103115,1541.5024574998538,1554.0268289687092,1520.530572941456
2014_17_STL_SEA,2014,17,2014-12-28,SEA,LA,20,6,Home,1751.594673815549,1454.740314029578,1756.7462250730941,1449.5887627720329
2014_18_ARI_CAR,2014,18,2015-01-03,CAR,ARI,27,16,Home,1520.5950819786988,1575.3571661701956,1544.6004194552552,1551.3518286936392
2014_18_BAL_PIT,2014,18,2015-01-03,PIT,BAL,17,30,Home,1624.2566021633727,1582.4314307018697,1591.584618031172,1615.1034148340702
2014_18_CIN_IND,2014,18,2015-01-04,IND,CIN,26,10,Home,1579.9271611923784,1579.8407132451243,1602.349593322814,1557.4182811146889
2014_18_DET_DAL,2014,18,2015-01-04,DAL,DET,24,20,Home,1631.778598488567,1561.573069974896,1641.3214483785166,1552.0302200849464
2014_19_BAL_NE,2014,19,2015-01-10,NE,BAL,35,31,Home,1694.6966847701078,1615.1034148340702,1703.8528992433355,1605.9472003608425
2014_19_CAR_SEA,2014,19,2015-01-10,SEA,CAR,31,17,Home,1756.7462250730941,1544.6004194552552,1764.8574883165163,1536.489156211833
2014_19_DAL_GB,2014,19,2015-01-11,GB,DAL,26,21,Home,1639.005979561587,1641.3214483785166,1653.31771333303,1627.0097146070736
2014_19_IND_DEN,2014,19,2015-01-11,DEN,IND,13,24,Home,1673.148915324237,1602.349593322814,1641.0356886592176,1634.4628199878332
2014_20_GB_SEA,2014,20,2015-01-18,SEA,GB,28,22,Home,1764.8574883165163,1653.31771333303,1774.4320575592817,1643.7431440902647
2014_20_IND_NE,2014,20,2015-01-18,NE,IND,45,7,Home,1703.8528992433355,1634.4628199878332,1725.652830096602,1612.6628891345667
2014_21_NE_SEA,2014,21,2015-02-01,SEA,NE,24,28,Neutral,1774.4320575592817,1725.652830096602,1756.4905969094448,1743.594290746439
2015_01_PIT_NE,2015,1,2015-09-10,NE,PIT,28,21,Home,1646.1565744478632,1554.9507708187032,1657.387332420659,1543.7200128459074
2015_01_BAL_DEN,2015,1,2015-09-13,DEN,BAL,19,13,Home,1584.6214131955305,1563.5683202165055,1598.8023766934036,1549.3873567186324
2015_01_CAR_JAX,2015,1,2015-09-13,JAX,CAR,9,20,Home,1369.1404361077289,1521.8934937270997,1351.1548517734166,1539.879078061412
2015_01_CIN_OAK,2015,1,2015-09-13,LV,CIN,13,33,Home,1390.6124843476755,1534.4509686688134,1367.777862495564,1557.2855905209249
2015_01_CLE_NYJ,2015,1,2015-09-13,NYJ,CLE,31,10,Home,1431.0847175199544,1426.808463344125,1455.1542867233302,1402.7388941407492
2015_01_DET_SD,2015,1,2015-09-13,LAC,DET,33,28,Home,1512.3183437648736,1531.2181320509678,1527.5531206208836,1515.9833551949578
2015_01_GB_CHI,2015,1,2015-09-13,CHI,GB,23,31,Home,1424.2745320179724,1586.2458864541586,1408.9556623996764,1601.5647560724547
2015_01_IND_BUF,2015,1,2015-09-13,BUF,IND,27,14,Home,1522.7573606850083,1567.5977334807399,1547.3926173134744,1542.9624768522738
2015_01_KC_HOU,2015,1,2015-09-13,HOU,KC,20,27,Home,1501.123735322832,1532.4160973812254,1478.6623312678792,1554.8775014361784
2015_01_MIA_WAS,2015,1,2015-09-13,WAS,MIA,10,17,Home,1379.4319365150477,1486.8890652266618,1361.5118882931863,1504.8091134485232
2015_01_NO_ARI,2015,1,2015-09-13,ARI,NO,31,19,Home,1530.8110972161835,1490.5272620181918,1548.0905506729052,1473.24780856147
2015_01_NYG_DAL,2015,1,2015-09-13,DAL,NYG,27,26,Home,1576.2058287642442,1476.3860684585418,1579.805703211157,1472.786194011629
2015_01_SEA_STL,2015,1,2015-09-13,LA,SEA,34,31,Home,1469.7532576632198,1653.8943581456667,1487.244797165361,1636.4028186435255
2015_01_TEN_TB,2015,1,2015-09-13,TB,TEN,14,42,Home,1382.6752469913997,1354.6876810982649,1341.9217897515216,1395.441138338143
2015_01_MIN_SF,2015,1,2015-09-14,SF,MIN,20,3,Home,1526.4071038552804,1475.7500582988691,1545.0494061474426,1457.107756006707
2015_01_PHI_ATL,2015,1,2015-09-14,ATL,PHI,26,24,Home,1458.121556673119,1537.22001552353,1469.4804446201663,1525.8611275764827
2015_02_DEN_KC,2015,2,2015-09-17,KC,DEN,24,31,Home,1554.8775014361784,1598.8023766934036,1533.032526778988,1620.647351350594
2015_02_ARI_CHI,2015,2,2015-09-20,CHI,ARI,23,48,Home,1408.9556623996764,1548.0905506729052,1384.0619750311346,1572.984238041447
2015_02_ATL_NYG,2015,2,2015-09-20,NYG,ATL,20,24,Home,1472.786194011629,1469.4804446201663,1454.146535152212,1488.1201034795833
2015_02_BAL_OAK,2015,2,2015-09-20,LV,BAL,37,33,Home,1367.777862495564,1549.3873567186324,1388.007629623813,1529.1575895903834
2015_02_DAL_PHI,2015,2,2015-09-20,PHI,DAL,10,20,Home,1525.8611275764827,1579.805703211157,1501.2431305143718,1604.4237002732677
2015_02_DET_MIN,2015,2,2015-09-20,MIN,DET,26,16,Home,1457.107756006707,1515.9833551949578,1480.5986704551442,1492.4924407465205
2015_02_HOU_CAR,2015,2,2015-09-20,CAR,HOU,24,17,Home,1539.879078061412,1478.6623312678792,1552.699422735814,1465.841986593477
2015_02_MIA_JAX,2015,2,2015-09-20,JAX,MIA,23,20,Home,1351.1548517734166,1504.8091134485232,1367.8092151854537,1488.1547500364861
2015_02_NE_BUF,2015,2,2015-09-20,BUF,NE,32,40,Home,1547.3926173134744,1657.387332420659,1528.6337487272679,1676.1462010068656
2015_02_SD_CIN,2015,2,2015-09-20,CIN,LAC,24,19,Home,1557.2855905209249,1527.5531206208836,1569.8924578376468,1514.9462533041617
2015_02_SEA_GB,2015,2,2015-09-20,GB,SEA,27,17,Home,1601.5647560724547,1636.4028186435255,1623.1710157733,1614.7965589426801
2015_02_SF_PIT,2015,2,2015-09-20,PIT,SF,43,18,Home,1543.7200128459074,1545.0494061474426,1569.6458610788275,1519.1235579145225
2015_02_STL_WAS,2015,2,2015-09-20,WAS,LA,24,10,Home,1361.5118882931863,1487.244797165361,1392.4251330105506,1456.3315524479967
2015_02_TB_NO,2015,2,2015-09-20,NO,TB,19,26,Home,1473.24780856147,1341.9217897515216,1444.387701745189,1370.7818965678027
2015_02_TEN_CLE,2015,2,2015-09-20,CLE,TEN,28,14,Home,1402.7388941407492,1395.441138338143,1423.579305288706,1374.600727190186
2015_02_NYJ_IND,2015,2,2015-09-21,IND,NYJ,7,20,Home,1542.9624768522738,1455.1542867233302,1508.08230241572,1490.034461159884
2015_03_WAS_NYG,2015,3,2015-09-24,NYG,WAS,32,21,Home,1454.146535152212,1392.4251330105506,1469.4333866542302,1377.1382815085324
2015_03_ATL_DAL,2015,3,2015-09-27,DAL,ATL,28,39,Home,1604.4237002732677,1488.1201034795833,1570.4674562057105,1522.0763475471406
2015_03_BUF_MIA,2015,3,2015-09-27,MIA,BUF,14,41,Home,1488.1547500364861,1528.6337487272679,1452.878019440651,1563.910479323103
2015_03_CHI_SEA,2015,3,2015-09-27,SEA,CHI,26,0,Home,1614.7965589426801,1384.0619750311346,1623.7538115118286,1375.104722461986
2015_03_CIN_BAL,2015,3,2015-09-27,BAL,CIN,24,28,Home,1529.1575895903834,1569.8924578376468,1512.128813065018,1586.9212343630122
2015_03_DEN_DET,2015,3,2015-09-27,DET,DEN,12,24,Home,1492.4924407465205,1620.647351350594,1472.041760653303,1641.0980314438114
2015_03_IND_TEN,2015,3,2015-09-27,TEN,IND,33,35,Home,1374.600727190186,1508.08230241572,1366.019534544373,1516.663495061533
2015_03_JAX_NE,2015,3,2015-09-27,NE,JAX,51,17,Home,1676.1462010068656,1367.8092151854537,1682.493695501447,1361.4617206908722
2015_03_NO_CAR,2015,3,2015-09-27,CAR,NO,27,22,Home,1552.699422735814,1444.387701745189,1561.6484785932685,1435.4386458877345
2015_03_OAK_CLE,2015,3,2015-09-27,CLE,LV,20,27,Home,1423.579305288706,1388.007629623813,1398.0933112619853,1413.493623650534
2015_03_PHI_NYJ,2015,3,2015-09-27,NYJ,PHI,17,24,Home,1490.034461159884,1501.2431305143718,1466.6185854541038,1524.659006220152
2015_03_PIT_STL,2015,3,2015-09-27,LA,PIT,6,12,Home,1456.3315524479967,1569.6458610788275,1439.921502315314,1586.0559112115102
2015_03_SD_MIN,2015,3,2015-09-27,MIN,LAC,31,14,Home,1480.5986704551442,1514.9462533041617,1506.5967315864732,1488.9481921728325
2015_03_SF_ARI,2015,3,2015-09-27,ARI,SF,47,7,Home,1572.984238041447,1519.1235579145225,1596.6124196318856,1495.495376324084
2015_03_TB_HOU,2015,3,2015-09-27,HOU,TB,19,9,Home,1465.841986593477,1370.7818965678027,1478.5685723982922,1358.0553107629876
2015_03_KC_GB,2015,3,2015-09-28,GB,KC,38,28,Home,1623.1710157733,1533.032526778988,1636.1842193282791,1520.019323224009
2015_04_BAL_PIT,2015,4,2015-10-01,PIT,BAL,20,23,Home,1586.0559112115102,1512.128813065018,1568.0635591969558,1530.1211650795726
2015_04_CAR_TB,2015,4,2015-10-04,TB,CAR,23,37,Home,1358.0553107629876,1561.6484785932685,1342.235209993851,1577.468579362405
2015_04_CLE_SD,2015,4,2015-10-04,LAC,CLE,30,27,Home,1488.9481921728325,1398.0933112619853,1496.4472359492881,1390.5942674855296
2015_04_DAL_NO,2015,4,2015-10-04,NO,DAL,26,20,Home,1435.4386458877345,1570.4674562057105,1458.0479585924597,1547.8581435009853
2015_04_GB_SF,2015,4,2015-10-04,SF,GB,3,17,Home,1495.495376324084,1636.1842193282791,1474.9302943115028,1656.7493013408603
2015_04_HOU_ATL,2015,4,2015-10-04,ATL,HOU,48,21,Home,1522.0763475471406,1478.5685723982922,1544.2248214404362,1456.4200985049965
2015_04_JAX_IND,2015,4,2015-10-04,IND,JAX,16,13,Home,1516.663495061533,1361.4617206908722,1522.199924142348,1355.9252916100572
2015_04_KC_CIN,2015,4,2015-10-04,CIN,KC,36,21,Home,1586.9212343630122,1520.019323224009,1603.599359122217,1503.3411984648042
2015_04_MIN_DEN,2015,4,2015-10-04,DEN,MIN,23,20,Home,1641.0980314438114,1506.5967315864732,1647.2187580807934,1500.4760049494912
2015_04_NYG_BUF,2015,4,2015-10-04,BUF,NYG,10,24,Home,1563.910479323103,1469.4333866542302,1527.8210082522323,1505.5228577251007
2015_04_NYJ_MIA,2015,4,2015-10-04,MIA,NYJ,14,27,Neutral,1452.878019440651,1466.6185854541038,1427.687940637182,1491.808664257573
2015_04_OAK_CHI,2015,4,2015-10-04,CHI,LV,22,20,Home,1375.104722461986,1413.493623650534,1385.1297654985638,1403.4685806139562
2015_04_PHI_WAS,2015,4,2015-10-04,WAS,PHI,23,20,Home,1377.1382815085324,1524.659006220152,1393.61527259416,1508.1820151345244
2015_04_STL_ARI,2015,4,2015-10-04,ARI,LA,22,24,Home,1596.6124196318856,1439.921502315314,1581.0071560384251,1455.5267659087745
2015_04_DET_SEA,2015,4,2015-10-05,SEA,DET,13,10,Home,1623.7538115118286,1472.041760653303,1629.3856366276154,1466.4099355375163
2015_05_IND_HOU,2015,5,2015-10-08,HOU,IND,20,27,Home,1456.4200985049965,1522.199924142348,1435.679708229502,1542.9403144178425
2015_05_ARI_DET,2015,5,2015-10-11,DET,ARI,17,42,Home,1466.4099355375163,1581.0071560384251,1439.0651065112313,1608.35198506471
2015_05_BUF_TEN,2015,5,2015-10-11,TEN,BUF,13,14,Home,1366.019534544373,1527.8210082522323,1361.183605362531,1532.6569374340745
2015_05_CHI_KC,2015,5,2015-10-11,KC,CHI,17,18,Home,1503.3411984648042,1385.1297654985638,1493.849927020353,1394.6210369430148
2015_05_CLE_BAL,2015,5,2015-10-11,BAL,CLE,30,33,Home,1530.1211650795726,1390.5942674855296,1510.7284036776919,1409.9870288874104
2015_05_DEN_OAK,2015,5,2015-10-11,LV,DEN,10,16,Home,1403.4685806139562,1647.2187580807934,1393.9920093247028,1656.6953293700467
2015_05_JAX_TB,2015,5,2015-10-11,TB,JAX,38,31,Home,1342.235209993851,1355.9252916100572,1359.5763588369684,1338.5841427669397
2015_05_NE_DAL,2015,5,2015-10-11,DAL,NE,6,30,Home,1547.8581435009853,1682.493695501447,1522.8281299645378,1707.5237090378946
2015_05_NO_PHI,2015,5,2015-10-11,PHI,NO,39,17,Home,1508.1820151345244,1458.0479585924597,1528.4501207685373,1437.7798529584468
2015_05_SEA_CIN,2015,5,2015-10-11,CIN,SEA,27,24,Home,1603.599359122217,1629.3856366276154,1615.688768983561,1617.2962267662715
2015_05_SF_NYG,2015,5,2015-10-11,NYG,SF,30,27,Home,1505.5228577251007,1474.9302943115028,1515.242666941735,1465.2104850948685
2015_05_STL_GB,2015,5,2015-10-11,GB,LA,24,10,Home,1656.7493013408603,1455.5267659087745,1665.331311104148,1446.9447561454867
2015_05_WAS_ATL,2015,5,2015-10-11,ATL,WAS,25,19,Home,1544.2248214404362,1393.61527259416,1552.1727577703664,1385.6673362642298
2015_05_PIT_SD,2015,5,2015-10-12,LAC,PIT,20,24,Home,1496.4472359492881,1568.0635591969558,1480.7066485693654,1583.8041465768786
2015_06_ATL_NO,2015,6,2015-10-15,NO,ATL,31,21,Home,1437.7798529584468,1552.1727577703664,1464.5440807059074,1525.4085300229058
2015_06_ARI_PIT,2015,6,2015-10-18,PIT,ARI,25,13,Home,1583.8041465768786,1608.35198506471,1606.071241214084,1586.0848904275047
2015_06_BAL_SF,2015,6,2015-10-18,SF,BAL,25,20,Home,1465.2104850948685,1510.7284036776919,1481.975954929475,1493.9629338430855
2015_06_CAR_SEA,2015,6,2015-10-18,SEA,CAR,23,27,Home,1617.2962267662715,1577.468579362405,1597.434450164945,1597.3303559637316
2015_06_CHI_DET,2015,6,2015-10-18,DET,CHI,37,34,Home,1439.0651065112313,1394.6210369430148,1448.2434779372868,1385.4426655169593
2015_06_CIN_BUF,2015,6,2015-10-18,BUF,CIN,21,34,Home,1532.6569374340745,1615.688768983561,1507.8382220381015,1640.507484379534
2015_06_DEN_CLE,2015,6,2015-10-18,CLE,DEN,23,26,Home,1409.9870288874104,1656.6953293700467,1403.3284162587756,1663.3539419986814
2015_06_HOU_JAX,2015,6,2015-10-18,JAX,HOU,20,31,Home,1338.5841427669397,1435.679708229502,1316.3484809404515,1457.9153700559903
2015_06_KC_MIN,2015,6,2015-10-18,MIN,KC,16,10,Home,1500.4760049494912,1493.849927020353,1515.4905369954342,1478.83539497441
2015_06_MIA_TEN,2015,6,2015-10-18,TEN,MIA,10,38,Home,1361.183605362531,1427.687940637182,1327.6793539978546,1461.1921920018583
2015_06_NE_IND,2015,6,2015-10-18,IND,NE,27,34,Home,1542.9403144178425,1707.5237090378946,1528.5972926841855,1721.8667307715516
2015_06_SD_GB,2015,6,2015-10-18,GB,LAC,27,20,Home,1665.331311104148,1480.7066485693654,1672.5033104805002,1473.5346491930131
2015_06_WAS_NYJ,2015,6,2015-10-18,NYJ,WAS,34,20,Home,1491.808664257573,1385.6673362642298,1505.470501182431,1372.0054993393717
2015_06_NYG_PHI,2015,6,2015-10-19,PHI,NYG,27,7,Home,1528.4501207685373,1515.242666941735,1551.3418281573706,1492.3509595529017
2015_07_SEA_SF,2015,7,2015-10-22,SF,SEA,3,20,Home,1481.975954929475,1597.434450164945,1457.7952934788818,1621.6151116155381
2015_07_ATL_TEN,2015,7,2015-10-25,TEN,ATL,7,10,Home,1327.6793539978546,1525.4085300229058,1319.3702674930264,1533.717616527734
2015_07_BUF_JAX,2015,7,2015-10-25,JAX,BUF,34,31,Neutral,1316.3484809404515,1507.8382220381015,1335.4954966881317,1488.6912062904214
2015_07_CLE_STL,2015,7,2015-10-25,LA,CLE,24,6,Home,1446.9447561454867,1403.3284162587756,1466.506947951654,1383.7662244526084
2015_07_DAL_NYG,2015,7,2015-10-25,NYG,DAL,27,20,Home,1492.3509595529017,1522.8281299645378,1510.796467250403,1504.3826222670364
2015_07_HOU_MIA,2015,7,2015-10-25,MIA,HOU,44,26,Home,1461.1921920018583,1457.9153700559903,1484.2092934685118,1434.8982685893368
2015_07_MIN_DET,2015,7,2015-10-25,DET,MIN,19,28,Home,1448.2434779372868,1515.4905369954342,1425.3898883470072,1538.3441265857139
2015_07_NO_IND,2015,7,2015-10-25,IND,NO,21,27,Home,1528.5972926841855,1464.5440807059074,1503.6865274134818,1489.454845976611
2015_07_NYJ_NE,2015,7,2015-10-25,NE,NYJ,30,23,Home,1721.8667307715516,1505.470501182431,1727.9590355614541,1499.3781963925285
2015_07_OAK_SD,2015,7,2015-10-25,LAC,LV,29,37,Home,1473.5346491930131,1393.9920093247028,1444.8023516053718,1422.7243069123442
2015_07_PHI_CAR,2015,7,2015-10-25,CAR,PHI,27,16,Home,1597.3303559637316,1551.3418281573706,1613.6761738096332,1534.996010311469
2015_07_PIT_KC,2015,7,2015-10-25,KC,PIT,23,13,Home,1478.83539497441,1606.071241214084,1506.287718434756,1578.618917753738
2015_07_TB_WAS,2015,7,2015-10-25,WAS,TB,31,30,Home,1372.0054993393717,1359.5763588369684,1377.2333128854937,1354.3485452908465
2015_07_BAL_ARI,2015,7,2015-10-26,ARI,BAL,26,18,Home,1586.0848904275047,1493.9629338430855,1597.9027482760243,1482.1450759945658
2015_08_MIA_NE,2015,8,2015-10-29,NE,MIA,36,7,Home,1727.9590355614541,1484.2092934685118,1736.5869087661983,1475.5814202637675
2015_08_ARI_CLE,2015,8,2015-11-01,CLE,ARI,20,34,Home,1383.7662244526084,1597.9027482760243,1368.6684996364174,1613.0004730922153
2015_08_CIN_PIT,2015,8,2015-11-01,PIT,CIN,10,16,Home,1578.618917753738,1640.507484379534,1559.0132844051243,1660.1131177281477
2015_08_DET_KC,2015,8,2015-11-01,KC,DET,45,10,Neutral,1506.287718434756,1425.3898883470072,1532.9462570705912,1398.731349711172
2015_08_GB_DEN,2015,8,2015-11-01,DEN,GB,29,10,Home,1663.3539419986814,1672.5033104805002,1687.9131734339205,1647.944079045261
2015_08_MIN_CHI,2015,8,2015-11-01,CHI,MIN,20,23,Home,1385.4426655169593,1538.3441265857139,1375.4147576310875,1548.3720344715857
2015_08_NYG_NO,2015,8,2015-11-01,NO,NYG,52,49,Home,1489.454845976611,1510.796467250403,1501.3488649770204,1498.9024482499938
2015_08_NYJ_OAK,2015,8,2015-11-01,LV,NYJ,34,20,Home,1422.7243069123442,1499.3781963925285,1450.565338457382,1471.5371648474907
2015_08_SD_BAL,2015,8,2015-11-01,BAL,LAC,29,26,Home,1482.1450759945658,1444.8023516053718,1491.5988325309543,1435.3485950689833
2015_08_SEA_DAL,2015,8,2015-11-01,DAL,SEA,12,13,Home,1504.3826222670364,1621.6151116155381,1498.6221925251134,1627.375541357461
2015_08_SF_STL,2015,8,2015-11-01,LA,SF,27,6,Home,1466.506947951654,1457.7952934788818,1490.163476931978,1434.1387644985577
2015_08_TB_ATL,2015,8,2015-11-01,ATL,TB,20,23,Home,1533.717616527734,1354.3485452908465,1513.6733823623783,1374.392779456202
2015_08_TEN_HOU,2015,8,2015-11-01,HOU,TEN,20,6,Home,1434.8982685893368,1319.3702674930264,1447.9774908389834,1306.2910452433798
2015_08_IND_CAR,2015,8,2015-11-02,CAR,IND,29,26,Home,1613.6761738096332,1503.6865274134818,1620.5464994714412,1496.8162017516738
2015_09_CLE_CIN,2015,9,2015-11-05,CIN,CLE,31,10,Home,1660.1131177281477,1368.6684996364174,1666.1708464343924,1362.6107709301727
2015_09_ATL_SF,2015,9,2015-11-08,SF,ATL,17,16,Home,1434.1387644985577,1513.6733823623783,1441.312643142087,1506.4995037188492
2015_09_DEN_IND,2015,9,2015-11-08,IND,DEN,27,24,Home,1496.8162017516738,1687.9131734339205,1514.4877681565158,1670.2416070290785
2015_09_GB_CAR,2015,9,2015-11-08,CAR,GB,37,29,Home,1620.5464994714412,1647.944079045261,1639.8205324535056,1628.6700460631967
2015_09_JAX_NYJ,2015,9,2015-11-08,NYJ,JAX,28,23,Home,1471.5371648474907,1335.4954966881317,1479.3899136575492,1327.6427478780731
2015_09_MIA_BUF,2015,9,2015-11-08,BUF,MIA,33,17,Home,1488.6912062904214,1475.5814202637675,1510.0023127655352,1454.2703137886538
2015_09_NYG_TB,2015,9,2015-11-08,TB,NYG,18,32,Home,1374.392779456202,1498.9024482499938,1352.4981094774935,1520.7971182287024
2015_09_OAK_PIT,2015,9,2015-11-08,PIT,LV,38,35,Home,1559.0132844051243,1450.565338457382,1565.9328558731943,1443.645766989312
2015_09_PHI_DAL,2015,9,2015-11-08,DAL,PHI,27,33,Home,1498.6221925251134,1534.996010311469,1477.8339148534951,1555.7842879830873
2015_09_STL_MIN,2015,9,2015-11-08,MIN,LA,21,18,Home,1548.3720344715857,1490.163476931978,1557.0301876411636,1481.5053237624002
2015_09_TEN_NO,2015,9,2015-11-08,NO,TEN,28,34,Home,1501.3488649770204,1306.2910452433798,1472.909457543041,1334.7304526773592
2015_09_WAS_NE,2015,9,2015-11-08,NE,WAS,27,10,Home,1736.5869087661983,1377.2333128854937,1740.4621858330943,1373.3580358185977
2015_09_CHI_SD,2015,9,2015-11-09,LAC,CHI,19,22,Home,1435.3485950689833,1375.4147576310875,1417.7068364689603,1393.0565162311104
2015_10_BUF_NYJ,2015,10,2015-11-12,NYJ,BUF,17,22,Home,1479.3899136575492,1510.0023127655352,1460.0076437979526,1529.3845826251318
2015_10_ARI_SEA,2015,10,2015-11-15,SEA,ARI,32,39,Home,1627.375541357461,1613.0004730922153,1602.7981422846085,1637.577872165068
2015_10_CAR_TEN,2015,10,2015-11-15,TEN,CAR,10,27,Home,1334.7304526773592,1639.8205324535056,1324.2712704233982,1650.2797147074666
2015_10_CHI_STL,2015,10,2015-11-15,LA,CHI,13,37,Home,1481.5053237624002,1393.0565162311104,1438.9273626991826,1435.634477294328
2015_10_CLE_PIT,2015,10,2015-11-15,PIT,CLE,30,9,Home,1565.9328558731943,1362.6107709301727,1575.6233639714371,1352.92026283193
2015_10_DAL_TB,2015,10,2015-11-15,TB,DAL,10,6,Home,1352.4981094774935,1477.8339148534951,1370.8562056722744,1459.4758186587142
2015_10_DET_GB,2015,10,2015-11-15,GB,DET,16,18,Home,1628.6700460631967,1398.731349711172,1612.2935409386307,1415.107854835738
2015_10_JAX_BAL,2015,10,2015-11-15,BAL,JAX,20,22,Home,1491.5988325309543,1327.6427478780731,1475.8999361444007,1343.3416442646267
2015_10_KC_DEN,2015,10,2015-11-15,DEN,KC,13,29,Home,1670.2416070290785,1532.9462570705912,1630.6916273673346,1572.496236732335
2015_10_MIA_PHI,2015,10,2015-11-15,PHI,MIA,19,20,Home,1555.7842879830873,1454.2703137886538,1546.4688378756725,1463.5857638960686
2015_10_MIN_OAK,2015,10,2015-11-15,LV,MIN,14,30,Home,1443.645766989312,1557.0301876411636,1419.7592348959988,1580.9167197344768
2015_10_NE_NYG,2015,10,2015-11-15,NYG,NE,26,27,Home,1520.7971182287024,1740.4621858330943,1517.027423321405,1744.2318807403917
2015_10_NO_WAS,2015,10,2015-11-15,WAS,NO,47,14,Home,1373.3580358185977,1472.909457543041,1411.5176807263915,1434.7498126352473
2015_10_HOU_CIN,2015,10,2015-11-16,CIN,HOU,6,10,Home,1666.1708464343924,1447.9774908389834,1642.3243588067858,1471.82397846659
2015_11_TEN_JAX,2015,11,2015-11-19,JAX,TEN,19,13,Home,1343.3416442646267,1324.2712704233982,1357.6357143929924,1309.9772002950324
2015_11_CIN_ARI,2015,11,2015-11-22,ARI,CIN,34,31,Home,1637.577872165068,1642.3243588067858,1648.7543692185116,1631.147861753342
2015_11_DAL_MIA,2015,11,2015-11-22,MIA,DAL,14,24,Home,1463.5857638960686,1459.4758186587142,1435.7726893254583,1487.2888932293245
2015_11_DEN_CHI,2015,11,2015-11-22,CHI,DEN,15,17,Home,1435.634477294328,1630.6916273673346,1428.9727596178109,1637.3533450438517
2015_11_GB_MIN,2015,11,2015-11-22,MIN,GB,13,30,Home,1580.9167197344768,1612.2935409386307,1549.7016050324432,1643.5086556406643
2015_11_IND_ATL,2015,11,2015-11-22,ATL,IND,21,24,Home,1506.4995037188492,1514.4877681565158,1490.7890753347383,1530.1981965406267
2015_11_KC_SD,2015,11,2015-11-22,LAC,KC,3,33,Home,1417.7068364689603,1572.496236732335,1393.0552571002254,1597.14781610107
2015_11_NYJ_HOU,2015,11,2015-11-22,HOU,NYJ,24,17,Home,1471.82397846659,1460.0076437979526,1487.5453895486758,1444.2862327158668
2015_11_OAK_DET,2015,11,2015-11-22,DET,LV,18,13,Home,1415.107854835738,1419.7592348959988,1429.5480270892854,1405.3190626424514
2015_11_SF_SEA,2015,11,2015-11-22,SEA,SF,29,13,Home,1602.7981422846085,1441.312643142087,1613.7684961504378,1430.3422892762576
2015_11_STL_BAL,2015,11,2015-11-22,BAL,LA,16,13,Home,1475.8999361444007,1438.9273626991826,1485.3681745859617,1429.4591242576216
2015_11_TB_PHI,2015,11,2015-11-22,PHI,TB,17,45,Home,1546.4688378756725,1370.8562056722744,1497.9154713707512,1419.4095721771957
2015_11_WAS_CAR,2015,11,2015-11-22,CAR,WAS,44,16,Home,1650.2797147074666,1411.5176807263915,1659.0509537869773,1402.7464416468808
2015_11_BUF_NE,2015,11,2015-11-23,NE,BUF,20,13,Home,1744.2318807403917,1529.3845826251318,1750.3735006413165,1523.242962724207
2015_12_CAR_DAL,2015,12,2015-11-26,DAL,CAR,14,33,Home,1487.2888932293245,1659.0509537869773,1467.2311975728135,1679.1086494434883
2015_12_CHI_GB,2015,12,2015-11-26,GB,CHI,13,17,Home,1643.5086556406643,1428.9727596178109,1619.7099386450975,1452.7714766133777
2015_12_PHI_DET,2015,12,2015-11-26,DET,PHI,45,14,Home,1429.5480270892854,1497.9154713707512,1464.4878037611288,1462.9756946989078
2015_12_ARI_SF,2015,12,2015-11-29,SF,ARI,13,19,Home,1430.3422892762576,1648.7543692185116,1419.6995569328756,1659.3971015618936
2015_12_BUF_KC,2015,12,2015-11-29,KC,BUF,30,22,Home,1597.14781610107,1523.242962724207,1609.9661530293422,1510.4246257959348
2015_12_MIA_NYJ,2015,12,2015-11-29,NYJ,MIA,38,20,Home,1444.2862327158668,1435.7726893254583,1466.8382704452358,1413.2206515960893
2015_12_MIN_ATL,2015,12,2015-11-29,ATL,MIN,10,20,Home,1490.7890753347383,1549.7016050324432,1466.4573534675098,1574.0333268996717
2015_12_NE_DEN,2015,12,2015-11-29,DEN,NE,30,24,Home,1637.3533450438517,1750.3735006413165,1659.0121985096775,1728.7146471754907
2015_12_NO_HOU,2015,12,2015-11-29,HOU,NO,24,6,Home,1487.5453895486758,1434.7498126352473,1506.3649115293254,1415.9302906545977
2015_12_NYG_WAS,2015,12,2015-11-29,WAS,NYG,20,14,Home,1402.7464416468808,1517.027423321405,1424.4608863924057,1495.3129785758802
2015_12_OAK_TEN,2015,12,2015-11-29,TEN,LV,21,24,Home,1309.9772002950324,1405.3190626424514,1297.4940166207557,1417.802246316728
2015_12_PIT_SEA,2015,12,2015-11-29,SEA,PIT,39,30,Home,1613.7684961504378,1575.6233639714371,1629.4187737860511,1559.9730863358238
2015_12_SD_JAX,2015,12,2015-11-29,JAX,LAC,25,31,Home,1357.6357143929924,1393.0552571002254,1336.8039648465885,1413.8870066466293
2015_12_STL_CIN,2015,12,2015-11-29,CIN,LA,31,7,Home,1631.147861753342,1429.4591242576216,1641.3242981024534,1419.2826879085103
2015_12_TB_IND,2015,12,2015-11-29,IND,TB,25,12,Home,1530.1981965406267,1419.4095721771957,1543.2286819643348,1406.3790867534876
2015_12_BAL_CLE,2015,12,2015-11-30,CLE,BAL,27,33,Home,1352.92026283193,1485.3681745859617,1337.6598747679839,1500.6285626499077
2015_13_GB_DET,2015,13,2015-12-03,DET,GB,23,27,Home,1464.4878037611288,1619.7099386450975,1452.954327073737,1631.2434153324893
2015_13_ARI_STL,2015,13,2015-12-06,LA,ARI,3,27,Home,1419.2826879085103,1659.3971015618936,1403.3395143119803,1675.3402751584235
2015_13_ATL_TB,2015,13,2015-12-06,TB,ATL,23,19,Home,1406.3790867534876,1466.4573534675098,1422.2100736531825,1450.626366567815
2015_13_BAL_MIA,2015,13,2015-12-06,MIA,BAL,15,13,Home,1413.2206515960893,1500.6285626499077,1424.796441138486,1489.052773107511
2015_13_CAR_NO,2015,13,2015-12-06,NO,CAR,38,41,Home,1415.9302906545977,1679.1086494434883,1409.7707091678112,1685.2682309302747
2015_13_CIN_CLE,2015,13,2015-12-06,CLE,CIN,3,37,Home,1337.6598747679839,1641.3242981024534,1324.7022166534864,1654.281956216951
2015_13_DEN_SD,2015,13,2015-12-06,LAC,DEN,3,17,Home,1413.8870066466293,1659.0121985096775,1400.7831518679636,1672.1160532883432
2015_13_HOU_BUF,2015,13,2015-12-06,BUF,HOU,30,21,Home,1510.4246257959348,1506.3649115293254,1528.3696620502976,1488.4198752749626
2015_13_IND_PIT,2015,13,2015-12-06,PIT,IND,45,10,Home,1559.9730863358238,1543.2286819643348,1586.541993874219,1516.6597744259395
2015_13_JAX_TEN,2015,13,2015-12-06,TEN,JAX,42,39,Home,1297.4940166207557,1336.8039648465885,1310.1855687002733,1324.112412767071
2015_13_KC_OAK,2015,13,2015-12-06,LV,KC,20,34,Home,1417.802246316728,1609.9661530293422,1401.1744230148827,1626.5939763311876
2015_13_NYJ_NYG,2015,13,2015-12-06,NYG,NYJ,20,23,Home,1495.3129785758802,1466.8382704452358,1478.5212376237498,1483.6300113973662
2015_13_PHI_NE,2015,13,2015-12-06,NE,PHI,28,35,Home,1728.7146471754907,1462.9756946989078,1697.2490211026468,1494.4413207717516
2015_13_SEA_MIN,2015,13,2015-12-06,MIN,SEA,7,38,Home,1574.0333268996717,1629.4187737860511,1538.572117094556,1664.8799835911668
2015_13_SF_CHI,2015,13,2015-12-06,CHI,SF,20,26,Home,1452.7714766133777,1419.6995569328756,1429.0197713590335,1443.4512621872198
2015_13_DAL_WAS,2015,13,2015-12-07,WAS,DAL,16,19,Home,1424.4608863924057,1467.2311975728135,1409.8597059212516,1481.8323780439675
2015_14_MIN_ARI,2015,14,2015-12-10,ARI,MIN,23,20,Home,1675.3402751584235,1538.572117094556,1681.3948481841983,1532.5175440687813
2015_14_ATL_CAR,2015,14,2015-12-13,CAR,ATL,38,0,Home,1685.2682309302747,1450.626366567815,1695.021643173145,1440.8729543249447
2015_14_BUF_PHI,2015,14,2015-12-13,PHI,BUF,23,20,Home,1494.4413207717516,1528.3696620502976,1506.8919303737525,1515.9190524482967
2015_14_DAL_GB,2015,14,2015-12-13,GB,DAL,28,7,Home,1631.2434153324893,1481.8323780439675,1643.94256672041,1469.1332266560469
2015_14_DET_STL,2015,14,2015-12-13,LA,DET,21,14,Home,1403.3395143119803,1452.954327073737,1423.075689819779,1433.2181515659383
2015_14_IND_JAX,2015,14,2015-12-13,JAX,IND,51,16,Home,1324.112412767071,1516.6597744259395,1369.888397389999,1470.8837898030115
2015_14_NE_HOU,2015,14,2015-12-13,HOU,NE,6,27,Home,1488.4198752749626,1697.2490211026468,1470.7750006901922,1714.8938956874172
2015_14_NO_TB,2015,14,2015-12-13,TB,NO,17,24,Home,1422.2100736531825,1409.7707091678112,1397.7181879540703,1434.2625948669233
2015_14_OAK_DEN,2015,14,2015-12-13,DEN,LV,12,15,Home,1672.1160532883432,1401.1744230148827,1651.10160636897,1422.188869934256
2015_14_PIT_CIN,2015,14,2015-12-13,CIN,PIT,20,33,Home,1654.281956216951,1586.541993874219,1620.3212940935148,1620.5026559976552
2015_14_SD_KC,2015,14,2015-12-13,KC,LAC,10,3,Home,1626.5939763311876,1400.7831518679636,1632.3936350995625,1394.9834930995887
2015_14_SEA_BAL,2015,14,2015-12-13,BAL,SEA,6,35,Home,1489.052773107511,1664.8799835911668,1466.6643943953118,1687.268362303366
2015_14_SF_CLE,2015,14,2015-12-13,CLE,SF,24,10,Home,1324.7022166534864,1443.4512621872198,1355.1940688994634,1412.9594099412427
2015_14_TEN_NYJ,2015,14,2015-12-13,NYJ,TEN,30,8,Home,1483.6300113973662,1310.1855687002733,1495.0700734955342,1298.7455066021053
2015_14_WAS_CHI,2015,14,2015-12-13,CHI,WAS,21,24,Home,1429.0197713590335,1409.8597059212516,1412.4950953844868,1426.384381895798
2015_14_NYG_MIA,2015,14,2015-12-14,MIA,NYG,24,31,Home,1424.796441138486,1478.5212376237498,1403.4368983908555,1499.8807803713803
2015_15_TB_STL,2015,15,2015-12-17,LA,TB,31,23,Home,1423.075689819779,1397.7181879540703,1438.812712692459,1381.9811650813904
2015_15_NYJ_DAL,2015,15,2015-12-19,DAL,NYJ,16,19,Home,1469.1332266560469,1495.0700734955342,1453.9871024959646,1510.2161976556165
2015_15_ARI_PHI,2015,15,2015-12-20,PHI,ARI,17,40,Home,1506.8919303737525,1681.3948481841983,1485.8558726483955,1702.4309059095553
2015_15_ATL_JAX,2015,15,2015-12-20,JAX,ATL,17,23,Home,1369.888397389999,1440.8729543249447,1350.816325463409,1459.9450262515347
2015_15_BUF_WAS,2015,15,2015-12-20,WAS,BUF,35,25,Home,1426.384381895798,1515.9190524482967,1451.7707226835698,1490.532711660525
2015_15_CAR_NYG,2015,15,2015-12-20,NYG,CAR,35,38,Home,1499.8807803713803,1695.021643173145,1491.477680316248,1703.4247432282773
2015_15_CHI_MIN,2015,15,2015-12-20,MIN,CHI,38,17,Home,1532.5175440687813,1412.4950953844868,1547.1353766452708,1397.8772628079973
2015_15_CIN_SF,2015,15,2015-12-20,SF,CIN,14,24,Home,1412.9594099412427,1620.3212940935148,1399.1820743174728,1634.0986297172847
2015_15_CLE_SEA,2015,15,2015-12-20,SEA,CLE,30,13,Home,1687.268362303366,1355.1940688994634,1691.7887277062096,1350.67370349662
2015_15_DEN_PIT,2015,15,2015-12-20,PIT,DEN,34,27,Home,1620.5026559976552,1651.10160636897,1638.9562753242894,1632.6479870423357
2015_15_GB_OAK,2015,15,2015-12-20,LV,GB,20,30,Home,1422.188869934256,1643.94256672041,1409.2702071871,1656.861229467566
2015_15_HOU_IND,2015,15,2015-12-20,IND,HOU,10,16,Home,1470.8837898030115,1470.7750006901922,1448.4831298501767,1493.175660643027
2015_15_KC_BAL,2015,15,2015-12-20,BAL,KC,14,34,Home,1466.6643943953118,1632.3936350995625,1445.7636074490756,1653.2944220457987
2015_15_MIA_SD,2015,15,2015-12-20,LAC,MIA,30,14,Home,1394.9834930995887,1403.4368983908555,1418.1493105550155,1380.2710809354287
2015_15_TEN_NE,2015,15,2015-12-20,NE,TEN,33,16,Home,1714.8938956874172,1298.7455066021053,1717.6916659423941,1295.9477363471283
2015_15_DET_NO,2015,15,2015-12-21,NO,DET,27,35,Home,1434.2625948669233,1433.2181515659383,1408.923883580269,1458.5568628525928
2015_16_SD_OAK,2015,16,2015-12-24,LV,LAC,23,20,Home,1409.2702071871,1418.1493105550155,1420.6235407834179,1406.7959769586976
2015_16_WAS_PHI,2015,16,2015-12-26,PHI,WAS,24,38,Home,1485.8558726483955,1451.7707226835698,1452.7462823889934,1484.8803129429718
2015_16_CAR_ATL,2015,16,2015-12-27,ATL,CAR,20,13,Home,1459.9450262515347,1703.4247432282773,1488.2734147510678,1675.0963547287442
2015_16_CHI_TB,2015,16,2015-12-27,TB,CHI,21,26,Home,1381.9811650813904,1397.8772628079973,1361.9940722726428,1417.864355616745
2015_16_CLE_KC,2015,16,2015-12-27,KC,CLE,17,13,Home,1653.2944220457987,1350.67370349662,1656.260185794642,1347.7079397477767
2015_16_DAL_BUF,2015,16,2015-12-27,BUF,DAL,16,6,Home,1490.532711660525,1453.9871024959646,1506.938994687169,1437.5808194693204
2015_16_GB_ARI,2015,16,2015-12-27,ARI,GB,38,8,Home,1702.4309059095553,1656.861229467566,1725.0595762031337,1634.2325591739877
2015_16_HOU_TEN,2015,16,2015-12-27,TEN,HOU,6,34,Home,1295.9477363471283,1493.175660643027,1275.7209466072193,1513.402450382936
2015_16_IND_MIA,2015,16,2015-12-27,MIA,IND,12,18,Home,1380.2710809354287,1448.4831298501767,1361.0199811346433,1467.734229650962
2015_16_JAX_NO,2015,16,2015-12-27,NO,JAX,38,27,Home,1408.923883580269,1350.816325463409,1424.4501839641193,1335.2900250795585
2015_16_NE_NYJ,2015,16,2015-12-27,NYJ,NE,26,20,Home,1510.2161976556165,1717.6916659423941,1535.5924974482916,1692.315366149719
2015_16_NYG_MIN,2015,16,2015-12-27,MIN,NYG,49,17,Home,1547.1353766452708,1491.477680316248,1569.2126388042393,1469.4004181572795
2015_16_PIT_BAL,2015,16,2015-12-27,BAL,PIT,20,17,Home,1445.7636074490756,1638.9562753242894,1463.4885784255596,1621.2313043478055
2015_16_SF_DET,2015,16,2015-12-27,DET,SF,32,17,Home,1458.5568628525928,1399.1820743174728,1475.7866939851936,1381.952243184872
2015_16_STL_SEA,2015,16,2015-12-27,SEA,LA,17,23,Home,1691.7887277062096,1438.812712692459,1662.4841067647185,1468.1173336339502
2015_16_CIN_DEN,2015,16,2015-12-28,DEN,CIN,20,17,Home,1632.6479870423357,1634.0986297172847,1643.6843696940484,1623.062247065572
2015_17_BAL_CIN,2015,17,2016-01-03,CIN,BAL,24,16,Home,1623.062247065572,1463.4885784255596,1631.6506551461107,1454.9001703450208
2015_17_DET_CHI,2015,17,2016-01-03,CHI,DET,20,24,Home,1417.864355616745,1475.7866939851936,1401.4948235940267,1492.1562260079118
2015_17_JAX_HOU,2015,17,2016-01-03,HOU,JAX,30,6,Home,1513.402450382936,1335.2900250795585,1524.875016571956,1323.8174588905385
2015_17_MIN_GB,2015,17,2016-01-03,GB,MIN,13,20,Home,1634.2325591739877,1569.2126388042393,1607.5757347450474,1595.8694632331797
2015_17_NE_MIA,2015,17,2016-01-03,MIA,NE,20,10,Home,1361.0199811346433,1692.315366149719,1396.2034260138594,1657.131921270503
2015_17_NO_ATL,2015,17,2016-01-03,ATL,NO,17,20,Home,1488.2734147510678,1424.4501839641193,1470.5324514652134,1442.1911472499737
2015_17_NYJ_BUF,2015,17,2016-01-03,BUF,NYJ,22,17,Home,1506.938994687169,1535.5924974482916,1522.7281186425682,1519.8033734928924
2015_17_OAK_KC,2015,17,2016-01-03,KC,LV,23,17,Home,1656.260185794642,1420.6235407834179,1661.413555863833,1415.470170714227
2015_17_PHI_NYG,2015,17,2016-01-03,NYG,PHI,30,35,Home,1469.4004181572795,1452.7462823889934,1448.1369004440878,1474.0098001021852
2015_17_PIT_CLE,2015,17,2016-01-03,CLE,PIT,12,28,Home,1347.7079397477767,1621.2313043478055,1335.7304326031017,1633.2088114924804
2015_17_SD_DEN,2015,17,2016-01-03,DEN,LAC,27,20,Home,1643.6843696940484,1406.7959769586976,1649.1550094394072,1401.3253372133388
2015_17_SEA_ARI,2015,17,2016-01-03,ARI,SEA,6,36,Home,1725.0595762031337,1662.4841067647185,1681.1919429936897,1706.3517399741625
2015_17_STL_SF,2015,17,2016-01-03,SF,LA,19,16,Home,1381.952243184872,1468.1173336339502,1396.518512141023,1453.5510646777993
2015_17_TB_CAR,2015,17,2016-01-03,CAR,TB,38,10,Home,1675.0963547287442,1361.9940722726428,1680.951174273917,1356.13925272747
2015_17_TEN_IND,2015,17,2016-01-03,IND,TEN,30,24,Home,1467.734229650962,1275.7209466072193,1474.1985555816984,1269.256620676483
2015_17_WAS_DAL,2015,17,2016-01-03,DAL,WAS,23,34,Home,1437.5808194693204,1484.8803129429718,1411.6753103251078,1510.7858220871844
2015_18_KC_HOU,2015,18,2016-01-09,HOU,KC,0,30,Home,1524.875016571956,1661.413555863833,1498.3695117047168,1687.919060731072
2015_18_PIT_CIN,2015,18,2016-01-09,CIN,PIT,16,18,Home,1631.6506551461107,1633.2088114924804,1619.044005992555,1645.8154606460362
2015_18_GB_WAS,2015,18,2016-01-10,WAS,GB,18,35,Home,1510.7858220871844,1607.5757347450474,1484.8935444339431,1633.4680123982887
2015_18_SEA_MIN,2015,18,2016-01-10,MIN,SEA,9,10,Home,1595.8694632331797,1706.3517399741625,1589.9623542456604,1712.2588489616817
2015_19_GB_ARI,2015,19,2016-01-16,ARI,GB,26,20,Home,1681.1919429936897,1633.4680123982887,1693.899114313232,1620.7608410787464
2015_19_KC_NE,2015,19,2016-01-16,NE,KC,27,20,Home,1657.131921270503,1687.919060731072,1675.5980783708353,1669.4529036307397
2015_19_PIT_DEN,2015,19,2016-01-17,DEN,PIT,23,16,Home,1649.1550094394072,1645.8154606460362,1665.4063484951112,1629.5641215903322
2015_19_SEA_CAR,2015,19,2016-01-17,CAR,SEA,31,24,Home,1680.951174273917,1712.2588489616817,1699.4520282054566,1693.7579950301422
2015_20_ARI_CAR,2015,20,2016-01-24,CAR,ARI,49,15,Home,1699.4520282054566,1693.899114313232,1726.999929954823,1666.3512125638656
2015_20_NE_DEN,2015,20,2016-01-24,DEN,NE,20,18,Home,1665.4063484951112,1675.5980783708353,1674.4483725582675,1666.556054307679
2015_21_CAR_DEN,2015,21,2016-02-07,DEN,CAR,24,10,Neutral,1674.4483725582675,1726.999929954823,1704.8673758737814,1696.5809266393092
2016_01_CAR_DEN,2016,1,2016-09-08,DEN,CAR,21,20,Home,1622.920425524269,1617.9485559835855,1628.303299743344,1612.5656817645104
2016_01_BUF_BAL,2016,1,2016-09-11,BAL,BUF,13,7,Home,1472.9401022070124,1513.636871185541,1490.8424828161899,1495.7344905763634
2016_01_CHI_HOU,2016,1,2016-09-11,HOU,CHI,23,14,Home,1499.02170702283,1440.896894156416,1513.407753600783,1426.510847578463
2016_01_CIN_NYJ,2016,1,2016-09-11,NYJ,CIN,22,23,Home,1511.8820240957355,1571.426403595533,1504.8591350884903,1578.449292602778
2016_01_CLE_PHI,2016,1,2016-09-11,PHI,CLE,29,10,Home,1484.405880061311,1401.4382595618608,1501.1948606968767,1384.6492789262952
2016_01_DET_IND,2016,1,2016-09-11,IND,DET,35,39,Home,1484.519133349019,1495.2937356047469,1466.3801394721572,1513.4327294816087
2016_01_GB_JAX,2016,1,2016-09-11,JAX,GB,23,27,Home,1394.2904753343232,1572.4565046472478,1383.800097789748,1582.946882191823
2016_01_MIA_SEA,2016,1,2016-09-11,SEA,MIA,12,10,Home,1616.2547970180854,1437.7220556083157,1620.1621536445348,1433.8146989818663
2016_01_MIN_TEN,2016,1,2016-09-11,TEN,MIN,16,25,Home,1361.55397240589,1553.9774125473962,1347.4315981040663,1568.0997868492198
2016_01_NE_ARI,2016,1,2016-09-11,ARI,NE,21,23,Home,1599.8107275383193,1599.9336325846075,1587.1694535417723,1612.5749065811544
2016_01_NYG_DAL,2016,1,2016-09-11,DAL,NYG,19,20,Home,1447.0051861950647,1468.8821402664526,1439.3674933901877,1476.5198330713295
2016_01_OAK_NO,2016,1,2016-09-11,NO,LV,34,35,Home,1465.3146883499842,1449.2821024285363,1457.0979227139228,1457.4988680645977
2016_01_SD_KC,2016,1,2016-09-11,KC,LAC,33,27,Home,1601.6717421784438,1440.7952023280031,1609.2291004879974,1433.2378440184496
2016_01_TB_ATL,2016,1,2016-09-11,ATL,TB,24,31,Home,1482.319470879128,1413.683551636482,1455.526692487366,1440.4763300282439
2016_01_LA_SF,2016,1,2016-09-12,SF,LA,28,0,Home,1437.9111072846138,1472.1306388066796,1468.185080298268,1441.8566657930253
2016_01_PIT_WAS,2016,1,2016-09-12,WAS,PIT,16,38,Home,1490.936126660366,1577.7384729541993,1461.8345981117482,1606.8400015028171
2016_02_NYJ_BUF,2016,2,2016-09-15,BUF,NYJ,31,37,Home,1495.7344905763634,1504.8591350884903,1473.7314675148182,1526.8621581500356
2016_02_ATL_OAK,2016,2,2016-09-18,LV,ATL,28,35,Home,1457.4988680645977,1455.526692487366,1433.4763033692543,1479.5492571827094
2016_02_BAL_CLE,2016,2,2016-09-18,CLE,BAL,20,25,Home,1384.6492789262952,1490.8424828161899,1369.136621421038,1506.3551403214472
2016_02_CIN_PIT,2016,2,2016-09-18,PIT,CIN,24,16,Home,1606.8400015028171,1578.449292602778,1622.3844896951848,1562.9048044104104
2016_02_DAL_WAS,2016,2,2016-09-18,WAS,DAL,23,27,Home,1461.8345981117482,1439.3674933901877,1442.5390792429548,1458.6630122589809
2016_02_GB_MIN,2016,2,2016-09-18,MIN,GB,17,14,Home,1568.0997868492198,1582.946882191823,1579.7106850889736,1571.3359839520692
2016_02_IND_DEN,2016,2,2016-09-18,DEN,IND,34,20,Home,1628.303299743344,1466.3801394721572,1638.7663665274351,1455.9170726880661
2016_02_JAX_SD,2016,2,2016-09-18,LAC,JAX,38,14,Home,1433.2378440184496,1383.800097789748,1454.1062818658106,1362.931659942387
2016_02_KC_HOU,2016,2,2016-09-18,HOU,KC,19,12,Home,1513.407753600783,1609.2291004879974,1535.7293193792223,1586.9075347095581
2016_02_MIA_NE,2016,2,2016-09-18,NE,MIA,31,24,Home,1612.5749065811544,1433.8146989818663,1619.9622533358338,1426.427352227187
2016_02_NO_NYG,2016,2,2016-09-18,NYG,NO,16,13,Home,1476.5198330713295,1457.0979227139228,1486.6888229430997,1446.9289328421526
2016_02_SEA_LA,2016,2,2016-09-18,LA,SEA,9,3,Home,1441.8566657930253,1620.1621536445348,1466.1925988945895,1595.8262205429705
2016_02_SF_CAR,2016,2,2016-09-18,CAR,SF,46,27,Home,1612.5656817645104,1468.185080298268,1625.1777850084131,1455.5729770543653
2016_02_TB_ARI,2016,2,2016-09-18,ARI,TB,40,7,Home,1587.1694535417723,1440.4763300282439,1601.8499003649185,1425.7958832050977
2016_02_TEN_DET,2016,2,2016-09-18,DET,TEN,15,16,Home,1513.4327294816087,1347.4315981040663,1503.5116441047867,1357.3526834808883
2016_02_PHI_CHI,2016,2,2016-09-19,CHI,PHI,14,29,Home,1426.510847578463,1501.1948606968767,1399.6756829158849,1528.0300253594548
2016_03_HOU_NE,2016,3,2016-09-22,NE,HOU,27,0,Home,1619.9622533358338,1535.7293193792223,1638.5317153391125,1517.1598573759436
2016_03_ARI_BUF,2016,3,2016-09-25,BUF,ARI,33,18,Home,1473.7314675148182,1601.8499003649185,1505.5273796451302,1570.0539882346065
2016_03_BAL_JAX,2016,3,2016-09-25,JAX,BAL,17,19,Home,1362.931659942387,1506.3551403214472,1354.6782695282968,1514.6085307355372
2016_03_CHI_DAL,2016,3,2016-09-25,DAL,CHI,31,17,Home,1458.6630122589809,1399.6756829158849,1475.5198108740801,1382.8188843007856
2016_03_CLE_MIA,2016,3,2016-09-25,MIA,CLE,30,24,Home,1426.427352227187,1369.136621421038,1438.6285019971745,1356.9354716510504
2016_03_DEN_CIN,2016,3,2016-09-25,CIN,DEN,17,29,Home,1562.9048044104104,1638.7663665274351,1538.1789796786243,1663.4921912592213
2016_03_DET_GB,2016,3,2016-09-25,GB,DET,34,27,Home,1571.3359839520692,1503.5116441047867,1583.7944478765912,1491.0531801802647
2016_03_LA_TB,2016,3,2016-09-25,TB,LA,32,37,Home,1425.7958832050977,1466.1925988945895,1406.8237607297767,1485.1647213699105
2016_03_MIN_CAR,2016,3,2016-09-25,CAR,MIN,10,22,Home,1625.1777850084131,1579.7106850889736,1593.2408030821246,1611.6476670152622
2016_03_NYJ_KC,2016,3,2016-09-25,KC,NYJ,24,3,Home,1586.9075347095581,1526.8621581500356,1606.0610474832574,1507.7086453763363
2016_03_OAK_TEN,2016,3,2016-09-25,TEN,LV,10,17,Home,1357.3526834808883,1433.4763033692543,1337.3250654544042,1453.5039213957384
2016_03_PIT_PHI,2016,3,2016-09-25,PHI,PIT,34,3,Home,1528.0300253594548,1622.3844896951848,1565.1137938664576,1585.300721188182
2016_03_SD_IND,2016,3,2016-09-25,IND,LAC,26,22,Home,1455.9170726880661,1454.1062818658106,1468.5698964799942,1441.4534580738825
2016_03_SF_SEA,2016,3,2016-09-25,SEA,SF,37,18,Home,1595.8262205429705,1455.5729770543653,1608.6924094262522,1442.7067881710836
2016_03_WAS_NYG,2016,3,2016-09-25,NYG,WAS,27,29,Home,1486.6888229430997,1442.5390792429548,1473.037827950581,1456.1900742354735
2016_03_ATL_NO,2016,3,2016-09-26,NO,ATL,32,45,Home,1446.9289328421526,1479.5492571827094,1418.5043090780696,1507.9738809467924
2016_04_MIA_CIN,2016,4,2016-09-29,CIN,MIA,22,7,Home,1538.1789796786243,1438.6285019971745,1552.5962151124404,1424.2112665633583
2016_04_BUF_NE,2016,4,2016-10-02,NE,BUF,0,16,Home,1638.5317153391125,1505.5273796451302,1599.1452470211393,1544.9138479631033
2016_04_CAR_ATL,2016,4,2016-10-02,ATL,CAR,48,33,Home,1507.9738809467924,1593.2408030821246,1537.0474348953248,1564.1672491335921
2016_04_CLE_WAS,2016,4,2016-10-02,WAS,CLE,31,20,Home,1456.1900742354735,1356.9354716510504,1469.128868984648,1343.9966769018758
2016_04_DAL_SF,2016,4,2016-10-02,SF,DAL,17,24,Home,1442.7067881710836,1475.5198108740801,1420.3189813779131,1497.9076176672506
2016_04_DEN_TB,2016,4,2016-10-02,TB,DEN,7,27,Home,1406.8237607297767,1663.4921912592213,1392.87059923671,1677.445352752288
2016_04_DET_CHI,2016,4,2016-10-02,CHI,DET,17,14,Home,1382.8188843007856,1491.0531801802647,1398.0977992021833,1475.774265278867
2016_04_IND_JAX,2016,4,2016-10-02,JAX,IND,30,27,Neutral,1354.6782695282968,1468.5698964799942,1372.0311651060108,1451.2170009022802
2016_04_KC_PIT,2016,4,2016-10-02,PIT,KC,43,14,Home,1585.300721188182,1606.0610474832574,1614.4195871804493,1576.9421814909902
2016_04_LA_ARI,2016,4,2016-10-02,ARI,LA,13,17,Home,1570.0539882346065,1485.1647213699105,1548.8610837947183,1506.3576258097987
2016_04_NO_SD,2016,4,2016-10-02,LAC,NO,34,35,Home,1441.4534580738825,1418.5043090780696,1433.1363991313128,1426.8213680206393
2016_04_OAK_BAL,2016,4,2016-10-02,BAL,LV,27,28,Home,1514.6085307355372,1453.5039213957384,1505.7726498648788,1462.3398022663969
2016_04_SEA_NYJ,2016,4,2016-10-02,NYJ,SEA,17,27,Home,1507.7086453763363,1608.6924094262522,1486.5504107435254,1629.8506440590631
2016_04_TEN_HOU,2016,4,2016-10-02,HOU,TEN,27,20,Home,1517.1598573759436,1337.3250654544042,1524.507361611224,1329.9775612191238
2016_04_NYG_MIN,2016,4,2016-10-03,MIN,NYG,24,10,Home,1611.6476670152622,1473.037827950581,1623.3707247122313,1461.3147702536119
2016_05_ARI_SF,2016,5,2016-10-06,SF,ARI,21,33,Home,1420.3189813779131,1548.8610837947183,1399.8986780489054,1569.281387123726
2016_05_ATL_DEN,2016,5,2016-10-09,DEN,ATL,16,23,Home,1677.445352752288,1537.0474348953248,1648.3324495915772,1566.1603380560357
2016_05_BUF_LA,2016,5,2016-10-09,LA,BUF,19,30,Home,1506.3576258097987,1544.9138479631033,1479.9384635550991,1571.333010217803
2016_05_CHI_IND,2016,5,2016-10-09,IND,CHI,29,23,Home,1451.2170009022802,1398.0977992021833,1463.6372798555105,1385.677520248953
2016_05_CIN_DAL,2016,5,2016-10-09,DAL,CIN,28,14,Home,1497.9076176672506,1552.5962151124404,1524.0620582284928,1526.4417745511983
2016_05_HOU_MIN,2016,5,2016-10-09,MIN,HOU,31,13,Home,1623.3707247122313,1524.507361611224,1638.729705459199,1509.1483808642563
2016_05_NE_CLE,2016,5,2016-10-09,CLE,NE,13,33,Home,1343.9966769018758,1599.1452470211393,1329.9427180497712,1613.199205873244
2016_05_NYG_GB,2016,5,2016-10-09,GB,NYG,23,16,Home,1583.7944478765912,1461.3147702536119,1593.5152231187146,1451.5939950114885
2016_05_NYJ_PIT,2016,5,2016-10-09,PIT,NYJ,31,13,Home,1614.4195871804493,1486.5504107435254,1627.8374091484436,1473.132588775531
2016_05_PHI_DET,2016,5,2016-10-09,DET,PHI,24,23,Home,1475.774265278867,1565.1137938664576,1483.1093756911953,1557.7786834541294
2016_05_SD_OAK,2016,5,2016-10-09,LV,LAC,34,31,Home,1462.3398022663969,1433.1363991313128,1472.114873208283,1423.3613281894268
2016_05_TEN_MIA,2016,5,2016-10-09,MIA,TEN,17,30,Home,1424.2112665633583,1329.9775612191238,1389.0516838468322,1365.1371439356499
2016_05_WAS_BAL,2016,5,2016-10-09,BAL,WAS,10,16,Home,1505.7726498648788,1469.128868984648,1481.8815529615115,1493.0199658880153
2016_05_TB_CAR,2016,5,2016-10-10,CAR,TB,14,17,Home,1564.1672491335921,1392.87059923671,1544.2430644859003,1412.7947838844018
2016_06_DEN_SD,2016,6,2016-10-13,LAC,DEN,21,13,Home,1423.3613281894268,1648.3324495915772,1452.660774548595,1619.0330032324089
2016_06_ATL_SEA,2016,6,2016-10-16,SEA,ATL,26,24,Home,1629.8506440590631,1566.1603380560357,1636.5519271571134,1559.4590549579855
2016_06_BAL_NYG,2016,6,2016-10-16,NYG,BAL,27,23,Home,1451.5939950114885,1481.8815529615115,1465.8606027607702,1467.6149452122297
2016_06_CAR_NO,2016,6,2016-10-16,NO,CAR,41,38,Home,1426.8213680206393,1544.2430644859003,1442.389294624727,1528.6751378818126
2016_06_CIN_NE,2016,6,2016-10-16,NE,CIN,35,17,Home,1613.199205873244,1526.4417745511983,1629.4233130690275,1510.2176673554147
2016_06_CLE_TEN,2016,6,2016-10-16,TEN,CLE,28,26,Home,1365.1371439356499,1329.9427180497712,1372.6958156975004,1322.3840462879207
2016_06_DAL_GB,2016,6,2016-10-16,GB,DAL,16,30,Home,1593.5152231187146,1524.0620582284928,1558.5833745435739,1558.9939068036335
2016_06_IND_HOU,2016,6,2016-10-16,HOU,IND,26,23,Home,1509.1483808642563,1463.6372798555105,1518.2857798344812,1454.4998808852856
2016_06_JAX_CHI,2016,6,2016-10-16,CHI,JAX,16,17,Home,1385.677520248953,1372.0311651060108,1377.4957686698435,1380.2129166851203
2016_06_KC_OAK,2016,6,2016-10-16,LV,KC,10,26,Home,1472.114873208283,1576.9421814909902,1447.462650440919,1601.594404258354
2016_06_LA_DET,2016,6,2016-10-16,DET,LA,31,28,Home,1483.1093756911953,1479.9384635550991,1493.9506881960294,1469.097151050265
2016_06_PHI_WAS,2016,6,2016-10-16,WAS,PHI,27,20,Home,1493.0199658880153,1557.7786834541294,1513.7976615091882,1537.0009878329565
2016_06_PIT_MIA,2016,6,2016-10-16,MIA,PIT,30,15,Home,1389.0516838468322,1627.8374091484436,1426.626292051761,1590.2628009435148
2016_06_SF_BUF,2016,6,2016-10-16,BUF,SF,45,16,Home,1571.333010217803,1399.8986780489054,1583.8677935019462,1387.363894764762
2016_06_NYJ_ARI,2016,6,2016-10-17,ARI,NYJ,28,3,Home,1569.281387123726,1473.132588775531,1586.488050785197,1455.9259251140602
2016_07_CHI_GB,2016,7,2016-10-20,GB,CHI,26,10,Home,1558.5833745435739,1377.4957686698435,1568.5312656101012,1367.5478776033162
2016_07_BAL_NYJ,2016,7,2016-10-23,NYJ,BAL,24,16,Home,1455.9259251140602,1467.6149452122297,1474.112237248108,1449.428633078182
2016_07_BUF_MIA,2016,7,2016-10-23,MIA,BUF,28,25,Home,1426.626292051761,1583.8677935019462,1443.3830600973274,1567.1110254563798
2016_07_CLE_CIN,2016,7,2016-10-23,CIN,CLE,31,17,Home,1510.2176673554147,1322.3840462879207,1519.4070912252585,1313.194622418077
2016_07_IND_TEN,2016,7,2016-10-23,TEN,IND,26,34,Home,1372.6958156975004,1454.4998808852856,1351.9439584823895,1475.2517381003966
2016_07_MIN_PHI,2016,7,2016-10-23,PHI,MIN,21,10,Home,1537.0009878329565,1638.729705459199,1564.0161850536535,1611.714508238502
2016_07_NE_PIT,2016,7,2016-10-23,PIT,NE,16,27,Home,1590.2628009435148,1629.4233130690275,1563.8789431592434,1655.8071708532989
2016_07_NO_KC,2016,7,2016-10-23,KC,NO,27,21,Home,1601.594404258354,1442.389294624727,1609.214313584165,1434.769385298916
2016_07_NYG_LA,2016,7,2016-10-23,LA,NYG,10,17,Neutral,1469.097151050265,1465.8606027607702,1448.1398616266297,1486.8178921844055
2016_07_OAK_JAX,2016,7,2016-10-23,JAX,LV,16,33,Home,1380.2129166851203,1447.462650440919,1351.5256911470485,1476.1498759789908
2016_07_SD_ATL,2016,7,2016-10-23,ATL,LAC,30,33,Home,1559.4590549579855,1452.660774548595,1540.71399868114,1471.4058308254405
2016_07_SEA_ARI,2016,7,2016-10-23,ARI,SEA,6,6,Home,1586.488050785197,1636.5519271571134,1586.0584192258489,1636.9815587164614
2016_07_TB_SF,2016,7,2016-10-23,SF,TB,17,34,Home,1387.363894764762,1412.7947838844018,1355.7511053764679,1444.407573272696
2016_07_WAS_DET,2016,7,2016-10-23,DET,WAS,20,17,Home,1493.9506881960294,1513.7976615091882,1505.7792952818372,1501.9690544233804
2016_07_HOU_DEN,2016,7,2016-10-24,DEN,HOU,27,9,Home,1619.0330032324089,1518.2857798344812,1634.2602527387328,1503.0585303281573
2016_08_JAX_TEN,2016,8,2016-10-27,TEN,JAX,36,22,Home,1351.9439584823895,1351.5256911470485,1373.3484425273355,1330.1212071021025
2016_08_ARI_CAR,2016,8,2016-10-30,CAR,ARI,30,20,Home,1528.6751378818126,1586.0584192258489,1552.047573179864,1562.6859839277975
2016_08_DET_HOU,2016,8,2016-10-30,HOU,DET,20,13,Home,1503.0585303281573,1505.7792952818372,1519.693952030149,1489.1438735798456
2016_08_GB_ATL,2016,8,2016-10-30,ATL,GB,33,32,Home,1540.71399868114,1568.5312656101012,1546.8035588795553,1562.441705411686
2016_08_KC_IND,2016,8,2016-10-30,IND,KC,14,30,Home,1475.2517381003966,1609.214313584165,1453.1629569598167,1631.3030947247448
2016_08_NE_BUF,2016,8,2016-10-30,BUF,NE,25,41,Home,1567.1110254563798,1655.8071708532989,1540.989590904765,1681.9286054049137
2016_08_NYJ_CLE,2016,8,2016-10-30,CLE,NYJ,28,31,Home,1313.194622418077,1474.112237248108,1303.4877190831903,1483.8191405829946
2016_08_OAK_TB,2016,8,2016-10-30,TB,LV,24,30,Home,1444.407573272696,1476.1498759789908,1423.408889859307,1497.1485593923799
2016_08_PHI_DAL,2016,8,2016-10-30,DAL,PHI,29,23,Home,1558.9939068036335,1564.0161850536535,1574.6986134982672,1548.31147835902
2016_08_SD_DEN,2016,8,2016-10-30,DEN,LAC,27,19,Home,1634.2602527387328,1471.4058308254405,1642.7106489906996,1462.9554345734737
2016_08_SEA_NO,2016,8,2016-10-30,NO,SEA,25,20,Home,1434.769385298916,1636.9815587164614,1457.969855086534,1613.7810889288435
2016_08_WAS_CIN,2016,8,2016-10-30,CIN,WAS,27,27,Neutral,1519.4070912252585,1501.9690544233804,1518.905605208615,1502.4705404400238
2016_08_MIN_CHI,2016,8,2016-10-31,CHI,MIN,20,10,Home,1367.5478776033162,1611.714508238502,1400.2391595738586,1579.0232262679597
2016_09_ATL_TB,2016,9,2016-11-03,TB,ATL,28,43,Home,1423.408889859307,1546.8035588795553,1400.8971270944774,1569.315321644385
2016_09_CAR_LA,2016,9,2016-11-06,LA,CAR,10,13,Home,1448.1398616266297,1552.047573179864,1436.0369518982202,1564.1504829082735
2016_09_DAL_CLE,2016,9,2016-11-06,CLE,DAL,10,35,Home,1303.4877190831903,1574.6986134982672,1289.5592056658345,1588.627126915623
2016_09_DEN_OAK,2016,9,2016-11-06,LV,DEN,30,20,Home,1497.1485593923799,1642.7106489906996,1525.5500722976144,1614.309136085465
2016_09_DET_MIN,2016,9,2016-11-06,MIN,DET,16,22,Home,1579.0232262679597,1489.1438735798456,1553.2373128342904,1514.929787013515
2016_09_IND_GB,2016,9,2016-11-06,GB,IND,26,31,Home,1562.441705411686,1453.1629569598167,1538.1459966545194,1477.4586657169832
2016_09_JAX_KC,2016,9,2016-11-06,KC,JAX,19,14,Home,1631.3030947247448,1330.1212071021025,1634.6311789643787,1326.7931228624686
2016_09_NO_SF,2016,9,2016-11-06,SF,NO,23,41,Home,1355.7511053764679,1457.969855086534,1329.8864789106508,1483.834481552351
2016_09_NYJ_MIA,2016,9,2016-11-06,MIA,NYJ,27,23,Home,1443.3830600973274,1483.8191405829946,1458.1762759708852,1469.0259247094368
2016_09_PHI_NYG,2016,9,2016-11-06,NYG,PHI,28,23,Home,1486.8178921844055,1548.31147835902,1504.5264394919077,1530.6029310515178
2016_09_PIT_BAL,2016,9,2016-11-06,BAL,PIT,21,14,Home,1449.428633078182,1563.8789431592434,1472.6411244639332,1540.666451773492
2016_09_TEN_SD,2016,9,2016-11-06,LAC,TEN,43,35,Home,1462.9554345734737,1373.3484425273355,1474.9082119111117,1361.3956651896974
2016_09_BUF_SEA,2016,9,2016-11-07,SEA,BUF,31,25,Home,1613.7810889288435,1540.989590904765,1625.1889734760196,1529.581706357589
2016_10_CLE_BAL,2016,10,2016-11-10,BAL,CLE,28,7,Home,1472.6411244639332,1289.5592056658345,1483.3856120990479,1278.8147180307199
2016_10_ATL_PHI,2016,10,2016-11-13,PHI,ATL,24,15,Home,1530.6029310515178,1569.315321644385,1551.6385680377145,1548.2796846581882
2016_10_CHI_TB,2016,10,2016-11-13,TB,CHI,36,10,Home,1400.8971270944774,1400.2391595738586,1426.9234208144728,1374.2128658538631
2016_10_DAL_PIT,2016,10,2016-11-13,PIT,DAL,30,35,Home,1540.666451773492,1588.627126915623,1522.0152822516388,1607.2782964374762
2016_10_DEN_NO,2016,10,2016-11-13,NO,DEN,23,25,Home,1483.834481552351,1614.309136085465,1475.1529151890868,1622.9907024487293
2016_10_GB_TEN,2016,10,2016-11-13,TEN,GB,47,25,Home,1361.3956651896974,1538.1459966545194,1400.5146715984497,1499.0269902457671
2016_10_HOU_JAX,2016,10,2016-11-13,JAX,HOU,21,24,Home,1326.7931228624686,1519.693952030149,1318.3081242486367,1528.178950643981
2016_10_KC_CAR,2016,10,2016-11-13,CAR,KC,17,20,Home,1564.1504829082735,1634.6311789643787,1550.5401115966708,1648.2415502759814
2016_10_LA_NYJ,2016,10,2016-11-13,NYJ,LA,6,9,Home,1469.0259247094368,1436.0369518982202,1452.1071867765772,1452.9556898310798
2016_10_MIA_SD,2016,10,2016-11-13,LAC,MIA,24,31,Home,1474.9082119111117,1458.1762759708852,1450.227248496553,1482.8572393854438
2016_10_MIN_WAS,2016,10,2016-11-13,WAS,MIN,26,20,Home,1502.4705404400238,1553.2373128342904,1521.0129529730732,1534.694900301241
2016_10_SEA_NE,2016,10,2016-11-13,NE,SEA,24,31,Home,1681.9286054049137,1625.1889734760196,1655.5896732440099,1651.5279056369234
2016_10_SF_ARI,2016,10,2016-11-13,ARI,SF,23,20,Home,1562.6859839277975,1329.8864789106508,1566.4127736488053,1326.159689189643
2016_10_CIN_NYG,2016,10,2016-11-14,NYG,CIN,21,20,Home,1504.5264394919077,1518.905605208615,1510.3217454598503,1513.1102992406725
2016_11_NO_CAR,2016,11,2016-11-17,CAR,NO,23,20,Home,1550.5401115966708,1475.1529151890868,1558.5749569670545,1467.1180698187031
2016_11_ARI_MIN,2016,11,2016-11-20,MIN,ARI,30,24,Home,1534.694900301241,1566.4127736488053,1552.0333243401517,1549.0743496098946
2016_11_BAL_DAL,2016,11,2016-11-20,DAL,BAL,27,17,Home,1607.2782964374762,1483.3856120990479,1618.4132457277426,1472.2506628087815
2016_11_BUF_CIN,2016,11,2016-11-20,CIN,BUF,12,16,Home,1513.1102992406725,1529.581706357589,1495.1779784956414,1547.51402710262
2016_11_CHI_NYG,2016,11,2016-11-20,NYG,CHI,22,16,Home,1510.3217454598503,1374.2128658538631,1518.8473419675379,1365.6872693461755
2016_11_GB_WAS,2016,11,2016-11-20,WAS,GB,42,24,Home,1521.0129529730732,1499.0269902457671,1542.3904923639457,1477.6494508548947
2016_11_JAX_DET,2016,11,2016-11-20,DET,JAX,26,19,Home,1514.929787013515,1318.3081242486367,1521.6770347957463,1311.5608764664053
2016_11_MIA_LA,2016,11,2016-11-20,LA,MIA,10,14,Home,1452.9556898310798,1482.8572393854438,1435.5191216433673,1500.2938075731563
2016_11_NE_SF,2016,11,2016-11-20,SF,NE,17,30,Home,1326.159689189643,1655.5896732440099,1317.7189813105113,1664.0303811231415
2016_11_PHI_SEA,2016,11,2016-11-20,SEA,PHI,26,15,Home,1651.5279056369234,1551.6385680377145,1664.429215208762,1538.737258465876
2016_11_PIT_CLE,2016,11,2016-11-20,CLE,PIT,9,24,Home,1278.8147180307199,1522.0152822516388,1265.2776033107002,1535.5523969716585
2016_11_TB_KC,2016,11,2016-11-20,KC,TB,17,19,Home,1648.2415502759814,1426.9234208144728,1631.9366356884425,1443.2283354020117
2016_11_TEN_IND,2016,11,2016-11-20,IND,TEN,24,17,Home,1477.4586657169832,1400.5146715984497,1489.4283897693965,1388.5449475460364
2016_11_HOU_OAK,2016,11,2016-11-21,LV,HOU,27,20,Neutral,1525.5500722976144,1528.178950643981,1546.4768197682497,1507.2522031733456
2016_12_MIN_DET,2016,12,2016-11-24,DET,MIN,16,13,Home,1521.6770347957463,1552.0333243401517,1533.9686730078292,1539.7416861280687
2016_12_PIT_IND,2016,12,2016-11-24,IND,PIT,7,28,Home,1489.4283897693965,1535.5523969716585,1457.1174958338383,1567.8632909072167
2016_12_WAS_DAL,2016,12,2016-11-24,DAL,WAS,31,26,Home,1618.4132457277426,1542.3904923639457,1628.7690582302375,1532.0346798614507
2016_12_ARI_ATL,2016,12,2016-11-27,ATL,ARI,38,19,Home,1548.2796846581882,1549.0743496098946,1572.0688606741323,1525.2851735939505
2016_12_CAR_OAK,2016,12,2016-11-27,LV,CAR,35,32,Home,1546.4768197682497,1558.5749569670545,1557.9687629326359,1547.0830138026683
2016_12_CIN_BAL,2016,12,2016-11-27,BAL,CIN,19,14,Home,1472.2506628087815,1495.1779784956414,1487.713363715147,1479.715277589276
2016_12_JAX_BUF,2016,12,2016-11-27,BUF,JAX,28,21,Home,1547.51402710262,1311.5608764664053,1553.0118156901563,1306.063087878869
2016_12_KC_DEN,2016,12,2016-11-27,DEN,KC,27,30,Home,1622.9907024487293,1631.9366356884425,1607.3098980457105,1647.6174400914613
2016_12_LA_NO,2016,12,2016-11-27,NO,LA,49,21,Home,1467.1180698187031,1435.5191216433673,1490.6304119511756,1412.0067795108948
2016_12_NE_NYJ,2016,12,2016-11-27,NYJ,NE,17,22,Home,1452.1071867765772,1664.0303811231415,1442.0187746867855,1674.1187932129333
2016_12_NYG_CLE,2016,12,2016-11-27,CLE,NYG,13,27,Home,1265.2776033107002,1518.8473419675379,1252.6832135289317,1531.4417317493064
2016_12_SD_HOU,2016,12,2016-11-27,HOU,LAC,13,21,Home,1507.2522031733456,1450.227248496553,1479.4096564271374,1478.0697952427613
2016_12_SEA_TB,2016,12,2016-11-27,TB,SEA,14,5,Home,1443.2283354020117,1664.429215208762,1473.7909072573693,1633.8666433534042
2016_12_SF_MIA,2016,12,2016-11-27,MIA,SF,31,24,Home,1500.2938075731563,1317.7189813105113,1507.5404976755938,1310.4722912080738
2016_12_TEN_CHI,2016,12,2016-11-27,CHI,TEN,21,27,Home,1365.6872693461755,1388.5449475460364,1344.289268473797,1409.942948418415
2016_12_GB_PHI,2016,12,2016-11-28,PHI,GB,13,27,Home,1538.737258465876,1477.6494508548947,1504.2172780198937,1512.169431300877
2016_13_DAL_MIN,2016,13,2016-12-01,MIN,DAL,15,17,Home,1539.7416861280687,1628.7690582302375,1529.6246083475046,1638.8861360108017
2016_13_BUF_OAK,2016,13,2016-12-04,LV,BUF,38,24,Home,1557.9687629326359,1553.0118156901563,1579.000284599741,1531.980294023051
2016_13_CAR_SEA,2016,13,2016-12-04,SEA,CAR,40,7,Home,1633.8666433534042,1547.0830138026683,1653.29490369352,1527.6547534625527
2016_13_DEN_JAX,2016,13,2016-12-04,JAX,DEN,10,20,Home,1306.063087878869,1607.3098980457105,1297.2176013497954,1616.1553845747842
2016_13_DET_NO,2016,13,2016-12-04,NO,DET,13,28,Home,1490.6304119511756,1533.9686730078292,1461.4652884087543,1563.1337965502505
2016_13_HOU_GB,2016,13,2016-12-04,GB,HOU,21,13,Home,1512.169431300877,1479.4096564271374,1527.4388666257917,1464.1402211022228
2016_13_KC_ATL,2016,13,2016-12-04,ATL,KC,28,29,Home,1572.0688606741323,1647.6174400914613,1565.379844943179,1654.3064558224146
2016_13_LA_NE,2016,13,2016-12-04,NE,LA,26,10,Home,1674.1187932129333,1412.0067795108948,1680.632455975984,1405.4931167478442
2016_13_MIA_BAL,2016,13,2016-12-04,BAL,MIA,38,6,Home,1487.713363715147,1507.5404976755938,1517.545254375812,1477.7086070149287
2016_13_NYG_PIT,2016,13,2016-12-04,PIT,NYG,24,14,Home,1567.8632909072167,1531.4417317493064,1584.2779821230097,1515.0270405335134
2016_13_PHI_CIN,2016,13,2016-12-04,CIN,PHI,32,14,Home,1479.715277589276,1504.2172780198937,1505.2725493334995,1478.6600062756702
2016_13_SF_CHI,2016,13,2016-12-04,CHI,SF,26,6,Home,1344.289268473797,1310.4722912080738,1365.3552765559846,1289.4062831258861
2016_13_TB_SD,2016,13,2016-12-04,LAC,TB,21,28,Home,1478.0697952427613,1473.7909072573693,1453.9428221976268,1497.9178803025038
2016_13_WAS_ARI,2016,13,2016-12-04,ARI,WAS,31,23,Home,1525.2851735939505,1532.0346798614507,1543.1350994348481,1514.184754020553
2016_13_IND_NYJ,2016,13,2016-12-05,NYJ,IND,10,41,Home,1442.0187746867855,1457.1174958338383,1403.295943399396,1495.8403271212278
2016_14_OAK_KC,2016,14,2016-12-08,KC,LV,21,13,Home,1654.3064558224146,1579.000284599741,1667.0459344798778,1566.2608059422778
2016_14_ARI_MIA,2016,14,2016-12-11,MIA,ARI,26,23,Home,1477.7086070149287,1543.1350994348481,1491.5858777385467,1529.25782871123
2016_14_ATL_LA,2016,14,2016-12-11,LA,ATL,14,42,Home,1405.4931167478442,1565.379844943179,1381.8156421200556,1589.0573195709676
2016_14_CHI_DET,2016,14,2016-12-11,DET,CHI,20,17,Home,1563.1337965502505,1365.3552765559846,1567.6053949012676,1360.8836782049675
2016_14_CIN_CLE,2016,14,2016-12-11,CLE,CIN,10,23,Home,1252.6832135289317,1505.2725493334995,1240.3527773414028,1517.6029855210284
2016_14_DAL_NYG,2016,14,2016-12-11,NYG,DAL,10,7,Home,1515.0270405335134,1638.8861360108017,1530.794450921613,1623.1187256227022
2016_14_DEN_TEN,2016,14,2016-12-11,TEN,DEN,13,10,Home,1409.942948418415,1616.1553845747842,1427.9908781157912,1598.107454877408
2016_14_HOU_IND,2016,14,2016-12-11,IND,HOU,17,22,Home,1495.8403271212278,1464.1402211022228,1474.0198258929456,1485.960722330505
2016_14_MIN_JAX,2016,14,2016-12-11,JAX,MIN,16,25,Home,1297.2176013497954,1529.6246083475046,1285.3999721240084,1541.4422375732915
2016_14_NO_TB,2016,14,2016-12-11,TB,NO,16,11,Home,1497.9178803025038,1461.4652884087543,1510.1817224830488,1449.2014462282093
2016_14_NYJ_SF,2016,14,2016-12-11,SF,NYJ,17,23,Home,1289.4062831258861,1403.295943399396,1273.0313460298457,1419.6708804954364
2016_14_PIT_BUF,2016,14,2016-12-11,BUF,PIT,20,27,Home,1531.980294023051,1584.2779821230097,1510.5497047893664,1605.7085713566944
2016_14_SD_CAR,2016,14,2016-12-11,CAR,LAC,28,16,Home,1527.6547534625527,1453.9428221976268,1542.6310535259463,1438.9665221342332
2016_14_SEA_GB,2016,14,2016-12-11,GB,SEA,38,10,Home,1527.4388666257917,1653.29490369352,1565.886777902138,1614.8469924171736
2016_14_WAS_PHI,2016,14,2016-12-11,PHI,WAS,22,27,Home,1478.6600062756702,1514.184754020553,1459.4829118290163,1533.361848467207
2016_14_BAL_NE,2016,14,2016-12-12,NE,BAL,30,23,Home,1680.632455975984,1517.545254375812,1688.6206607088066,1509.5570496429893
2016_15_LA_SEA,2016,15,2016-12-15,SEA,LA,24,3,Home,1614.8469924171736,1381.8156421200556,1623.1465106755204,1373.5161238617088
2016_15_MIA_NYJ,2016,15,2016-12-17,NYJ,MIA,13,34,Home,1419.6708804954364,1491.5858777385467,1389.470508965497,1521.7862492684862
2016_15_CLE_BUF,2016,15,2016-12-18,BUF,CLE,33,13,Home,1510.5497047893664,1240.3527773414028,1517.2498048860066,1233.6526772447626
2016_15_DET_NYG,2016,15,2016-12-18,NYG,DET,17,6,Home,1530.794450921613,1567.6053949012676,1553.3428921752459,1545.0569536476346
2016_15_GB_CHI,2016,15,2016-12-18,CHI,GB,27,30,Home,1360.8836782049675,1565.886777902138,1352.8352182407018,1573.9352378664037
2016_15_IND_MIN,2016,15,2016-12-18,MIN,IND,6,34,Home,1541.4422375732915,1474.0198258929456,1498.1295327710718,1517.3325306951654
2016_15_JAX_HOU,2016,15,2016-12-18,HOU,JAX,21,20,Home,1485.960722330505,1285.3999721240084,1488.1648382510377,1283.1958562034756
2016_15_NE_DEN,2016,15,2016-12-18,DEN,NE,3,16,Home,1598.107454877408,1688.6206607088066,1573.9317063041628,1712.7964092820516
2016_15_NO_ARI,2016,15,2016-12-18,ARI,NO,41,48,Home,1529.25782871123,1449.2014462282093,1502.0473301088227,1476.4119448306167
2016_15_OAK_SD,2016,15,2016-12-18,LAC,LV,16,19,Home,1438.9665221342332,1566.2608059422778,1427.8768803226833,1577.3504477538277
2016_15_PHI_BAL,2016,15,2016-12-18,BAL,PHI,27,26,Home,1509.5570496429893,1459.4829118290163,1514.038748784002,1455.0012126880035
2016_15_PIT_CIN,2016,15,2016-12-18,CIN,PIT,20,24,Home,1517.6029855210284,1605.7085713566944,1502.7335264179076,1620.5780304598152
2016_15_SF_ATL,2016,15,2016-12-18,ATL,SF,41,13,Home,1589.0573195709676,1273.0313460298457,1594.817699123875,1267.2709664769384
2016_15_TB_DAL,2016,15,2016-12-18,DAL,TB,26,20,Home,1623.1187256227022,1510.1817224830488,1632.6312656075547,1500.6691824981963
2016_15_TEN_KC,2016,15,2016-12-18,KC,TEN,17,19,Home,1667.0459344798778,1427.9908781157912,1650.598926813066,1444.437885782603
2016_15_CAR_WAS,2016,15,2016-12-19,WAS,CAR,15,26,Home,1533.361848467207,1542.6310535259463,1505.2722484105077,1570.7206535826456
2016_16_NYG_PHI,2016,16,2016-12-22,PHI,NYG,24,19,Home,1455.0012126880035,1553.3428921752459,1474.3399273979358,1534.0041774653137
2016_16_ARI_SEA,2016,16,2016-12-24,SEA,ARI,31,34,Home,1623.1465106755204,1502.0473301088227,1604.1058502078408,1521.0879905765023
2016_16_ATL_CAR,2016,16,2016-12-24,CAR,ATL,16,33,Home,1570.7206535826456,1594.817699123875,1539.0191900211137,1626.5191626854069
2016_16_CIN_HOU,2016,16,2016-12-24,HOU,CIN,12,10,Home,1488.1648382510377,1502.7335264179076,1497.356690787661,1493.5416738812844
2016_16_IND_OAK,2016,16,2016-12-24,LV,IND,33,25,Home,1577.3504477538277,1517.3325306951654,1590.9670644676326,1503.7159139813605
2016_16_MIA_BUF,2016,16,2016-12-24,BUF,MIA,31,34,Home,1517.2498048860066,1521.7862492684862,1501.4330811573093,1537.6029729971835
2016_16_MIN_GB,2016,16,2016-12-24,GB,MIN,38,25,Home,1573.9352378664037,1498.1295327710718,1589.2027843358132,1482.8619863016622
2016_16_NYJ_NE,2016,16,2016-12-24,NE,NYJ,41,3,Home,1712.7964092820516,1389.470508965497,1718.8136035860314,1383.4533146615172
2016_16_SD_CLE,2016,16,2016-12-24,CLE,LAC,20,17,Home,1233.6526772447626,1427.8768803226833,1251.4037915631388,1410.125766004307
2016_16_SF_LA,2016,16,2016-12-24,LA,SF,21,22,Home,1373.5161238617088,1267.2709664769384,1364.1495081076832,1276.637582230964
2016_16_TB_NO,2016,16,2016-12-24,NO,TB,31,24,Home,1476.4119448306167,1500.6691824981963,1494.4450138304042,1482.6361134984088
2016_16_TEN_JAX,2016,16,2016-12-24,JAX,TEN,38,17,Home,1283.1958562034756,1444.437885782603,1320.8106810130544,1406.8230609730242
2016_16_WAS_CHI,2016,16,2016-12-24,CHI,WAS,21,41,Home,1352.8352182407018,1505.2722484105077,1330.7711179937069,1527.3363486575026
2016_16_BAL_PIT,2016,16,2016-12-25,PIT,BAL,31,27,Home,1620.5780304598152,1514.038748784002,1628.6825840452761,1505.9341951985411
2016_16_DEN_KC,2016,16,2016-12-25,KC,DEN,33,10,Home,1650.598926813066,1573.9317063041628,1668.9148925254551,1555.6157405917738
2016_16_DET_DAL,2016,16,2016-12-26,DAL,DET,42,21,Home,1632.6312656075547,1545.0569536476346,1649.600827904356,1528.0873913508333
2016_17_ARI_LA,2016,17,2017-01-01,LA,ARI,6,44,Home,1364.1495081076832,1521.0879905765023,1338.077838179591,1547.1596605045945
2016_17_BAL_CIN,2016,17,2017-01-01,CIN,BAL,27,10,Home,1493.5416738812844,1505.9341951985411,1517.5284509624373,1481.9474181173882
2016_17_BUF_NYJ,2016,17,2017-01-01,NYJ,BUF,30,10,Home,1383.4533146615172,1501.4330811573093,1417.681154142008,1467.2052416768186
2016_17_CAR_TB,2016,17,2017-01-01,TB,CAR,17,16,Home,1482.6361134984088,1539.0191900211137,1489.3693370712592,1532.2859664482633
2016_17_CHI_MIN,2016,17,2017-01-01,MIN,CHI,38,10,Home,1482.8619863016622,1330.7711179937069,1496.5163353724133,1317.1167689229558
2016_17_CLE_PIT,2016,17,2017-01-01,PIT,CLE,27,24,Home,1628.6825840452761,1251.4037915631388,1630.360822167146,1249.725553441269
2016_17_DAL_PHI,2016,17,2017-01-01,PHI,DAL,27,13,Home,1474.3399273979358,1649.600827904356,1508.0478530914806,1615.8929022108111
2016_17_GB_DET,2016,17,2017-01-01,DET,GB,24,31,Home,1528.0873913508333,1589.2027843358132,1507.0975498710145,1610.192625815632
2016_17_HOU_TEN,2016,17,2017-01-01,TEN,HOU,24,17,Home,1406.8230609730242,1497.356690787661,1428.8868709366932,1475.292880823992
2016_17_JAX_IND,2016,17,2017-01-01,IND,JAX,24,20,Home,1503.7159139813605,1320.8106810130544,1509.3153278164577,1315.211267177957
2016_17_KC_SD,2016,17,2017-01-01,LAC,KC,27,37,Home,1410.125766004307,1668.9148925254551,1399.2461967292368,1679.7944618005254
2016_17_NE_MIA,2016,17,2017-01-01,MIA,NE,14,35,Home,1537.6029729971835,1718.8136035860314,1517.7130857992738,1738.703490783941
2016_17_NO_ATL,2016,17,2017-01-01,ATL,NO,38,32,Home,1626.5191626854069,1494.4450138304042,1635.21094684124,1485.753229674571
2016_17_NYG_WAS,2016,17,2017-01-01,WAS,NYG,10,19,Home,1527.3363486575026,1534.0041774653137,1501.1742059783599,1560.1663201444564
2016_17_OAK_DEN,2016,17,2017-01-01,DEN,LV,24,6,Home,1555.6157405917738,1590.9670644676326,1582.1953481897456,1564.3874568696608
2016_17_SEA_SF,2016,17,2017-01-01,SF,SEA,23,25,Home,1276.637582230964,1604.1058502078408,1273.0882881022694,1607.6551443365354
2016_18_DET_SEA,2016,18,2017-01-07,SEA,DET,26,6,Home,1607.6551443365354,1507.0975498710145,1623.413652404113,1491.3390418034369
2016_18_OAK_HOU,2016,18,2017-01-07,HOU,LV,27,14,Home,1475.292880823992,1564.3874568696608,1503.205009909702,1536.4753277839507
2016_18_MIA_PIT,2016,18,2017-01-08,PIT,MIA,30,12,Home,1630.360822167146,1517.7130857992738,1644.7740449044725,1503.2998630619472
2016_18_NYG_GB,2016,18,2017-01-08,GB,NYG,38,13,Home,1610.192625815632,1560.1663201444564,1631.2628450817433,1539.0961008783452
2016_19_HOU_NE,2016,19,2017-01-14,NE,HOU,34,16,Home,1738.703490783941,1503.205009909702,1746.5069741149744,1495.4015265786688
2016_19_SEA_ATL,2016,19,2017-01-14,ATL,SEA,36,20,Home,1635.21094684124,1623.413652404113,1656.6327831374533,1601.9918161078997
2016_19_GB_DAL,2016,19,2017-01-15,DAL,GB,31,34,Home,1615.8929022108111,1631.2628450817433,1600.4122712884734,1646.743476004081
2016_19_PIT_KC,2016,19,2017-01-15,KC,PIT,16,18,Home,1679.7944618005254,1644.7740449044725,1666.3418103918,1658.2266963131979
2016_20_GB_ATL,2016,20,2017-01-22,ATL,GB,44,21,Home,1656.6327831374533,1646.743476004081,1680.8430881429958,1622.5331709985385
2016_20_PIT_NE,2016,20,2017-01-22,NE,PIT,36,17,Home,1746.5069741149744,1658.2266963131979,1762.9011944055428,1641.8324760226294
2016_21_NE_ATL,2016,21,2017-02-05,ATL,NE,28,34,Neutral,1680.8430881429958,1762.9011944055428,1666.4337450051316,1777.310537543407
2017_01_KC_NE,2017,1,2017-09-07,NE,KC,27,42,Home,1666.386322526044,1599.80508623508,1630.7653326794805,1635.4260760816435
2017_01_ARI_DET,2017,1,2017-09-10,DET,ARI,35,23,Home,1494.803425082062,1528.2957963027566,1517.8038144587897,1505.2954069260288
2017_01_ATL_CHI,2017,1,2017-09-10,CHI,ATL,17,23,Home,1390.2700613537736,1599.860247003079,1379.19947925094,1610.9308291059126
2017_01_BAL_CIN,2017,1,2017-09-10,CIN,BAL,0,20,Home,1510.5170705774624,1489.168450870433,1474.0871420123433,1525.598379435552
2017_01_CAR_SF,2017,1,2017-09-10,SF,CAR,3,23,Home,1363.8529728613616,1519.371579868958,1342.0616241328642,1541.1629285974554
2017_01_IND_LA,2017,1,2017-09-10,LA,IND,46,9,Home,1402.8467029077547,1505.5891966898746,1442.4787480689083,1465.957151528721
2017_01_JAX_HOU,2017,1,2017-09-10,HOU,JAX,7,29,Home,1497.2409159472013,1389.1267603067743,1454.7803425256732,1431.5873337283024
2017_01_NYG_DAL,2017,1,2017-09-10,DAL,NYG,19,3,Home,1560.247362773084,1523.4576605270072,1579.6125309461956,1504.0924923538955
2017_01_NYJ_BUF,2017,1,2017-09-10,BUF,NYJ,21,12,Home,1480.3231450060912,1450.6086924852048,1496.5253859597724,1434.4064515315235
2017_01_OAK_TEN,2017,1,2017-09-10,TEN,LV,16,26,Home,1457.332122562016,1521.8851966703703,1433.3272009334607,1545.8901182989255
2017_01_PHI_WAS,2017,1,2017-09-10,WAS,PHI,17,30,Home,1500.704523587016,1504.8287118548883,1470.5705129869061,1534.9627224549981
2017_01_PIT_CLE,2017,1,2017-09-10,CLE,PIT,18,21,Home,1349.8353320647616,1585.0994856135776,1342.8132777256035,1592.1215399527357
2017_01_SEA_GB,2017,1,2017-09-10,GB,SEA,17,9,Home,1573.519902599123,1561.1950896647397,1590.0985064495967,1544.616485814266
2017_01_LAC_DEN,2017,1,2017-09-11,DEN,LAC,24,21,Home,1549.3172089138473,1439.547718037542,1556.194551718766,1432.6703752326232
2017_01_NO_MIN,2017,1,2017-09-11,MIN,NO,29,19,Home,1497.909801223448,1491.4519378047426,1516.4239757770351,1472.9377632511555
2017_02_HOU_CIN,2017,2,2017-09-14,CIN,HOU,9,13,Home,1474.0871420123433,1454.7803425256732,1454.8976434910815,1473.969841046935
2017_02_ARI_IND,2017,2,2017-09-17,IND,ARI,13,16,Home,1465.957151528721,1505.2954069260288,1451.2437659774744,1520.0087924772754
2017_02_BUF_CAR,2017,2,2017-09-17,CAR,BUF,9,3,Home,1541.1629285974554,1496.5253859597724,1554.035962515374,1483.6523520418539
2017_02_CHI_TB,2017,2,2017-09-17,TB,CHI,29,7,Home,1493.6216022427557,1379.19947925094,1508.8436675594514,1363.9774139342442
2017_02_CLE_BAL,2017,2,2017-09-17,BAL,CLE,24,10,Home,1525.598379435552,1342.8132777256035,1535.0257058432514,1333.385951317904
2017_02_DAL_DEN,2017,2,2017-09-17,DEN,DAL,42,17,Home,1556.194551718766,1579.6125309461956,1584.3622565589787,1551.4448261059829
2017_02_GB_ATL,2017,2,2017-09-17,ATL,GB,34,23,Home,1610.9308291059126,1590.0985064495967,1629.055821964637,1571.9735135908722
2017_02_MIA_LAC,2017,2,2017-09-17,LAC,MIA,17,19,Home,1432.6703752326232,1501.9799178371682,1421.8417277491078,1512.8085653206836
2017_02_MIN_PIT,2017,2,2017-09-17,PIT,MIN,26,9,Home,1592.1215399527357,1516.4239757770351,1608.8509767931748,1499.694538936596
2017_02_NE_NO,2017,2,2017-09-17,NO,NE,20,36,Home,1472.9377632511555,1630.7653326794805,1452.8479411944884,1650.8551547361476
2017_02_NYJ_OAK,2017,2,2017-09-17,LV,NYJ,45,20,Home,1545.8901182989255,1434.4064515315235,1561.9252913382354,1418.3712784922136
2017_02_PHI_KC,2017,2,2017-09-17,KC,PHI,27,20,Home,1635.4260760816435,1534.9627224549981,1646.1939500524927,1524.194848484149
2017_02_SF_SEA,2017,2,2017-09-17,SEA,SF,12,9,Home,1544.616485814266,1342.0616241328642,1548.9797565681322,1337.698353378998
2017_02_TEN_JAX,2017,2,2017-09-17,JAX,TEN,16,37,Home,1431.5873337283024,1433.3272009334607,1396.129771376644,1468.7847632851192
2017_02_WAS_LA,2017,2,2017-09-17,LA,WAS,20,27,Home,1442.4787480689083,1470.5705129869061,1419.8630170142264,1493.186244041588
2017_02_DET_NYG,2017,2,2017-09-18,NYG,DET,10,24,Home,1504.0924923538955,1517.8038144587897,1473.7504999098987,1548.1458069027865
2017_03_LA_SF,2017,3,2017-09-21,SF,LA,39,41,Home,1337.698353378998,1419.8630170142264,1327.3353993779851,1430.2259710152393
2017_03_ATL_DET,2017,3,2017-09-24,DET,ATL,26,30,Home,1548.1458069027865,1629.055821964637,1532.8981863202305,1644.303442547193
2017_03_BAL_JAX,2017,3,2017-09-24,JAX,BAL,44,7,Neutral,1396.129771376644,1535.0257058432514,1443.339053677323,1487.8164235425725
2017_03_CIN_GB,2017,3,2017-09-24,GB,CIN,27,24,Home,1571.9735135908722,1454.8976434910815,1578.6206797460304,1448.2504773359233
2017_03_CLE_IND,2017,3,2017-09-24,IND,CLE,31,28,Home,1451.2437659774744,1333.385951317904,1457.8666286094547,1326.7630886859238
2017_03_DEN_BUF,2017,3,2017-09-24,BUF,DEN,26,16,Home,1483.6523520418539,1584.3622565589787,1509.665020409754,1558.3495881910785
2017_03_HOU_NE,2017,3,2017-09-24,NE,HOU,36,33,Home,1650.8551547361476,1473.969841046935,1655.8266718233756,1468.998323959707
2017_03_KC_LAC,2017,3,2017-09-24,LAC,KC,10,24,Home,1421.8417277491078,1646.1939500524927,1407.4227709572554,1660.6129068443452
2017_03_MIA_NYJ,2017,3,2017-09-24,NYJ,MIA,20,6,Home,1418.3712784922136,1512.8085653206836,1447.3529722066917,1483.8268716062055
2017_03_NO_CAR,2017,3,2017-09-24,CAR,NO,13,34,Home,1554.035962515374,1452.8479411944884,1512.5102437056896,1494.3736600041727
2017_03_NYG_PHI,2017,3,2017-09-24,PHI,NYG,27,24,Home,1524.194848484149,1473.7504999098987,1533.1442164091202,1464.8011319849275
2017_03_OAK_WAS,2017,3,2017-09-24,WAS,LV,27,10,Home,1493.186244041588,1561.9252913382354,1522.3514386882487,1532.7600966915747
2017_03_PIT_CHI,2017,3,2017-09-24,CHI,PIT,23,17,Home,1363.9774139342442,1608.8509767931748,1390.5270939335676,1582.3012967938514
2017_03_SEA_TEN,2017,3,2017-09-24,TEN,SEA,33,27,Home,1468.7847632851192,1548.9797565681322,1488.9550482487805,1528.809471604471
2017_03_TB_MIN,2017,3,2017-09-24,MIN,TB,34,17,Home,1499.694538936596,1508.8436675594514,1523.3899957029787,1485.1482107930688
2017_03_DAL_ARI,2017,3,2017-09-25,ARI,DAL,17,28,Home,1520.0087924772754,1551.4448261059829,1493.1759957725728,1578.2776228106854
2017_04_CHI_GB,2017,4,2017-09-28,GB,CHI,35,14,Home,1578.6206797460304,1390.5270939335676,1589.0959074590942,1380.0518662205038
2017_04_BUF_ATL,2017,4,2017-10-01,ATL,BUF,17,23,Home,1644.303442547193,1509.665020409754,1617.2089352936873,1536.7595276632599
2017_04_CAR_NE,2017,4,2017-10-01,NE,CAR,30,33,Home,1655.8266718233756,1512.5102437056896,1636.3655186866822,1531.971396842383
2017_04_CIN_CLE,2017,4,2017-10-01,CLE,CIN,7,31,Home,1326.7630886859238,1448.2504773359233,1300.4379959023074,1474.5755701195396
2017_04_DET_MIN,2017,4,2017-10-01,MIN,DET,7,14,Home,1523.3899957029787,1532.8981863202305,1499.8949179325657,1556.3932640906435
2017_04_IND_SEA,2017,4,2017-10-01,SEA,IND,46,18,Home,1528.809471604471,1457.8666286094547,1548.710886832503,1437.9652133814225
2017_04_JAX_NYJ,2017,4,2017-10-01,NYJ,JAX,23,20,Home,1447.3529722066917,1443.339053677323,1458.158882190894,1432.5331436931206
2017_04_LA_DAL,2017,4,2017-10-01,DAL,LA,30,35,Home,1578.2776228106854,1430.2259710152393,1553.0164708277644,1455.4871229981604
2017_04_NO_MIA,2017,4,2017-10-01,MIA,NO,0,20,Neutral,1483.8268716062055,1494.3736600041727,1454.446411414047,1523.7541201963313
2017_04_NYG_TB,2017,4,2017-10-01,TB,NYG,25,23,Home,1485.1482107930688,1464.8011319849275,1493.1771366658977,1456.7722061120985
2017_04_OAK_DEN,2017,4,2017-10-01,DEN,LV,16,10,Home,1558.3495881910785,1532.7600966915747,1572.2735583777055,1518.8361265049477
2017_04_PHI_LAC,2017,4,2017-10-01,LAC,PHI,24,26,Home,1407.4227709572554,1533.1442164091202,1398.5814110027623,1541.9855763636133
2017_04_PIT_BAL,2017,4,2017-10-01,BAL,PIT,9,26,Home,1487.8164235425725,1582.3012967938514,1461.709616766618,1608.408103569806
2017_04_SF_ARI,2017,4,2017-10-01,ARI,SF,18,15,Home,1493.1759957725728,1327.3353993779851,1498.4292979304814,1322.0820972200765
2017_04_TEN_HOU,2017,4,2017-10-01,HOU,TEN,57,14,Home,1468.998323959707,1488.9550482487805,1501.3001570100266,1456.6532151984609
2017_04_WAS_KC,2017,4,2017-10-02,KC,WAS,29,20,Home,1660.6129068443452,1522.3514386882487,1670.5974372088667,1512.366908323727
2017_05_NE_TB,2017,5,2017-10-05,TB,NE,14,19,Home,1493.1771366658977,1636.3655186866822,1479.7039146131265,1649.8387407394534
2017_05_ARI_PHI,2017,5,2017-10-08,PHI,ARI,34,7,Home,1541.9855763636133,1498.4292979304814,1564.1295577102346,1476.28531658386
2017_05_BAL_OAK,2017,5,2017-10-08,LV,BAL,17,30,Home,1518.8361265049477,1461.709616766618,1485.3897996168998,1495.1559436546659
2017_05_BUF_CIN,2017,5,2017-10-08,CIN,BUF,20,16,Home,1474.5755701195396,1536.7595276632599,1490.5190955687854,1520.8160022140141
2017_05_CAR_DET,2017,5,2017-10-08,DET,CAR,24,27,Home,1556.3932640906435,1531.971396842383,1539.7169042259327,1548.6477567070938
2017_05_GB_DAL,2017,5,2017-10-08,DAL,GB,31,35,Home,1553.0164708277644,1589.0959074590942,1535.8116496785294,1606.300728608329
2017_05_JAX_PIT,2017,5,2017-10-08,PIT,JAX,9,30,Home,1608.408103569806,1432.5331436931206,1563.8293850524067,1477.1118622105198
2017_05_KC_HOU,2017,5,2017-10-08,HOU,KC,34,42,Home,1501.3001570100266,1670.5974372088667,1486.4371798932798,1685.4604143256136
2017_05_LAC_NYG,2017,5,2017-10-08,NYG,LAC,22,27,Home,1456.7722061120985,1398.5814110027623,1434.0285863290562,1421.3250307858045
2017_05_NYJ_CLE,2017,5,2017-10-08,CLE,NYJ,14,17,Home,1300.4379959023074,1458.158882190894,1290.6037601348294,1467.993117958372
2017_05_SEA_LA,2017,5,2017-10-08,LA,SEA,10,16,Home,1455.4871229981604,1548.710886832503,1437.8318041219475,1566.366205708716
2017_05_SF_IND,2017,5,2017-10-08,IND,SF,26,23,Home,1437.9652133814225,1322.0820972200765,1444.6495744943131,1315.397736107186
2017_05_TEN_MIA,2017,5,2017-10-08,MIA,TEN,16,10,Home,1454.446411414047,1456.6532151984609,1469.9829536903787,1441.116672922129
2017_05_MIN_CHI,2017,5,2017-10-09,CHI,MIN,17,20,Home,1380.0518662205038,1499.8949179325657,1368.6435990827272,1511.3031850703424
2017_06_PHI_CAR,2017,6,2017-10-12,CAR,PHI,23,28,Home,1548.6477567070938,1564.1295577102346,1528.6438649012716,1584.1334495160568
2017_06_CHI_BAL,2017,6,2017-10-15,BAL,CHI,24,27,Home,1495.1559436546659,1368.6435990827272,1476.0084877910424,1387.7910549463506
2017_06_CLE_HOU,2017,6,2017-10-15,HOU,CLE,33,17,Home,1486.4371798932798,1290.6037601348294,1495.6673675178722,1281.373572510237
2017_06_DET_NO,2017,6,2017-10-15,NO,DET,52,38,Home,1523.7541201963313,1539.7169042259327,1546.5299813429751,1516.9410430792889
2017_06_GB_MIN,2017,6,2017-10-15,MIN,GB,23,10,Home,1511.3031850703424,1606.300728608329,1539.5810956931684,1578.022817985503
2017_06_LAC_OAK,2017,6,2017-10-15,LV,LAC,16,17,Home,1485.3897996168998,1421.3250307858045,1476.5162597223605,1430.198570680344
2017_06_LA_JAX,2017,6,2017-10-15,JAX,LA,17,27,Home,1477.1118622105198,1437.8318041219475,1447.5458490590972,1467.39781727337
2017_06_MIA_ATL,2017,6,2017-10-15,ATL,MIA,17,20,Home,1617.2089352936873,1469.9829536903787,1597.6786541522247,1489.5132348318414
2017_06_NE_NYJ,2017,6,2017-10-15,NYJ,NE,17,24,Home,1467.993117958372,1649.8387407394534,1454.6485469815516,1663.183311716274
2017_06_NYG_DEN,2017,6,2017-10-15,DEN,NYG,10,23,Home,1572.2735583777055,1434.0285863290562,1535.4006272923386,1470.901517414423
2017_06_PIT_KC,2017,6,2017-10-15,KC,PIT,13,19,Home,1685.4604143256136,1563.8293850524067,1658.7185657566167,1590.5712336214035
2017_06_SF_WAS,2017,6,2017-10-15,WAS,SF,26,24,Home,1512.366908323727,1315.397736107186,1515.9252848157776,1311.8393596151354
2017_06_TB_ARI,2017,6,2017-10-15,ARI,TB,38,33,Home,1476.28531658386,1479.7039146131265,1490.6576387352761,1465.3315924617104
2017_06_IND_TEN,2017,6,2017-10-16,TEN,IND,36,22,Home,1441.116672922129,1444.6495744943131,1462.8483786571135,1422.9178687593287
2017_07_KC_OAK,2017,7,2017-10-19,LV,KC,31,30,Home,1476.5162597223605,1658.7185657566167,1485.2365647418453,1649.9982607371319
2017_07_ARI_LA,2017,7,2017-10-22,LA,ARI,33,0,Neutral,1467.39781727337,1490.6576387352761,1504.6251086728012,1453.430347335845
2017_07_ATL_NE,2017,7,2017-10-22,NE,ATL,23,7,Home,1663.183311716274,1597.6786541522247,1680.3299037148574,1580.5320621536412
2017_07_BAL_MIN,2017,7,2017-10-22,MIN,BAL,24,16,Home,1539.5810956931684,1476.0084877910424,1552.9904894715962,1462.5990940126146
2017_07_CAR_CHI,2017,7,2017-10-22,CHI,CAR,17,3,Home,1387.7910549463506,1528.6438649012716,1419.5950896243862,1496.839830223236
2017_07_CIN_PIT,2017,7,2017-10-22,PIT,CIN,29,14,Home,1590.5712336214035,1490.5190955687854,1604.955436789085,1476.1348924011038
2017_07_DAL_SF,2017,7,2017-10-22,SF,DAL,10,40,Home,1311.8393596151354,1535.8116496785294,1293.5236319135558,1554.127377380109
2017_07_DEN_LAC,2017,7,2017-10-22,LAC,DEN,21,0,Home,1430.198570680344,1535.4006272923386,1464.0511770586445,1501.548020914038
2017_07_JAX_IND,2017,7,2017-10-22,IND,JAX,0,27,Home,1422.9178687593287,1447.5458490590972,1386.4110685091614,1484.0526493092646
2017_07_NO_GB,2017,7,2017-10-22,GB,NO,17,26,Home,1578.022817985503,1546.5299813429751,1549.9910142323092,1574.561785096169
2017_07_NYJ_MIA,2017,7,2017-10-22,MIA,NYJ,31,28,Home,1489.5132348318414,1454.6485469815516,1499.0641814732799,1445.097600340113
2017_07_SEA_NYG,2017,7,2017-10-22,NYG,SEA,7,24,Home,1470.901517414423,1566.366205708716,1444.8859825393326,1592.3817405838065
2017_07_TB_BUF,2017,7,2017-10-22,BUF,TB,30,27,Home,1520.8160022140141,1465.3315924617104,1529.5756678550104,1456.5719268207142
2017_07_TEN_CLE,2017,7,2017-10-22,CLE,TEN,9,12,Home,1281.373572510237,1462.8483786571135,1272.4631882182262,1471.7587629491243
2017_07_WAS_PHI,2017,7,2017-10-23,PHI,WAS,34,24,Home,1584.1334495160568,1515.9252848157776,1598.475840483937,1501.5828938478974
2017_08_MIA_BAL,2017,8,2017-10-26,BAL,MIA,40,0,Home,1462.5990940126146,1499.0641814732799,1496.2551610390046,1465.4081144468898
2017_08_ATL_NYJ,2017,8,2017-10-29,NYJ,ATL,20,25,Home,1445.097600340113,1580.5320621536412,1431.2081049247556,1594.4215575689987
2017_08_CAR_TB,2017,8,2017-10-29,TB,CAR,3,17,Home,1456.5719268207142,1496.839830223236,1427.8894019861839,1525.5223550577664
2017_08_CHI_NO,2017,8,2017-10-29,NO,CHI,20,12,Home,1574.561785096169,1419.5950896243862,1583.3469404839077,1410.8099342366475
2017_08_DAL_WAS,2017,8,2017-10-29,WAS,DAL,19,33,Home,1501.5828938478974,1554.127377380109,1473.689894336364,1582.0203768916424
2017_08_HOU_SEA,2017,8,2017-10-29,SEA,HOU,41,38,Home,1592.3817405838065,1495.6673675178722,1599.6842221811612,1488.3648859205175
2017_08_IND_CIN,2017,8,2017-10-29,CIN,IND,24,23,Home,1476.1348924011038,1386.4110685091614,1479.903589398713,1382.6423715115523
2017_08_LAC_NE,2017,8,2017-10-29,NE,LAC,21,13,Home,1680.3299037148574,1464.0511770586445,1686.771227465624,1457.609853307878
2017_08_MIN_CLE,2017,8,2017-10-29,CLE,MIN,16,33,Neutral,1272.4631882182262,1552.9904894715962,1263.956640058034,1561.4970376317883
2017_08_OAK_BUF,2017,8,2017-10-29,BUF,LV,34,14,Home,1529.5756678550104,1485.2365647418453,1549.741692652968,1465.0705399438878
2017_08_PIT_DET,2017,8,2017-10-29,DET,PIT,15,20,Home,1516.9410430792889,1604.955436789085,1500.3818179110158,1621.5146619573582
2017_08_SF_PHI,2017,8,2017-10-29,PHI,SF,33,10,Home,1598.475840483937,1293.5236319135558,1604.2571165886325,1287.7423558088603
2017_08_DEN_KC,2017,8,2017-10-30,KC,DEN,29,19,Home,1649.9982607371319,1501.548020914038,1659.8959116308479,1491.650370020322
2017_09_BUF_NYJ,2017,9,2017-11-02,NYJ,BUF,34,21,Home,1431.2081049247556,1549.741692652968,1460.9103565259925,1520.039441051731
2017_09_ARI_SF,2017,9,2017-11-05,SF,ARI,10,20,Home,1287.7423558088603,1453.430347335845,1271.277893229805,1469.8948099149004
2017_09_ATL_CAR,2017,9,2017-11-05,CAR,ATL,20,17,Home,1525.5223550577664,1594.4215575689987,1539.516071307815,1580.42784131895
2017_09_BAL_TEN,2017,9,2017-11-05,TEN,BAL,23,20,Home,1471.7587629491243,1496.2551610390046,1483.791335460421,1484.222588527708
2017_09_CIN_JAX,2017,9,2017-11-05,JAX,CIN,23,7,Home,1484.0526493092646,1479.903589398713,1506.12543886096,1457.8307998470175
2017_09_DEN_PHI,2017,9,2017-11-05,PHI,DEN,51,23,Home,1604.2571165886325,1491.650370020322,1620.743396352166,1475.1640902567885
2017_09_IND_HOU,2017,9,2017-11-05,HOU,IND,14,20,Home,1488.3648859205175,1382.6423715115523,1462.08519210567,1408.9220653263997
2017_09_KC_DAL,2017,9,2017-11-05,DAL,KC,28,17,Home,1582.0203768916424,1659.8959116308479,1607.6399588397462,1634.276329682744
2017_09_LA_NYG,2017,9,2017-11-05,NYG,LA,17,51,Home,1444.8859825393326,1504.6251086728012,1408.8802924623876,1540.6307987497462
2017_09_OAK_MIA,2017,9,2017-11-05,MIA,LV,24,27,Home,1465.4081144468898,1465.0705399438878,1449.4426138393274,1481.0360405514502
2017_09_TB_NO,2017,9,2017-11-05,NO,TB,30,10,Home,1583.3469404839077,1427.8894019861839,1595.4905708452686,1415.745771624823
2017_09_WAS_SEA,2017,9,2017-11-05,SEA,WAS,14,17,Home,1599.6842221811612,1473.689894336364,1580.5468649722052,1492.82725154532
2017_09_DET_GB,2017,9,2017-11-06,GB,DET,17,30,Home,1549.9910142323092,1500.3818179110158,1516.9203545259313,1533.4524776173937
2017_10_SEA_ARI,2017,10,2017-11-09,ARI,SEA,16,22,Home,1469.8948099149004,1580.5468649722052,1453.3218693600647,1597.1198055270409
2017_10_CIN_TEN,2017,10,2017-11-12,TEN,CIN,24,20,Home,1483.791335460421,1457.8307998470175,1495.2903834082172,1446.3317518992212
2017_10_CLE_DET,2017,10,2017-11-12,DET,CLE,38,24,Home,1533.4524776173937,1263.956640058034,1539.4347891651585,1257.9743285102693
2017_10_DAL_ATL,2017,10,2017-11-12,ATL,DAL,27,7,Home,1580.42784131895,1607.6399588397462,1607.1163589584987,1580.9514412001975
2017_10_GB_CHI,2017,10,2017-11-12,CHI,GB,16,23,Home,1410.8099342366475,1516.9203545259313,1392.8011277031937,1534.929161059385
2017_10_HOU_LA,2017,10,2017-11-12,LA,HOU,33,7,Home,1540.6307987497462,1462.08519210567,1559.4683754548587,1443.2476154005576
2017_10_LAC_JAX,2017,10,2017-11-12,JAX,LAC,20,17,Home,1506.12543886096,1457.609853307878,1515.148046833656,1448.587245335182
2017_10_MIN_WAS,2017,10,2017-11-12,WAS,MIN,30,38,Home,1492.82725154532,1561.4970376317883,1471.1232828984773,1583.201006278631
2017_10_NE_DEN,2017,10,2017-11-12,DEN,NE,16,41,Home,1475.1640902567885,1686.771227465624,1456.7937061489465,1705.141611573466
2017_10_NO_BUF,2017,10,2017-11-12,BUF,NO,10,47,Home,1520.039441051731,1595.4905708452686,1484.9242785061026,1630.605733390897
2017_10_NYG_SF,2017,10,2017-11-12,SF,NYG,31,21,Home,1271.277893229805,1408.8802924623876,1299.2721201527586,1380.886065539434
2017_10_NYJ_TB,2017,10,2017-11-12,TB,NYJ,15,10,Home,1415.745771624823,1460.9103565259925,1432.4905716321202,1444.1655565186952
2017_10_PIT_IND,2017,10,2017-11-12,IND,PIT,17,20,Home,1408.9220653263997,1621.5146619573582,1401.1398522373283,1629.2968750464295
2017_10_MIA_CAR,2017,10,2017-11-13,CAR,MIA,45,21,Home,1539.516071307815,1449.4426138393274,1556.989799401755,1431.9688857453875
2017_11_TEN_PIT,2017,11,2017-11-16,PIT,TEN,40,17,Home,1629.2968750464295,1495.2903834082172,1643.3617927038342,1481.2254657508124
2017_11_ARI_HOU,2017,11,2017-11-19,HOU,ARI,31,21,Home,1443.2476154005576,1453.3218693600647,1462.9745201418837,1433.5949646187387
2017_11_BAL_GB,2017,11,2017-11-19,GB,BAL,0,23,Home,1534.929161059385,1484.222588527708,1495.0374706062182,1524.1142789808748
2017_11_BUF_LAC,2017,11,2017-11-19,LAC,BUF,54,24,Home,1448.587245335182,1484.9242785061026,1479.6952397049724,1453.816284136312
2017_11_CIN_DEN,2017,11,2017-11-19,DEN,CIN,17,20,Home,1456.7937061489465,1446.3317518992212,1440.5242990242289,1462.6011590239389
2017_11_DET_CHI,2017,11,2017-11-19,CHI,DET,24,27,Home,1392.8011277031937,1539.4347891651585,1382.5183388515688,1549.7175780167834
2017_11_JAX_CLE,2017,11,2017-11-19,CLE,JAX,7,19,Home,1257.9743285102693,1515.148046833656,1246.2472017899888,1526.8751735539365
2017_11_KC_NYG,2017,11,2017-11-19,NYG,KC,12,9,Home,1380.886065539434,1634.276329682744,1399.972268319533,1615.190126902645
2017_11_LA_MIN,2017,11,2017-11-19,MIN,LA,24,7,Home,1583.201006278631,1559.4683754548587,1604.0388760996495,1538.6305056338401
2017_11_NE_OAK,2017,11,2017-11-19,LV,NE,8,33,Neutral,1481.0360405514502,1705.141611573466,1468.2715364274889,1717.9061156974274
2017_11_PHI_DAL,2017,11,2017-11-19,DAL,PHI,9,37,Home,1580.9514412001975,1620.743396352166,1545.248722348068,1656.4461152042954
2017_11_TB_MIA,2017,11,2017-11-19,MIA,TB,20,30,Home,1431.9688857453875,1432.4905716321202,1404.3982780295096,1460.0611793479982
2017_11_WAS_NO,2017,11,2017-11-19,NO,WAS,34,31,Home,1630.605733390897,1471.1232828984773,1636.0268523440716,1465.7021639453028
2017_11_ATL_SEA,2017,11,2017-11-20,SEA,ATL,31,34,Home,1597.1198055270409,1607.1163589584987,1581.4715661805221,1622.7645983050174
2017_12_LAC_DAL,2017,12,2017-11-23,DAL,LAC,6,28,Home,1545.248722348068,1479.6952397049724,1505.023707955373,1519.9202540976673
2017_12_MIN_DET,2017,12,2017-11-23,DET,MIN,23,30,Home,1549.7175780167834,1604.0388760996495,1528.3877652747617,1625.3686888416712
2017_12_NYG_WAS,2017,12,2017-11-23,WAS,NYG,20,10,Home,1465.7021639453028,1399.972268319533,1480.2000305964668,1385.474401668369
2017_12_BUF_KC,2017,12,2017-11-26,KC,BUF,10,16,Home,1615.190126902645,1453.816284136312,1587.4417073197205,1481.5647037192366
2017_12_CAR_NYJ,2017,12,2017-11-26,NYJ,CAR,27,35,Home,1444.1655565186952,1556.989799401755,1425.6023478968616,1575.5530080235885
2017_12_CHI_PHI,2017,12,2017-11-26,PHI,CHI,31,3,Home,1656.4461152042954,1382.5183388515688,1663.7079985603493,1375.256455495515
2017_12_CLE_CIN,2017,12,2017-11-26,CIN,CLE,30,16,Home,1462.6011590239389,1246.2472017899888,1470.536895433149,1238.3114653807786
2017_12_DEN_OAK,2017,12,2017-11-26,LV,DEN,21,14,Home,1468.2715364274889,1440.5242990242289,1483.0213100839135,1425.7745253678042
2017_12_GB_PIT,2017,12,2017-11-26,PIT,GB,31,28,Home,1643.3617927038342,1495.0374706062182,1649.0874261205038,1489.3118371895487
2017_12_JAX_ARI,2017,12,2017-11-26,ARI,JAX,27,24,Home,1433.5949646187387,1526.8751735539365,1448.3935935047195,1512.0765446679557
2017_12_MIA_NE,2017,12,2017-11-26,NE,MIA,35,17,Home,1717.9061156974274,1404.3982780295096,1723.0141732736931,1399.2902204532438
2017_12_NO_LA,2017,12,2017-11-26,LA,NO,26,20,Home,1538.6305056338401,1636.0268523440716,1559.5901708749234,1615.0671871029883
2017_12_SEA_SF,2017,12,2017-11-26,SF,SEA,13,24,Home,1299.2721201527586,1581.4715661805221,1289.2011964540118,1591.542489879269
2017_12_TB_ATL,2017,12,2017-11-26,ATL,TB,34,20,Home,1622.7645983050174,1460.0611793479982,1633.1873818092322,1449.6383958437834
2017_12_TEN_IND,2017,12,2017-11-26,IND,TEN,16,20,Home,1401.1398522373283,1481.2254657508124,1385.8487032868177,1496.516614701323
2017_12_HOU_BAL,2017,12,2017-11-27,BAL,HOU,23,16,Home,1524.1142789808748,1462.9745201418837,1536.9388781417033,1450.1499209810552
2017_13_WAS_DAL,2017,13,2017-11-30,DAL,WAS,38,14,Home,1505.023707955373,1480.2000305964668,1528.127864416001,1457.0958741358388
2017_13_CAR_NO,2017,13,2017-12-03,NO,CAR,31,21,Home,1615.0671871029883,1575.5530080235885,1631.2729867266403,1559.3472083999366
2017_13_CLE_LAC,2017,13,2017-12-03,LAC,CLE,19,10,Home,1519.9202540976673,1238.3114653807786,1524.6825142517898,1233.5492052266561
2017_13_DEN_MIA,2017,13,2017-12-03,MIA,DEN,35,9,Home,1399.2902204532438,1425.7745253678042,1428.1053441030149,1396.9594017180332
2017_13_DET_BAL,2017,13,2017-12-03,BAL,DET,44,20,Home,1536.9388781417033,1528.3877652747617,1561.589252683453,1503.737390733012
2017_13_HOU_TEN,2017,13,2017-12-03,TEN,HOU,24,13,Home,1496.516614701323,1450.1499209810552,1512.8364804640357,1433.8300552183425
2017_13_IND_JAX,2017,13,2017-12-03,JAX,IND,30,10,Home,1512.0765446679557,1385.8487032868177,1526.058871520179,1371.8663764345943
2017_13_KC_NYJ,2017,13,2017-12-03,NYJ,KC,38,31,Home,1425.6023478968616,1587.4417073197205,1450.9321734672928,1562.1118817492893
2017_13_LA_ARI,2017,13,2017-12-03,ARI,LA,16,32,Home,1448.3935935047195,1559.5901708749234,1424.31225225855,1583.671512121093
2017_13_MIN_ATL,2017,13,2017-12-03,ATL,MIN,9,14,Home,1633.1873818092322,1625.3686888416712,1612.2611399292848,1646.2949307216186
2017_13_NE_BUF,2017,13,2017-12-03,BUF,NE,3,23,Home,1481.5647037192366,1723.0141732736931,1466.578283831275,1738.0005931616547
2017_13_NYG_OAK,2017,13,2017-12-03,LV,NYG,24,17,Home,1483.0213100839135,1385.474401668369,1493.9335723313882,1374.5621394208943
2017_13_PHI_SEA,2017,13,2017-12-03,SEA,PHI,24,10,Home,1591.542489879269,1663.7079985603493,1619.0916916581937,1636.1587967814246
2017_13_SF_CHI,2017,13,2017-12-03,CHI,SF,14,15,Home,1375.256455495515,1289.2011964540118,1366.1155493647864,1298.3421025847404
2017_13_TB_GB,2017,13,2017-12-03,GB,TB,26,20,Home,1489.3118371895487,1449.6383958437834,1502.454269891223,1436.495963142109
2017_13_PIT_CIN,2017,13,2017-12-04,CIN,PIT,20,23,Home,1470.536895433149,1649.0874261205038,1461.5156175646543,1658.1087039889985
2017_14_NO_ATL,2017,14,2017-12-07,ATL,NO,20,17,Home,1612.2611399292848,1631.2729867266403,1624.0532640549068,1619.4808626010183
2017_14_BAL_PIT,2017,14,2017-12-10,PIT,BAL,39,38,Home,1658.1087039889985,1561.589252683453,1661.7631856665387,1557.9347710059128
2017_14_CHI_CIN,2017,14,2017-12-10,CIN,CHI,7,33,Home,1461.5156175646543,1366.1155493647864,1417.5435523429392,1410.0876145865016
2017_14_DAL_NYG,2017,14,2017-12-10,NYG,DAL,10,30,Home,1374.5621394208943,1528.127864416001,1352.5981509941992,1550.0918528426962
2017_14_DET_TB,2017,14,2017-12-10,TB,DET,21,24,Home,1436.495963142109,1503.737390733012,1422.7364715453634,1517.4968823297577
2017_14_GB_CLE,2017,14,2017-12-10,CLE,GB,21,27,Home,1233.5492052266561,1502.454269891223,1225.137384741055,1510.866090376824
2017_14_IND_BUF,2017,14,2017-12-10,BUF,IND,13,7,Home,1466.578283831275,1371.8663764345943,1476.9223440084163,1361.522316257453
2017_14_MIN_CAR,2017,14,2017-12-10,CAR,MIN,31,24,Home,1559.3472083999366,1646.2949307216186,1581.2351164923846,1624.4070226291706
2017_14_NYJ_DEN,2017,14,2017-12-10,DEN,NYJ,23,0,Home,1396.9594017180332,1450.9321734672928,1427.5781262318153,1420.3134489535107
2017_14_OAK_KC,2017,14,2017-12-10,KC,LV,26,15,Home,1562.1118817492893,1493.9335723313882,1576.9766432249496,1479.0688108557279
2017_14_PHI_LA,2017,14,2017-12-10,LA,PHI,35,43,Home,1583.671512121093,1636.1587967814246,1561.0370249362581,1658.7932839662594
2017_14_SEA_JAX,2017,14,2017-12-10,JAX,SEA,30,24,Home,1526.058871520179,1619.0916916581937,1546.8200879007647,1598.330475277608
2017_14_SF_HOU,2017,14,2017-12-10,HOU,SF,16,26,Home,1433.8300552183425,1298.3421025847404,1400.4147773449217,1331.7573804581612
2017_14_TEN_ARI,2017,14,2017-12-10,ARI,TEN,12,7,Home,1424.31225225855,1512.8364804640357,1443.2387858130257,1493.90994690956
2017_14_WAS_LAC,2017,14,2017-12-10,LAC,WAS,30,13,Home,1524.6825142517898,1457.0958741358388,1542.0174062792971,1439.7609821083315
2017_14_NE_MIA,2017,14,2017-12-11,MIA,NE,27,20,Home,1428.1053441030149,1738.0005931616547,1458.183122516598,1707.9228147480717
2017_15_DEN_IND,2017,15,2017-12-14,IND,DEN,13,25,Home,1361.522316257453,1427.5781262318153,1335.9630340488409,1453.1374084404274
2017_15_CHI_DET,2017,15,2017-12-16,DET,CHI,20,10,Home,1517.4968823297577,1410.0876145865016,1529.5234048216355,1398.0610920946237
2017_15_LAC_KC,2017,15,2017-12-16,KC,LAC,30,13,Home,1576.9766432249496,1542.0174062792971,1596.882255796147,1522.1117937080996
2017_15_ARI_WAS,2017,15,2017-12-17,WAS,ARI,20,15,Home,1439.7609821083315,1443.2387858130257,1454.1365594476922,1428.863208473665
2017_15_BAL_CLE,2017,15,2017-12-17,CLE,BAL,10,27,Home,1225.137384741055,1557.9347710059128,1216.0514758801855,1567.0206798667823
2017_15_CIN_MIN,2017,15,2017-12-17,MIN,CIN,34,7,Home,1624.4070226291706,1417.5435523429392,1634.664513657246,1407.2860613148637
2017_15_DAL_OAK,2017,15,2017-12-17,LV,DAL,17,20,Home,1479.0688108557279,1550.0918528426962,1465.483360637235,1563.6773030611891
2017_15_GB_CAR,2017,15,2017-12-17,CAR,GB,31,24,Home,1581.2351164923846,1510.866090376824,1593.5559479055491,1498.5452589636595
2017_15_HOU_JAX,2017,15,2017-12-17,JAX,HOU,45,7,Home,1546.8200879007647,1400.4147773449217,1562.0930453451954,1385.141819900491
2017_15_LA_SEA,2017,15,2017-12-17,SEA,LA,7,42,Home,1598.330475277608,1561.0370249362581,1554.2870784831848,1605.0804217306813
2017_15_MIA_BUF,2017,15,2017-12-17,BUF,MIA,24,16,Home,1476.9223440084163,1458.183122516598,1493.083876902899,1442.0215896221152
2017_15_NE_PIT,2017,15,2017-12-17,PIT,NE,24,27,Home,1661.7631856665387,1707.9228147480717,1647.2733213109661,1722.4126791036442
2017_15_NYJ_NO,2017,15,2017-12-17,NO,NYJ,31,19,Home,1619.4808626010183,1420.3134489535107,1627.6956035922703,1412.0987079622587
2017_15_PHI_NYG,2017,15,2017-12-17,NYG,PHI,29,34,Home,1352.5981509941992,1658.7932839662594,1346.1502634617154,1665.2411714987431
2017_15_TEN_SF,2017,15,2017-12-17,SF,TEN,25,23,Home,1331.7573804581612,1493.90994690956,1345.1466128669085,1480.5207145008126
2017_15_ATL_TB,2017,15,2017-12-18,TB,ATL,21,24,Home,1422.7364715453634,1624.0532640549068,1414.5565926814556,1632.2331429188146
2017_16_IND_BAL,2017,16,2017-12-23,BAL,IND,23,16,Home,1567.0206798667823,1335.9630340488409,1572.662462705308,1330.3212512103153
2017_16_MIN_GB,2017,16,2017-12-23,GB,MIN,0,16,Home,1498.5452589636595,1634.664513657246,1476.6410751275228,1656.5686974933828
2017_16_ATL_NO,2017,16,2017-12-24,NO,ATL,23,13,Home,1627.6956035922703,1632.2331429188146,1647.0123602787717,1612.9163862323132
2017_16_BUF_NE,2017,16,2017-12-24,NE,BUF,37,16,Home,1722.4126791036442,1493.083876902899,1730.8757817402775,1484.6207742662657
2017_16_CLE_CHI,2017,16,2017-12-24,CHI,CLE,20,3,Home,1398.0610920946237,1216.0514758801855,1408.1625887566317,1205.9499792181775
2017_16_DEN_WAS,2017,16,2017-12-24,WAS,DEN,27,11,Home,1454.1365594476922,1453.1374084404274,1476.48021212613,1430.7937557619896
2017_16_DET_CIN,2017,16,2017-12-24,CIN,DET,26,17,Home,1407.2860613148637,1529.5234048216355,1433.3920957090863,1503.4173704274128
2017_16_JAX_SF,2017,16,2017-12-24,SF,JAX,44,33,Home,1345.1466128669085,1562.0930453451954,1377.9535817771905,1529.2860764349134
2017_16_LAC_NYJ,2017,16,2017-12-24,NYJ,LAC,7,14,Home,1412.0987079622587,1522.1117937080996,1394.3466203140363,1539.863881356322
2017_16_LA_TEN,2017,16,2017-12-24,TEN,LA,23,27,Home,1480.5207145008126,1605.0804217306813,1467.5108390150108,1618.0902972164831
2017_16_MIA_KC,2017,16,2017-12-24,KC,MIA,29,13,Home,1596.882255796147,1442.0215896221152,1608.2161740382357,1430.6876713800266
2017_16_NYG_ARI,2017,16,2017-12-24,ARI,NYG,23,0,Home,1428.863208473665,1346.1502634617154,1446.6942154394096,1328.3192564959709
2017_16_SEA_DAL,2017,16,2017-12-24,DAL,SEA,12,21,Home,1563.6773030611891,1554.2870784831848,1536.7072747357536,1581.2571068086204
2017_16_TB_CAR,2017,16,2017-12-24,CAR,TB,22,19,Home,1593.5559479055491,1414.5565926814556,1598.4749245275673,1409.6376160594375
2017_16_OAK_PHI,2017,16,2017-12-25,PHI,LV,19,10,Home,1665.2411714987431,1465.483360637235,1672.5933341051364,1458.1311980308417
2017_16_PIT_HOU,2017,16,2017-12-25,HOU,PIT,6,34,Home,1385.141819900491,1647.2733213109661,1370.105258355688,1662.3098828557693
2017_17_ARI_SEA,2017,17,2017-12-31,SEA,ARI,24,26,Home,1581.2571068086204,1446.6942154394096,1565.9613436210686,1461.9899786269614
2017_17_BUF_MIA,2017,17,2017-12-31,MIA,BUF,16,22,Home,1430.6876713800266,1484.6207742662657,1410.70944553959,1504.5990001067023
2017_17_CAR_ATL,2017,17,2017-12-31,ATL,CAR,22,10,Home,1612.9163862323132,1598.4749245275673,1632.1082009990732,1579.2831097608073
2017_17_CHI_MIN,2017,17,2017-12-31,MIN,CHI,23,10,Home,1656.5686974933828,1408.1625887566317,1663.0990859817964,1401.6322002682182
2017_17_CIN_BAL,2017,17,2017-12-31,BAL,CIN,27,31,Home,1572.662462705308,1433.3920957090863,1550.153596241691,1455.9009621727032
2017_17_CLE_PIT,2017,17,2017-12-31,PIT,CLE,28,24,Home,1662.3098828557693,1205.9499792181775,1663.5426027853,1204.7172592886468
2017_17_DAL_PHI,2017,17,2017-12-31,PHI,DAL,0,6,Home,1672.5933341051364,1536.7072747357536,1645.4661929243355,1563.8344159165545
2017_17_GB_DET,2017,17,2017-12-31,DET,GB,35,11,Home,1503.4173704274128,1476.6410751275228,1526.3395241899934,1453.7189213649422
2017_17_HOU_IND,2017,17,2017-12-31,IND,HOU,22,13,Home,1330.3212512103153,1370.105258355688,1351.436849349819,1348.9896602161841
2017_17_JAX_TEN,2017,17,2017-12-31,TEN,JAX,15,10,Home,1467.5108390150108,1529.2860764349134,1485.2361525210497,1511.5607629288745
2017_17_KC_DEN,2017,17,2017-12-31,DEN,KC,24,27,Home,1430.7937557619896,1608.2161740382357,1421.7294804538903,1617.280449346335
2017_17_NO_TB,2017,17,2017-12-31,TB,NO,31,24,Home,1409.6376160594375,1647.0123602787717,1437.7736396614644,1618.8763366767448
2017_17_NYJ_NE,2017,17,2017-12-31,NE,NYJ,26,6,Home,1730.8757817402775,1394.3466203140363,1735.5195839934047,1389.702818060909
2017_17_OAK_LAC,2017,17,2017-12-31,LAC,LV,30,10,Home,1539.863881356322,1458.1311980308417,1557.02046157385,1440.9746178133137
2017_17_SF_LA,2017,17,2017-12-31,LA,SF,13,34,Home,1618.0902972164831,1377.9535817771905,1571.7926374682706,1424.2512415254027
2017_17_WAS_NYG,2017,17,2017-12-31,NYG,WAS,18,10,Home,1328.3192564959709,1476.48021212613,1354.4642239947693,1450.3352446273316
2017_18_ATL_LA,2017,18,2018-01-06,LA,ATL,13,26,Home,1571.7926374682706,1632.1082009990732,1545.1030942418538,1658.79774422549
2017_18_TEN_KC,2017,18,2018-01-06,KC,TEN,21,22,Home,1617.280449346335,1485.2361525210497,1607.6535987972857,1494.863003070099
2017_18_BUF_JAX,2017,18,2018-01-07,JAX,BUF,10,3,Home,1511.5607629288745,1504.5990001067023,1527.5845978308566,1488.5751652047202
2017_18_CAR_NO,2017,18,2018-01-07,NO,CAR,31,26,Home,1618.8763366767448,1579.2831097608073,1630.9816876789193,1567.1777587586328
2017_19_ATL_PHI,2017,19,2018-01-13,PHI,ATL,15,10,Home,1645.4661929243355,1658.79774422549,1660.388212423755,1643.8757247260705
2017_19_TEN_NE,2017,19,2018-01-13,NE,TEN,35,14,Home,1735.5195839934047,1494.863003070099,1743.4906898091333,1486.8918972543704
2017_19_JAX_PIT,2017,19,2018-01-14,PIT,JAX,42,45,Home,1663.5426027853,1527.5845978308566,1644.2155013473532,1546.9116992688034
2017_19_NO_MIN,2017,19,2018-01-14,MIN,NO,29,24,Home,1663.0990859817964,1630.9816876789193,1675.5836134292365,1618.4971602314793
2017_20_JAX_NE,2017,20,2018-01-21,NE,JAX,24,20,Home,1743.4906898091333,1546.9116992688034,1748.7140384249979,1541.6883506529389
2017_20_MIN_PHI,2017,20,2018-01-21,PHI,MIN,38,7,Home,1660.388212423755,1675.5836134292365,1689.4532334539942,1646.5185923989973
2017_21_PHI_NE,2017,21,2018-02-04,NE,PHI,33,41,Neutral,1748.7140384249979,1689.4532334539942,1723.703690788603,1714.4635810903892
2018_01_ATL_PHI,2018,1,2018-09-06,PHI,ATL,18,12,Home,1628.6781486542334,1586.3254348356422,1641.6747785781154,1573.3288049117602
2018_01_BUF_BAL,2018,1,2018-09-09,BAL,BUF,47,3,Home,1530.0921577450144,1493.145099122832,1556.0939874371015,1467.143269430745
2018_01_CHI_GB,2018,1,2018-09-09,GB,CHI,24,23,Home,1472.2313528189652,1440.979320160931,1477.0781705397853,1436.1325024401108
2018_01_CIN_IND,2018,1,2018-09-09,IND,CIN,23,34,Home,1410.8621096098914,1473.5405773036218,1385.8733755897647,1498.5293113237485
2018_01_DAL_CAR,2018,1,2018-09-09,CAR,DAL,16,8,Home,1540.3066552551795,1538.3006495499326,1557.567412418981,1521.0398923861312
2018_01_HOU_NE,2018,1,2018-09-09,NE,HOU,27,20,Home,1634.2222144731618,1409.3937961297106,1640.0518457549865,1403.5641648478859
2018_01_JAX_NYG,2018,1,2018-09-09,NYG,JAX,15,20,Home,1412.6785343968616,1525.0130103917631,1397.5133229831686,1540.1782218054561
2018_01_KC_LAC,2018,1,2018-09-09,LAC,KC,28,38,Home,1534.21227694431,1564.5921592783714,1508.2602176985315,1590.5442185241498
2018_01_PIT_CLE,2018,1,2018-09-09,CLE,PIT,21,21,Home,1322.8303555731882,1586.5293008084118,1327.997899640994,1581.3617567406059
2018_01_SEA_DEN,2018,1,2018-09-09,DEN,SEA,27,24,Home,1453.0376882723342,1539.5768061726412,1467.6162283934843,1524.998266051491
2018_01_SF_MIN,2018,1,2018-09-09,MIN,SF,24,16,Home,1587.9111554393983,1454.5507449152415,1597.6653693626201,1444.7965309920196
2018_01_TB_NO,2018,1,2018-09-09,NO,TB,40,48,Home,1571.0982961388875,1462.6641837968787,1541.3329268531236,1492.4295530826425
2018_01_TEN_MIA,2018,1,2018-09-09,MIA,TEN,27,20,Home,1446.425667323754,1492.135138352622,1465.8959836102088,1472.6648220661673
2018_01_WAS_ARI,2018,1,2018-09-09,ARI,WAS,6,24,Home,1477.193987176177,1470.201146776399,1442.8578304107286,1504.5373035418472
2018_01_LA_OAK,2018,1,2018-09-10,LV,LA,13,33,Home,1464.584770687988,1527.0618565451123,1433.9535984572642,1557.6930287758362
2018_01_NYJ_DET,2018,1,2018-09-10,DET,NYJ,17,48,Home,1515.803714513996,1433.8216908365453,1470.3384381809005,1479.2869671696408
2018_02_BAL_CIN,2018,2,2018-09-13,CIN,BAL,34,23,Home,1498.5293113237485,1556.0939874371015,1522.7647661049716,1531.8585326558784
2018_02_ARI_LA,2018,2,2018-09-16,LA,ARI,34,0,Home,1557.6930287758362,1442.8578304107286,1574.9201417893196,1425.630717397245
2018_02_CAR_ATL,2018,2,2018-09-16,ATL,CAR,31,24,Home,1573.3288049117602,1557.567412418981,1588.8065914585636,1542.0896258721775
2018_02_CLE_NO,2018,2,2018-09-16,NO,CLE,21,18,Home,1541.3329268531236,1327.997899640994,1545.4596530974893,1323.8711733966284
2018_02_DET_SF,2018,2,2018-09-16,SF,DET,30,27,Home,1444.7965309920196,1470.3384381809005,1456.8751646341013,1458.2598045388188
2018_02_HOU_TEN,2018,2,2018-09-16,TEN,HOU,20,17,Home,1472.6648220661673,1403.5641648478859,1480.9243631302695,1395.3046237837837
2018_02_IND_WAS,2018,2,2018-09-16,WAS,IND,9,21,Home,1504.5373035418472,1385.8733755897647,1469.3984788561572,1421.0122002754547
2018_02_KC_PIT,2018,2,2018-09-16,PIT,KC,37,42,Home,1581.3617567406059,1590.5442185241498,1561.104079082713,1610.8018961820426
2018_02_LAC_BUF,2018,2,2018-09-16,BUF,LAC,20,31,Home,1467.143269430745,1508.2602176985315,1440.8739182743936,1534.5295688548829
2018_02_MIA_NYJ,2018,2,2018-09-16,NYJ,MIA,12,20,Home,1479.2869671696408,1465.8959836102088,1453.363345558079,1491.8196052217704
2018_02_MIN_GB,2018,2,2018-09-16,GB,MIN,29,29,Home,1477.0781705397853,1597.6653693626201,1478.664585582172,1596.0789543202334
2018_02_NE_JAX,2018,2,2018-09-16,JAX,NE,31,20,Home,1540.1782218054561,1640.0518457549865,1567.0866123175317,1613.143455242911
2018_02_NYG_DAL,2018,2,2018-09-16,DAL,NYG,20,13,Home,1521.0398923861312,1397.5133229831686,1530.7127692144777,1387.840446154822
2018_02_OAK_DEN,2018,2,2018-09-16,DEN,LV,20,19,Home,1467.6162283934843,1433.9535984572642,1472.4153750767002,1429.1544517740483
2018_02_PHI_TB,2018,2,2018-09-16,TB,PHI,27,21,Home,1492.4295530826425,1641.6747785781154,1515.6283376699635,1618.4759939907944
2018_02_SEA_CHI,2018,2,2018-09-17,CHI,SEA,24,17,Home,1436.1325024401108,1524.998266051491,1458.1146051178464,1503.0161633737555
2018_03_NYJ_CLE,2018,3,2018-09-20,CLE,NYJ,21,17,Home,1323.8711733966284,1453.363345558079,1342.3767167427457,1434.8578022119616
2018_03_BUF_MIN,2018,3,2018-09-23,MIN,BUF,6,27,Home,1596.0789543202334,1440.8739182743936,1552.227409632548,1484.725462962079
2018_03_CHI_ARI,2018,3,2018-09-23,ARI,CHI,14,16,Home,1425.630717397245,1458.1146051178464,1413.794348966099,1469.9509735489924
2018_03_CIN_CAR,2018,3,2018-09-23,CAR,CIN,31,21,Home,1542.0896258721775,1522.7647661049716,1559.6859206303734,1505.1684713467757
2018_03_DAL_SEA,2018,3,2018-09-23,SEA,DAL,24,13,Home,1503.0161633737555,1530.7127692144777,1524.8374417709022,1508.891490817331
2018_03_DEN_BAL,2018,3,2018-09-23,BAL,DEN,27,14,Home,1531.8585326558784,1472.4153750767002,1548.2537357293004,1456.0201720032783
2018_03_GB_WAS,2018,3,2018-09-23,WAS,GB,31,17,Home,1469.3984788561572,1478.664585582172,1491.6090698950256,1456.4539945433037
2018_03_IND_PHI,2018,3,2018-09-23,PHI,IND,20,16,Home,1618.4759939907944,1421.0122002754547,1623.6757350624796,1415.8124592037695
2018_03_LAC_LA,2018,3,2018-09-23,LA,LAC,35,23,Home,1574.9201417893196,1534.5295688548829,1592.1919264847245,1517.257784159478
2018_03_NE_DET,2018,3,2018-09-23,DET,NE,26,10,Home,1458.2598045388188,1613.143455242911,1492.3688048506922,1579.0344549310375
2018_03_NO_ATL,2018,3,2018-09-23,ATL,NO,37,43,Home,1588.8065914585636,1545.4596530974893,1564.6578570559047,1569.6083875001482
2018_03_NYG_HOU,2018,3,2018-09-23,HOU,NYG,22,27,Home,1395.3046237837837,1387.840446154822,1374.3920652929658,1408.75300464564
2018_03_OAK_MIA,2018,3,2018-09-23,MIA,LV,28,20,Home,1491.8196052217704,1429.1544517740483,1505.2817124598296,1415.6923445359892
2018_03_SF_KC,2018,3,2018-09-23,KC,SF,38,27,Home,1610.8018961820426,1456.8751646341013,1620.7880579572557,1446.8890028588883
2018_03_TEN_JAX,2018,3,2018-09-23,JAX,TEN,6,9,Home,1567.0866123175317,1480.9243631302695,1548.802307063003,1499.2086683847983
2018_03_PIT_TB,2018,3,2018-09-24,TB,PIT,27,30,Home,1515.6283376699635,1561.104079082713,1501.115972673601,1575.6164440790756
2018_04_MIN_LA,2018,4,2018-09-27,LA,MIN,38,31,Home,1592.1919264847245,1552.227409632548,1606.2192381678553,1538.2000979494171
2018_04_BAL_PIT,2018,4,2018-09-30,PIT,BAL,14,26,Home,1575.6164440790756,1548.2537357293004,1544.6063694600728,1579.2638103483032
2018_04_BUF_GB,2018,4,2018-09-30,GB,BUF,22,0,Home,1456.4539945433037,1484.725462962079,1484.0459555229127,1457.13350198247
2018_04_CIN_ATL,2018,4,2018-09-30,ATL,CIN,36,37,Home,1564.6578570559047,1505.1684713467757,1555.8426885213132,1513.9836398813673
2018_04_CLE_OAK,2018,4,2018-09-30,LV,CLE,45,42,Home,1415.6923445359892,1342.3767167427457,1423.8007942945937,1334.268266984141
2018_04_DET_DAL,2018,4,2018-09-30,DAL,DET,26,24,Home,1508.891490817331,1492.3688048506922,1517.0440083791507,1484.2162872888725
2018_04_HOU_IND,2018,4,2018-09-30,IND,HOU,34,37,Home,1415.8124592037695,1374.3920652929658,1398.6609255727872,1391.5435989239481
2018_04_MIA_NE,2018,4,2018-09-30,NE,MIA,38,7,Home,1579.0344549310375,1505.2817124598296,1599.2666618843357,1485.0495055065314
2018_04_NO_NYG,2018,4,2018-09-30,NYG,NO,18,33,Home,1408.75300464564,1569.6083875001482,1389.3342577074993,1589.0271344382888
2018_04_NYJ_JAX,2018,4,2018-09-30,JAX,NYJ,31,12,Home,1548.802307063003,1434.8578022119616,1563.378295286056,1420.2818139889084
2018_04_PHI_TEN,2018,4,2018-09-30,TEN,PHI,26,23,Home,1499.2086683847983,1623.6757350624796,1514.994784282449,1607.889619164829
2018_04_SEA_ARI,2018,4,2018-09-30,ARI,SEA,17,20,Home,1413.794348966099,1524.8374417709022,1402.0046232485442,1536.627167488457
2018_04_SF_LAC,2018,4,2018-09-30,LAC,SF,29,27,Home,1517.257784159478,1446.8890028588883,1523.7671430529194,1440.3796439654468
2018_04_TB_CHI,2018,4,2018-09-30,CHI,TB,48,10,Home,1469.9509735489924,1501.115972673601,1502.5290322387114,1468.537913983882
2018_04_KC_DEN,2018,4,2018-10-01,DEN,KC,23,27,Home,1456.0201720032783,1620.7880579572557,1444.9274453993746,1631.8807845611593
2018_05_IND_NE,2018,5,2018-10-04,NE,IND,38,24,Home,1599.2666618843357,1398.6609255727872,1607.8759120908646,1390.0516753662582
2018_05_ARI_SF,2018,5,2018-10-07,SF,ARI,18,28,Home,1440.3796439654468,1402.0046232485442,1410.8566473479482,1431.5276198660429
2018_05_ATL_PIT,2018,5,2018-10-07,PIT,ATL,41,17,Home,1544.6063694600728,1555.8426885213132,1571.203499851292,1529.245558130094
2018_05_BAL_CLE,2018,5,2018-10-07,CLE,BAL,12,9,Home,1334.268266984141,1579.2638103483032,1353.1851505807908,1560.3469267516534
2018_05_DAL_HOU,2018,5,2018-10-07,HOU,DAL,19,16,Home,1391.5435989239481,1517.0440083791507,1407.3614534175786,1501.2261538855203
2018_05_DEN_NYJ,2018,5,2018-10-07,NYJ,DEN,34,16,Home,1420.2818139889084,1444.9274453993746,1445.8525169996803,1419.3567423886027
2018_05_GB_DET,2018,5,2018-10-07,DET,GB,31,23,Home,1484.2162872888725,1484.0459555229127,1501.599799277418,1466.6624435343672
2018_05_JAX_KC,2018,5,2018-10-07,KC,JAX,30,14,Home,1631.8807845611593,1563.378295286056,1648.8051842850336,1546.4538955621817
2018_05_LA_SEA,2018,5,2018-10-07,SEA,LA,31,33,Home,1536.627167488457,1606.2192381678553,1525.808821379606,1617.0375842767064
2018_05_MIA_CIN,2018,5,2018-10-07,CIN,MIA,27,17,Home,1513.9836398813673,1485.0495055065314,1530.9102972115988,1468.1228481762998
2018_05_MIN_PHI,2018,5,2018-10-07,PHI,MIN,21,23,Home,1607.889619164829,1538.2000979494171,1593.7136829030096,1552.3760342112364
2018_05_NYG_CAR,2018,5,2018-10-07,CAR,NYG,33,31,Home,1559.6859206303734,1389.3342577074993,1563.756679854509,1385.2634984833637
2018_05_OAK_LAC,2018,5,2018-10-07,LAC,LV,26,10,Home,1523.7671430529194,1423.8007942945937,1538.4716356429974,1409.0963017045158
2018_05_TEN_BUF,2018,5,2018-10-07,BUF,TEN,13,12,Home,1457.13350198247,1514.994784282449,1463.9006152846805,1508.2276709802386
2018_05_WAS_NO,2018,5,2018-10-08,NO,WAS,43,19,Home,1589.0271344382888,1491.6090698950256,1605.9287146842555,1474.707489649059
2018_06_PHI_NYG,2018,6,2018-10-11,NYG,PHI,13,34,Home,1385.2634984833637,1593.7136829030096,1367.5889674497598,1611.3882139366135
2018_06_ARI_MIN,2018,6,2018-10-14,MIN,ARI,27,17,Home,1552.3760342112364,1431.5276198660429,1563.6719467654862,1420.2317073117931
2018_06_BAL_TEN,2018,6,2018-10-14,TEN,BAL,0,21,Home,1508.2276709802386,1560.3469267516534,1476.3583963611159,1592.2162013707762
2018_06_BUF_HOU,2018,6,2018-10-14,HOU,BUF,20,13,Home,1407.3614534175786,1463.9006152846805,1427.5718522464722,1443.6902164557869
2018_06_CAR_WAS,2018,6,2018-10-14,WAS,CAR,23,17,Home,1474.707489649059,1563.756679854509,1495.2864285600967,1543.1777409434712
2018_06_CHI_MIA,2018,6,2018-10-14,MIA,CHI,31,28,Home,1468.1228481762998,1502.5290322387114,1480.5947824358923,1490.057097979119
2018_06_IND_NYJ,2018,6,2018-10-14,NYJ,IND,42,34,Home,1445.8525169996803,1390.0516753662582,1459.7175108957256,1376.186681470213
2018_06_JAX_DAL,2018,6,2018-10-14,DAL,JAX,40,7,Home,1501.2261538855203,1546.4538955621817,1534.188852916495,1513.491196531207
2018_06_KC_NE,2018,6,2018-10-14,NE,KC,43,40,Home,1607.8759120908646,1648.8051842850336,1620.6402909776693,1636.040805398229
2018_06_LAC_CLE,2018,6,2018-10-14,CLE,LAC,14,38,Home,1353.1851505807908,1538.4716356429974,1332.8286464352743,1558.828139788514
2018_06_LA_DEN,2018,6,2018-10-14,DEN,LA,20,23,Home,1419.3567423886027,1617.0375842767064,1411.045906372147,1625.348420293162
2018_06_PIT_CIN,2018,6,2018-10-14,CIN,PIT,21,28,Home,1530.9102972115988,1571.203499851292,1508.8869693576896,1593.2268277052012
2018_06_SEA_OAK,2018,6,2018-10-14,LV,SEA,3,27,Neutral,1409.0963017045158,1525.808821379606,1388.4278777612503,1546.4772453228713
2018_06_TB_ATL,2018,6,2018-10-14,ATL,TB,34,29,Home,1529.245558130094,1468.537913983882,1540.3165171636028,1457.466954950373
2018_06_SF_GB,2018,6,2018-10-15,GB,SF,33,30,Home,1466.6624435343672,1410.8566473479482,1475.4100955886895,1402.1089952936259
2018_07_DEN_ARI,2018,7,2018-10-18,ARI,DEN,10,45,Home,1420.2317073117931,1411.045906372147,1378.2739038893574,1453.0037097945828
2018_07_BUF_IND,2018,7,2018-10-21,IND,BUF,37,5,Home,1376.186681470213,1443.6902164557869,1411.363672044372,1408.513225881628
2018_07_CAR_PHI,2018,7,2018-10-21,PHI,CAR,17,21,Home,1611.3882139366135,1543.1777409434712,1590.6635553229287,1563.902399557156
2018_07_CIN_KC,2018,7,2018-10-21,KC,CIN,45,10,Home,1636.040805398229,1508.8869693576896,1652.4264483259442,1492.5013264299744
2018_07_CLE_TB,2018,7,2018-10-21,TB,CLE,26,23,Home,1457.466954950373,1332.8286464352743,1463.8817547110377,1326.4138466746097
2018_07_DAL_WAS,2018,7,2018-10-21,WAS,DAL,20,17,Home,1495.2864285600967,1534.188852916495,1507.9596762916572,1521.5156051849347
2018_07_DET_MIA,2018,7,2018-10-21,MIA,DET,21,32,Home,1480.5947824358923,1501.599799277418,1453.1643909403997,1529.0301907729106
2018_07_HOU_JAX,2018,7,2018-10-21,JAX,HOU,7,20,Home,1513.491196531207,1427.5718522464722,1478.6945543953925,1462.3684943822866
2018_07_LA_SF,2018,7,2018-10-21,SF,LA,10,39,Home,1402.1089952936259,1625.348420293162,1383.9078068949202,1643.5496086918677
2018_07_MIN_NYJ,2018,7,2018-10-21,NYJ,MIN,17,37,Home,1459.7175108957256,1563.6719467654862,1433.1421280008399,1590.2473296603719
2018_07_NE_CHI,2018,7,2018-10-21,CHI,NE,31,38,Home,1490.057097979119,1620.6402909776693,1473.6315985573094,1637.0657903994788
2018_07_NO_BAL,2018,7,2018-10-21,BAL,NO,23,24,Home,1592.2162013707762,1605.9287146842555,1584.449943531548,1613.6949725234838
2018_07_TEN_LAC,2018,7,2018-10-21,LAC,TEN,20,19,Neutral,1558.828139788514,1476.3583963611159,1563.952437806026,1471.2340983436038
2018_07_NYG_ATL,2018,7,2018-10-22,ATL,NYG,23,20,Home,1540.3165171636028,1367.5889674497598,1545.3926710449994,1362.5128135683633
2018_08_MIA_HOU,2018,8,2018-10-25,HOU,MIA,42,23,Home,1462.3684943822866,1453.1643909403997,1485.2513568169363,1430.28152850575
2018_08_BAL_CAR,2018,8,2018-10-28,CAR,BAL,36,21,Home,1563.902399557156,1584.449943531548,1587.6208960463728,1560.7314470423312
2018_08_CLE_PIT,2018,8,2018-10-28,PIT,CLE,33,18,Home,1593.2268277052012,1326.4138466746097,1599.4413195819914,1320.1993547978195
2018_08_DEN_KC,2018,8,2018-10-28,KC,DEN,30,23,Home,1652.4264483259442,1453.0037097945828,1659.0775395871672,1446.3526185333599
2018_08_GB_LA,2018,8,2018-10-28,LA,GB,29,27,Home,1643.5496086918677,1475.4100955886895,1647.6654677342742,1471.294236546283
2018_08_IND_OAK,2018,8,2018-10-28,LV,IND,28,42,Home,1388.4278777612503,1411.363672044372,1358.6539322032124,1441.1376176024098
2018_08_NO_MIN,2018,8,2018-10-28,MIN,NO,20,30,Home,1590.2473296603719,1613.6949725234838,1563.9115694571046,1640.030732726751
2018_08_NYJ_CHI,2018,8,2018-10-28,CHI,NYJ,24,10,Home,1473.6315985573094,1433.1421280008399,1491.859491680731,1414.9142348774183
2018_08_PHI_JAX,2018,8,2018-10-28,JAX,PHI,18,24,Neutral,1478.6945543953925,1590.6635553229287,1465.9469297308688,1603.4111799874524
2018_08_SEA_DET,2018,8,2018-10-28,DET,SEA,14,28,Home,1529.0301907729106,1546.4772453228713,1498.9170904829507,1576.5903456128312
2018_08_SF_ARI,2018,8,2018-10-28,ARI,SF,18,15,Home,1378.2739038893574,1383.9078068949202,1389.4882670616266,1372.693443722651
2018_08_TB_CIN,2018,8,2018-10-28,CIN,TB,37,34,Home,1492.5013264299744,1463.8817547110377,1502.2996738588954,1454.0834072821167
2018_08_WAS_NYG,2018,8,2018-10-28,NYG,WAS,13,20,Home,1362.5128135683633,1507.9596762916572,1347.0156748101692,1523.4568150498512
2018_08_NE_BUF,2018,8,2018-10-29,BUF,NE,6,25,Home,1408.513225881628,1637.0657903994788,1392.8644975456461,1652.7145187354606
2018_09_OAK_SF,2018,9,2018-11-01,SF,LV,34,3,Home,1372.693443722651,1358.6539322032124,1398.6665795328324,1332.680796393031
2018_09_ATL_WAS,2018,9,2018-11-04,WAS,ATL,14,38,Home,1523.4568150498512,1545.3926710449994,1487.9928074536958,1580.8566786411548
2018_09_CHI_BUF,2018,9,2018-11-04,BUF,CHI,9,41,Home,1392.8644975456461,1491.859491680731,1361.7898928131456,1522.9340964132316
2018_09_DET_MIN,2018,9,2018-11-04,MIN,DET,24,9,Home,1563.9115694571046,1498.9170904829507,1580.7284432548445,1482.1002166852109
2018_09_GB_NE,2018,9,2018-11-04,NE,GB,31,17,Home,1652.7145187354606,1471.294236546283,1662.2070037159576,1461.801751565786
2018_09_HOU_DEN,2018,9,2018-11-04,DEN,HOU,17,19,Home,1446.3526185333599,1485.2513568169363,1434.681179593464,1496.922795756832
2018_09_KC_CLE,2018,9,2018-11-04,CLE,KC,21,37,Home,1320.1993547978195,1659.0775395871672,1311.5682771173504,1667.7086172676363
2018_09_LAC_SEA,2018,9,2018-11-04,SEA,LAC,17,25,Home,1576.5903456128312,1563.952437806026,1550.7019110173349,1589.8408724015223
2018_09_LA_NO,2018,9,2018-11-04,NO,LA,45,35,Home,1640.030732726751,1647.6654677342742,1659.5764413852937,1628.1197590757315
2018_09_NYJ_MIA,2018,9,2018-11-04,MIA,NYJ,13,6,Home,1430.28152850575,1414.9142348774183,1445.7835649178846,1399.4121984652836
2018_09_PIT_BAL,2018,9,2018-11-04,BAL,PIT,16,23,Home,1560.7314470423312,1599.4413195819914,1538.6306398002441,1621.5421268240784
2018_09_TB_CAR,2018,9,2018-11-04,CAR,TB,42,28,Home,1587.6208960463728,1454.0834072821167,1599.6326619908234,1442.071641337666
2018_09_TEN_DAL,2018,9,2018-11-05,DAL,TEN,14,28,Home,1521.5156051849347,1471.2340983436038,1487.545515800582,1505.2041877279564
2018_10_CAR_PIT,2018,10,2018-11-08,PIT,CAR,52,21,Home,1621.5421268240784,1599.6326619908234,1646.7121847161939,1574.462604098708
2018_10_ARI_KC,2018,10,2018-11-11,KC,ARI,26,14,Home,1667.7086172676363,1389.4882670616266,1673.1124611458972,1384.0844231833657
2018_10_ATL_CLE,2018,10,2018-11-11,CLE,ATL,28,16,Home,1311.5682771173504,1580.8566786411548,1347.4411009716378,1544.9838547868674
2018_10_BUF_NYJ,2018,10,2018-11-11,NYJ,BUF,10,41,Home,1399.4121984652836,1361.7898928131456,1356.793735789753,1404.408355488676
2018_10_DAL_PHI,2018,10,2018-11-11,PHI,DAL,20,27,Home,1603.4111799874524,1487.545515800582,1575.009060316933,1515.9476354711014
2018_10_DET_CHI,2018,10,2018-11-11,CHI,DET,34,22,Home,1522.9340964132316,1482.1002166852109,1540.174051847807,1464.8602612506354
2018_10_JAX_IND,2018,10,2018-11-11,IND,JAX,29,26,Home,1441.1376176024098,1465.9469297308688,1453.1839684726058,1453.9005788606728
2018_10_LAC_OAK,2018,10,2018-11-11,LV,LAC,6,20,Home,1332.680796393031,1589.8408724015223,1320.2986014066948,1602.2230673878585
2018_10_MIA_GB,2018,10,2018-11-11,GB,MIA,31,12,Home,1461.801751565786,1445.7835649178846,1484.0769630490393,1423.5083534346313
2018_10_NE_TEN,2018,10,2018-11-11,TEN,NE,34,10,Home,1505.2041877279564,1662.2070037159576,1544.0964492834555,1623.3147421604585
2018_10_NO_CIN,2018,10,2018-11-11,CIN,NO,14,51,Home,1502.2996738588954,1659.5764413852937,1476.448388949988,1685.4277262942012
2018_10_SEA_LA,2018,10,2018-11-11,LA,SEA,36,31,Home,1628.1197590757315,1550.7019110173349,1638.4119358894802,1540.4097342035861
2018_10_WAS_TB,2018,10,2018-11-11,TB,WAS,3,16,Home,1442.071641337666,1487.9928074536958,1414.4726732288568,1515.591775562505
2018_10_NYG_SF,2018,10,2018-11-12,SF,NYG,23,27,Home,1398.6665795328324,1347.0156748101692,1378.4355431213137,1367.246711221688
2018_11_GB_SEA,2018,11,2018-11-15,SEA,GB,27,24,Home,1540.4097342035861,1484.0769630490393,1549.1377093232088,1475.3489879294166
2018_11_CAR_DET,2018,11,2018-11-18,DET,CAR,20,19,Home,1464.8602612506354,1574.462604098708,1472.5213903366737,1566.8014750126697
2018_11_CIN_BAL,2018,11,2018-11-18,BAL,CIN,24,21,Home,1538.6306398002441,1476.448388949988,1547.1420153922504,1467.9370133579816
2018_11_DAL_ATL,2018,11,2018-11-18,ATL,DAL,19,22,Home,1544.9838547868674,1515.9476354711014,1528.1762293105917,1532.755260947377
2018_11_DEN_LAC,2018,11,2018-11-18,LAC,DEN,22,23,Home,1602.2230673878585,1434.681179593464,1592.2899168293184,1444.6143301520042
2018_11_HOU_WAS,2018,11,2018-11-18,WAS,HOU,21,23,Home,1515.591775562505,1496.922795756832,1502.5075832835448,1510.0069880357923
2018_11_MIN_CHI,2018,11,2018-11-18,CHI,MIN,25,20,Home,1540.174051847807,1580.7284432548445,1556.6499643081784,1564.2525307944732
2018_11_OAK_ARI,2018,11,2018-11-18,ARI,LV,21,23,Home,1384.0844231833657,1320.2986014066948,1370.0257935126506,1334.35723107741
2018_11_PHI_NO,2018,11,2018-11-18,NO,PHI,48,7,Home,1685.4277262942012,1575.009060316933,1703.9143855477255,1556.5224010634088
2018_11_PIT_JAX,2018,11,2018-11-18,JAX,PIT,16,20,Home,1453.9005788606728,1646.7121847161939,1444.0460014214652,1656.5667621554014
2018_11_TB_NYG,2018,11,2018-11-18,NYG,TB,38,35,Home,1367.246711221688,1414.4726732288568,1380.2956514624066,1401.4237329881382
2018_11_TEN_IND,2018,11,2018-11-18,IND,TEN,38,10,Home,1453.1839684726058,1544.0964492834555,1488.9425026792062,1508.337915076855
2018_11_KC_LA,2018,11,2018-11-19,LA,KC,54,51,Home,1638.4119358894802,1673.1124611458972,1650.8970124898178,1660.6273845455596
2018_12_ATL_NO,2018,12,2018-11-22,NO,ATL,31,17,Home,1703.9143855477255,1528.1762293105917,1713.6820304937496,1518.4085843645676
2018_12_CHI_DET,2018,12,2018-11-22,DET,CHI,16,23,Home,1472.5213903366737,1556.6499643081784,1453.0400727594576,1576.1312818853944
2018_12_WAS_DAL,2018,12,2018-11-22,DAL,WAS,31,23,Home,1532.755260947377,1502.5075832835448,1548.182513948523,1487.080330282399
2018_12_ARI_LAC,2018,12,2018-11-25,LAC,ARI,45,10,Home,1592.2899168293184,1370.0257935126506,1602.4720551975893,1359.8436551443797
2018_12_CLE_CIN,2018,12,2018-11-25,CIN,CLE,20,35,Home,1467.9370133579816,1347.4411009716378,1429.8798429443698,1385.4982713852496
2018_12_GB_MIN,2018,12,2018-11-25,MIN,GB,24,17,Home,1564.2525307944732,1475.3489879294166,1575.6004646332292,1464.0010540906605
2018_12_JAX_BUF,2018,12,2018-11-25,BUF,JAX,24,21,Home,1404.408355488676,1444.0460014214652,1417.1146333159343,1431.339723594207
2018_12_MIA_IND,2018,12,2018-11-25,IND,MIA,27,24,Home,1488.9425026792062,1423.5083534346313,1497.3349165146765,1415.115939599161
2018_12_NE_NYJ,2018,12,2018-11-25,NYJ,NE,13,27,Home,1356.793735789753,1623.3147421604585,1344.9524199300777,1635.156058020134
2018_12_NYG_PHI,2018,12,2018-11-25,PHI,NYG,25,22,Home,1556.5224010634088,1380.2956514624066,1561.5103766133582,1375.3076759124572
2018_12_OAK_BAL,2018,12,2018-11-25,BAL,LV,34,17,Home,1547.1420153922504,1334.35723107741,1555.7707079514214,1325.728538518239
2018_12_PIT_DEN,2018,12,2018-11-25,DEN,PIT,24,17,Home,1444.6143301520042,1656.5667621554014,1471.8924446175354,1629.2886476898702
2018_12_SEA_CAR,2018,12,2018-11-25,CAR,SEA,27,30,Home,1566.8014750126697,1549.1377093232088,1550.320315190848,1565.6188691450304
2018_12_SF_TB,2018,12,2018-11-25,TB,SF,27,9,Home,1401.4237329881382,1378.4355431213137,1422.7152052848435,1357.1440708246084
2018_12_TEN_HOU,2018,12,2018-11-26,HOU,TEN,34,17,Home,1510.0069880357923,1508.337915076855,1532.7425060326634,1485.602397079984
2018_13_NO_DAL,2018,13,2018-11-29,DAL,NO,13,10,Home,1548.182513948523,1713.6820304937496,1565.1711744163576,1696.6933700259149
2018_13_ARI_GB,2018,13,2018-12-02,GB,ARI,17,20,Home,1464.0010540906605,1359.8436551443797,1445.3127170489656,1378.5319921860746
2018_13_BAL_ATL,2018,13,2018-12-02,ATL,BAL,16,26,Home,1518.4085843645676,1555.7707079514214,1492.847280599853,1581.3320117161359
2018_13_BUF_MIA,2018,13,2018-12-02,MIA,BUF,21,17,Home,1415.115939599161,1417.1146333159343,1427.9557659959028,1404.2748069191925
2018_13_CAR_TB,2018,13,2018-12-02,TB,CAR,24,17,Home,1422.7152052848435,1550.320315190848,1446.5386336907784,1526.4968867849132
2018_13_CHI_NYG,2018,13,2018-12-02,NYG,CHI,30,27,Home,1375.3076759124572,1576.1312818853944,1393.2237919634945,1558.215165834357
2018_13_CLE_HOU,2018,13,2018-12-02,HOU,CLE,29,13,Home,1532.7425060326634,1385.4982713852496,1544.5057967856296,1373.7349806322834
2018_13_DEN_CIN,2018,13,2018-12-02,CIN,DEN,10,24,Home,1429.8798429443698,1471.8924446175354,1401.3087562591652,1500.46353130274
2018_13_IND_JAX,2018,13,2018-12-02,JAX,IND,6,0,Home,1431.339723594207,1497.3349165146765,1450.8457397450309,1477.8289003638527
2018_13_KC_OAK,2018,13,2018-12-02,LV,KC,33,40,Home,1325.728538518239,1660.6273845455596,1319.2621807889768,1667.0937422748218
2018_13_LAC_PIT,2018,13,2018-12-02,PIT,LAC,30,33,Home,1629.2886476898702,1602.4720551975893,1612.543957331394,1619.2167455560655
2018_13_LA_DET,2018,13,2018-12-02,DET,LA,16,30,Home,1453.0400727594576,1650.8970124898178,1436.8177584348814,1667.119326814394
2018_13_MIN_NE,2018,13,2018-12-02,NE,MIN,24,10,Home,1635.156058020134,1575.6004646332292,1651.971753065351,1558.784769588012
2018_13_NYJ_TEN,2018,13,2018-12-02,TEN,NYJ,26,22,Home,1485.602397079984,1344.9524199300777,1492.501463808684,1338.0533532013776
2018_13_SF_SEA,2018,13,2018-12-02,SEA,SF,43,16,Home,1565.6188691450304,1357.1440708246084,1575.7912774464908,1346.971662523148
2018_13_WAS_PHI,2018,13,2018-12-03,PHI,WAS,28,13,Home,1561.5103766133582,1487.080330282399,1577.6479764441528,1470.9427304516043
2018_14_JAX_TEN,2018,14,2018-12-06,TEN,JAX,30,9,Home,1492.501463808684,1450.8457397450309,1513.2064782296611,1430.1407253240538
2018_14_ATL_GB,2018,14,2018-12-09,GB,ATL,34,20,Home,1445.3127170489656,1492.847280599853,1470.8304583628544,1467.3295392859643
2018_14_BAL_KC,2018,14,2018-12-09,KC,BAL,27,24,Home,1667.0937422748218,1581.3320117161359,1674.766514056064,1573.6592399348938
2018_14_CAR_CLE,2018,14,2018-12-09,CLE,CAR,26,20,Home,1373.7349806322834,1526.4968867849132,1397.0763615554404,1503.1555058617562
2018_14_CIN_LAC,2018,14,2018-12-09,LAC,CIN,26,21,Home,1619.2167455560655,1401.3087562591652,1624.4250084648745,1396.1004933503561
2018_14_DEN_SF,2018,14,2018-12-09,SF,DEN,20,14,Home,1346.971662523148,1500.46353130274,1370.3424768858592,1477.0927169400288
2018_14_DET_ARI,2018,14,2018-12-09,ARI,DET,3,17,Home,1378.5319921860746,1436.8177584348814,1351.012209708149,1464.337540912807
2018_14_IND_HOU,2018,14,2018-12-09,HOU,IND,21,24,Home,1544.5057967856296,1477.8289003638527,1526.6929023988132,1495.641794750669
2018_14_LA_CHI,2018,14,2018-12-09,CHI,LA,15,6,Home,1558.215165834357,1667.119326814394,1583.6281667019282,1641.706325946823
2018_14_NE_MIA,2018,14,2018-12-09,MIA,NE,34,33,Home,1427.9557659959028,1651.971753065351,1437.1879591622776,1642.7395598989763
2018_14_NO_TB,2018,14,2018-12-09,TB,NO,14,28,Home,1446.5386336907784,1696.6933700259149,1433.7399687328702,1709.492034983823
2018_14_NYG_WAS,2018,14,2018-12-09,WAS,NYG,16,40,Home,1470.9427304516043,1393.2237919634945,1428.952273602624,1435.2142488124748
2018_14_NYJ_BUF,2018,14,2018-12-09,BUF,NYJ,23,27,Home,1404.2748069191925,1338.0533532013776,1383.6079482945293,1358.720211826041
2018_14_PHI_DAL,2018,14,2018-12-09,DAL,PHI,29,23,Home,1565.1711744163576,1577.6479764441528,1581.3251118317778,1561.4940390287327
2018_14_PIT_OAK,2018,14,2018-12-09,LV,PIT,24,21,Home,1319.2621807889768,1612.543957331394,1339.061224078833,1592.7449140415379
2018_14_MIN_SEA,2018,14,2018-12-10,SEA,MIN,21,7,Home,1575.7912774464908,1558.784769588012,1595.848342390395,1538.727704644108
2018_15_LAC_KC,2018,15,2018-12-13,KC,LAC,28,29,Home,1674.766514056064,1624.4250084648745,1666.070801650273,1633.1207208706653
2018_15_CLE_DEN,2018,15,2018-12-15,DEN,CLE,16,17,Home,1477.0927169400288,1397.0763615554404,1468.0230283347703,1406.146050160699
2018_15_HOU_NYJ,2018,15,2018-12-15,NYJ,HOU,22,29,Home,1358.720211826041,1526.6929023988132,1344.5765041959119,1540.8366100289422
2018_15_ARI_ATL,2018,15,2018-12-16,ATL,ARI,40,14,Home,1467.3295392859643,1351.012209708149,1483.1889990077173,1335.152749986396
2018_15_DAL_IND,2018,15,2018-12-16,IND,DAL,23,0,Home,1495.641794750669,1581.3251118317778,1528.9984375286358,1547.968469053811
2018_15_DET_BUF,2018,15,2018-12-16,BUF,DET,14,13,Home,1383.6079482945293,1464.337540912807,1390.801584050898,1457.1439051564382
2018_15_GB_CHI,2018,15,2018-12-16,CHI,GB,24,17,Home,1583.6281667019282,1470.8304583628544,1593.8000665805914,1460.6585584841912
2018_15_MIA_MIN,2018,15,2018-12-16,MIN,MIA,41,17,Home,1538.727704644108,1437.1879591622776,1555.3138844785205,1420.601779327865
2018_15_NE_PIT,2018,15,2018-12-16,PIT,NE,17,10,Home,1592.7449140415379,1642.7395598989763,1612.5070102447442,1622.97746369577
2018_15_OAK_CIN,2018,15,2018-12-16,CIN,LV,30,16,Home,1396.1004933503561,1339.061224078833,1413.0986655481654,1322.0630518810237
2018_15_PHI_LA,2018,15,2018-12-16,LA,PHI,23,30,Home,1641.706325946823,1561.4940390287327,1614.4902487919817,1588.710116183574
2018_15_SEA_SF,2018,15,2018-12-16,SF,SEA,26,23,Home,1370.3424768858592,1595.848342390395,1388.8403723501947,1577.3504469260595
2018_15_TB_BAL,2018,15,2018-12-16,BAL,TB,20,12,Home,1573.6592399348938,1433.7399687328702,1583.1111687793075,1424.2880398884565
2018_15_TEN_NYG,2018,15,2018-12-16,NYG,TEN,0,17,Home,1435.2142488124748,1513.2064782296611,1407.5542198185465,1540.8665072235895
2018_15_WAS_JAX,2018,15,2018-12-16,JAX,WAS,13,16,Home,1430.1407253240538,1428.952273602624,1414.1494133786016,1444.9435855480763
2018_15_NO_CAR,2018,15,2018-12-17,CAR,NO,9,12,Home,1503.1555058617562,1709.492034983823,1495.1542464209044,1717.4932944246748
2018_16_BAL_LAC,2018,16,2018-12-22,LAC,BAL,10,22,Home,1633.1207208706653,1583.1111687793075,1600.9590534369545,1615.2728362130183
2018_16_WAS_TEN,2018,16,2018-12-22,TEN,WAS,25,16,Home,1540.8665072235895,1444.9435855480763,1553.0394208483763,1432.7706719232895
2018_16_ATL_CAR,2018,16,2018-12-23,CAR,ATL,10,24,Home,1495.1542464209044,1483.1889990077173,1463.2858979255125,1515.0573475031092
2018_16_BUF_NE,2018,16,2018-12-23,NE,BUF,24,12,Home,1622.97746369577,1390.801584050898,1629.895573369983,1383.8834743766852
2018_16_CHI_SF,2018,16,2018-12-23,SF,CHI,9,14,Home,1388.8403723501947,1593.8000665805914,1378.4358990099126,1604.2045399208735
2018_16_CIN_CLE,2018,16,2018-12-23,CLE,CIN,26,18,Home,1406.146050160699,1413.0986655481654,1424.0097521391738,1395.2349635696905
2018_16_GB_NYJ,2018,16,2018-12-23,NYJ,GB,38,44,Home,1344.5765041959119,1460.6585584841912,1328.3350694338426,1476.8999932462605
2018_16_HOU_PHI,2018,16,2018-12-23,PHI,HOU,32,30,Home,1588.710116183574,1540.8366100289422,1595.8797478188783,1533.666978393638
2018_16_JAX_MIA,2018,16,2018-12-23,MIA,JAX,7,17,Home,1420.601779327865,1414.1494133786016,1392.6670424197266,1442.08415028674
2018_16_KC_SEA,2018,16,2018-12-23,SEA,KC,38,31,Home,1577.3504469260595,1666.070801650273,1599.3254172110194,1644.0958313653132
2018_16_LA_ARI,2018,16,2018-12-23,ARI,LA,9,31,Home,1335.152749986396,1614.4902487919817,1322.2663574614153,1627.3766413169624
2018_16_MIN_DET,2018,16,2018-12-23,DET,MIN,9,27,Home,1457.1439051564382,1555.3138844785205,1430.8978066705736,1581.5599829643852
2018_16_NYG_IND,2018,16,2018-12-23,IND,NYG,28,27,Home,1528.9984375286358,1407.5542198185465,1532.254544097576,1404.2981132496063
2018_16_PIT_NO,2018,16,2018-12-23,NO,PIT,31,28,Home,1717.4932944246748,1612.5070102447442,1724.524343200406,1605.4759614690129
2018_16_TB_DAL,2018,16,2018-12-23,DAL,TB,27,20,Home,1547.968469053811,1424.2880398884565,1557.6343208277751,1414.6221881144925
2018_16_DEN_OAK,2018,16,2018-12-24,LV,DEN,27,14,Home,1322.0630518810237,1468.0230283347703,1353.3431502512913,1436.7429299645028
2018_17_ARI_SEA,2018,17,2018-12-30,SEA,ARI,27,24,Home,1599.3254172110194,1322.2663574614153,1602.2645990640208,1319.3271756084139
2018_17_ATL_TB,2018,17,2018-12-30,TB,ATL,32,34,Home,1414.6221881144925,1515.0573475031092,1404.9091245903062,1524.7704110272955
2018_17_CAR_NO,2018,17,2018-12-30,NO,CAR,14,33,Home,1724.524343200406,1463.2858979255125,1679.2668835786237,1508.5433575472948
2018_17_CHI_MIN,2018,17,2018-12-30,MIN,CHI,10,24,Home,1581.5599829643852,1604.2045399208735,1551.7679585546264,1633.9965643306323
2018_17_CIN_PIT,2018,17,2018-12-30,PIT,CIN,16,13,Home,1605.4759614690129,1395.2349635696905,1609.6694616014452,1391.0414634372582
2018_17_CLE_BAL,2018,17,2018-12-30,BAL,CLE,26,24,Home,1615.2728362130183,1424.0097521391738,1618.9364063403898,1420.3461820118023
2018_17_DAL_NYG,2018,17,2018-12-30,NYG,DAL,35,36,Home,1404.2981132496063,1557.6343208277751,1399.2929362204943,1562.6394978568871
2018_17_DET_GB,2018,17,2018-12-30,GB,DET,0,31,Home,1476.8999932462605,1430.8978066705736,1433.7110485870246,1474.0867513298094
2018_17_IND_TEN,2018,17,2018-12-30,TEN,IND,17,33,Home,1553.0394208483763,1532.254544097576,1519.1712364963587,1566.1227284495935
2018_17_JAX_HOU,2018,17,2018-12-30,HOU,JAX,20,3,Home,1533.666978393638,1442.08415028674,1549.250887366652,1426.5002413137258
2018_17_LAC_DEN,2018,17,2018-12-30,DEN,LAC,9,23,Home,1436.7429299645028,1600.9590534369545,1418.0358078369115,1619.6661755645457
2018_17_MIA_BUF,2018,17,2018-12-30,BUF,MIA,42,17,Home,1383.8834743766852,1392.6670424197266,1410.5566633648514,1365.9938534315604
2018_17_NYJ_NE,2018,17,2018-12-30,NE,NYJ,38,3,Home,1629.895573369983,1328.3350694338426,1636.5378373772944,1321.692805426531
2018_17_OAK_KC,2018,17,2018-12-30,KC,LV,35,3,Home,1644.0958313653132,1353.3431502512913,1650.9742627923613,1346.4647188242432
2018_17_PHI_WAS,2018,17,2018-12-30,WAS,PHI,0,24,Home,1432.7706719232895,1595.8797478188783,1410.4333967741509,1618.2170229680169
2018_17_SF_LA,2018,17,2018-12-30,LA,SF,48,32,Home,1627.3766413169624,1378.4358990099126,1634.3674786417812,1371.4450616850938
2018_18_IND_HOU,2018,18,2019-01-05,HOU,IND,7,21,Home,1549.250887366652,1566.1227284495935,1519.102438802172,1596.2711770140736
2018_18_SEA_DAL,2018,18,2019-01-05,DAL,SEA,24,22,Home,1562.6394978568871,1602.2645990640208,1572.7085379684415,1592.1955589524664
2018_18_LAC_BAL,2018,18,2019-01-06,BAL,LAC,17,23,Home,1618.9364063403898,1619.6661755645457,1596.5715370229736,1642.0310448819619
2018_18_PHI_CHI,2018,18,2019-01-06,CHI,PHI,15,16,Home,1633.9965643306323,1618.2170229680169,1625.7835018100557,1626.4300854885935
2018_19_DAL_LA,2018,19,2019-01-12,LA,DAL,30,22,Home,1634.3674786417812,1572.7085379684415,1647.8881863591346,1559.1878302510881
2018_19_IND_KC,2018,19,2019-01-12,KC,IND,31,13,Home,1650.9742627923613,1596.2711770140736,1669.6415967390492,1577.6038430673857
2018_19_LAC_NE,2018,19,2019-01-13,NE,LAC,41,28,Home,1636.5378373772944,1642.0310448819619,1657.8749316126607,1620.6939506465956
2018_19_PHI_NO,2018,19,2019-01-13,NO,PHI,20,14,Home,1679.2668835786237,1626.4300854885935,1691.7020823087435,1613.9948867584737
2018_20_LA_NO,2018,20,2019-01-20,NO,LA,23,26,Home,1691.7020823087435,1647.8881863591346,1674.4855294827105,1665.1047391851675
2018_20_NE_KC,2018,20,2019-01-20,KC,NE,31,37,Home,1669.6415967390492,1657.8749316126607,1646.7503567339495,1680.7661716177604
2018_21_NE_LA,2018,21,2019-02-03,LA,NE,3,13,Neutral,1665.1047391851675,1680.7661716177604,1642.367819937043,1703.503090865885
2019_01_GB_CHI,2019,1,2019-09-05,CHI,GB,3,10,Home,1575.4701010860333,1460.2266291522146,1547.0871299967923,1488.6096002414556
2019_01_ATL_MIN,2019,1,2019-09-08,MIN,ATL,28,12,Home,1531.0607751327757,1514.8622466163774,1552.1124504945778,1493.8105712545753
2019_01_BAL_MIA,2019,1,2019-09-08,MIA,BAL,10,59,Home,1419.5963120589363,1557.9429222137842,1389.6137567636927,1587.9254775090278
2019_01_BUF_NYJ,2019,1,2019-09-08,NYJ,BUF,16,17,Home,1393.0156832559187,1446.3339980189107,1385.8890863868162,1453.4605948880132
2019_01_CIN_SEA,2019,1,2019-09-08,SEA,CIN,21,20,Home,1555.3173353714797,1434.624878062355,1558.5849830765128,1431.357230357322
2019_01_DET_ARI,2019,1,2019-09-08,ARI,DET,27,27,Home,1391.5963053650485,1484.4520507978855,1392.396344663876,1483.6520114990578
2019_01_IND_LAC,2019,1,2019-09-08,LAC,IND,30,24,Home,1572.4163703879572,1546.5623058404312,1586.3254298228733,1532.6532464055151
2019_01_KC_JAX,2019,1,2019-09-08,JAX,KC,26,40,Home,1455.9001447882356,1588.0502140403696,1434.638341947144,1609.3120168814612
2019_01_LA_CAR,2019,1,2019-09-08,CAR,LA,27,30,Home,1505.1260145283768,1585.4206919622256,1491.964447124917,1598.5822593656856
2019_01_NYG_DAL,2019,1,2019-09-08,DAL,NYG,35,17,Home,1535.5126981506528,1439.5757617322965,1551.0778633259963,1424.010596556953
2019_01_PIT_NE,2019,1,2019-09-08,NE,PIT,33,3,Home,1622.1018545195311,1565.801676960867,1643.7249183442111,1544.178613136187
2019_01_SF_TB,2019,1,2019-09-08,TB,SF,17,31,Home,1442.9454747541836,1422.8670370110563,1410.6134127426808,1455.199099022559
2019_01_TEN_CLE,2019,1,2019-09-08,CLE,TEN,13,43,Home,1452.2077092070813,1511.5027418978152,1417.3942967137884,1546.316154391108
2019_01_WAS_PHI,2019,1,2019-09-08,PHI,WAS,32,27,Home,1568.396932055084,1446.2600380644903,1576.786424378421,1437.8705457411534
2019_01_DEN_OAK,2019,1,2019-09-09,LV,DEN,24,16,Home,1407.8788312945458,1450.8214847021468,1428.2537347788837,1430.446581217809
2019_01_HOU_NO,2019,1,2019-09-09,NO,HOU,30,28,Home,1604.6913176896262,1511.4614632813032,1610.570693048814,1505.5820879221153
2019_02_TB_CAR,2019,2,2019-09-12,CAR,TB,14,20,Home,1491.964447124917,1410.6134127426808,1466.4580165389916,1436.119843328606
2019_02_ARI_BAL,2019,2,2019-09-15,BAL,ARI,23,17,Home,1587.9254775090278,1392.396344663876,1594.2748345565333,1386.0469876163706
2019_02_BUF_NYG,2019,2,2019-09-15,NYG,BUF,14,28,Home,1424.010596556953,1453.4605948880132,1394.6433645609518,1482.8278268840145
2019_02_CHI_DEN,2019,2,2019-09-15,DEN,CHI,14,16,Home,1430.446581217809,1547.0871299967923,1421.2962302785177,1556.2374809360836
2019_02_DAL_WAS,2019,2,2019-09-15,WAS,DAL,21,31,Home,1437.8705457411534,1551.0778633259963,1417.640810409551,1571.3075986575986
2019_02_IND_TEN,2019,2,2019-09-15,TEN,IND,17,19,Home,1546.316154391108,1532.6532464055151,1533.3479988468316,1545.6214019497916
2019_02_JAX_HOU,2019,2,2019-09-15,HOU,JAX,13,12,Home,1505.5820879221153,1434.638341947144,1509.6787150119837,1430.5417148572756
2019_02_KC_OAK,2019,2,2019-09-15,LV,KC,10,28,Home,1428.2537347788837,1609.3120168814612,1409.294958714711,1628.2707929456342
2019_02_LAC_DET,2019,2,2019-09-15,DET,LAC,13,10,Home,1483.6520114990578,1586.3254298228733,1498.7536840207695,1571.2237573011616
2019_02_MIN_GB,2019,2,2019-09-15,GB,MIN,21,16,Home,1488.6096002414556,1552.1124504945778,1506.437853397996,1534.2841973380375
2019_02_NE_MIA,2019,2,2019-09-15,MIA,NE,0,43,Home,1389.6137567636927,1643.7249183442111,1372.0594916250195,1661.2791834828843
2019_02_NO_LA,2019,2,2019-09-15,LA,NO,27,9,Home,1598.5822593656856,1610.570693048814,1622.980670959353,1586.1722814551467
2019_02_PHI_ATL,2019,2,2019-09-15,ATL,PHI,24,20,Home,1493.8105712545753,1576.786424378421,1510.5997282805545,1559.997267352442
2019_02_SEA_PIT,2019,2,2019-09-15,PIT,SEA,26,28,Home,1544.178613136187,1558.5849830765128,1531.8865831856813,1570.8770130270186
2019_02_SF_CIN,2019,2,2019-09-15,CIN,SF,17,41,Home,1431.357230357322,1455.199099022559,1396.033882696335,1490.522446683546
2019_02_CLE_NYJ,2019,2,2019-09-16,NYJ,CLE,3,23,Home,1385.8890863868162,1417.3942967137884,1353.0182813682939,1450.2651017323108
2019_03_TEN_JAX,2019,3,2019-09-19,JAX,TEN,20,7,Home,1430.5417148572756,1533.3479988468316,1459.2985271364923,1504.5911865676148
2019_03_ATL_IND,2019,3,2019-09-22,IND,ATL,27,24,Home,1545.6214019497916,1510.5997282805545,1555.1661749055836,1501.0549553247624
2019_03_BAL_KC,2019,3,2019-09-22,KC,BAL,33,28,Home,1628.2707929456342,1594.2748345565333,1640.6594210031203,1581.8862064990471
2019_03_CAR_ARI,2019,3,2019-09-22,ARI,CAR,20,38,Home,1386.0469876163706,1466.4580165389916,1358.1035364666996,1494.4014676886627
2019_03_CIN_BUF,2019,3,2019-09-22,BUF,CIN,21,17,Home,1482.8278268840145,1396.033882696335,1491.6945129633978,1387.1671966169517
2019_03_DEN_GB,2019,3,2019-09-22,GB,DEN,27,16,Home,1506.437853397996,1421.2962302785177,1520.2293931676857,1407.504690508828
2019_03_DET_PHI,2019,3,2019-09-22,PHI,DET,24,27,Home,1559.997267352442,1498.7536840207695,1542.3219521904846,1516.4289991827268
2019_03_HOU_LAC,2019,3,2019-09-22,LAC,HOU,20,27,Home,1571.2237573011616,1509.6787150119837,1544.6992313775747,1536.2032409355706
2019_03_LA_CLE,2019,3,2019-09-22,CLE,LA,13,20,Home,1450.2651017323108,1622.980670959353,1436.397646964865,1636.8481257267986
2019_03_MIA_DAL,2019,3,2019-09-22,DAL,MIA,31,6,Home,1571.3075986575986,1372.0594916250195,1581.7379575011169,1361.6291327815013
2019_03_NO_SEA,2019,3,2019-09-22,SEA,NO,27,33,Home,1570.8770130270186,1586.1722814551467,1549.14391410603,1607.9053803761353
2019_03_NYG_TB,2019,3,2019-09-22,TB,NYG,31,32,Home,1436.119843328606,1394.6433645609518,1427.5433120159128,1403.219895873645
2019_03_NYJ_NE,2019,3,2019-09-22,NE,NYJ,30,14,Home,1661.2791834828843,1353.0182813682939,1666.3395581505188,1347.9579067006594
2019_03_OAK_MIN,2019,3,2019-09-22,MIN,LV,34,14,Home,1534.2841973380375,1409.294958714711,1548.34875378681,1395.2304022659384
2019_03_PIT_SF,2019,3,2019-09-22,SF,PIT,24,20,Home,1490.522446683546,1531.8865831856813,1505.364166324624,1517.0448635446032
2019_03_CHI_WAS,2019,3,2019-09-23,WAS,CHI,15,31,Home,1417.640810409551,1556.2374809360836,1395.9477389816047,1577.9305523640298
2019_04_PHI_GB,2019,4,2019-09-26,GB,PHI,27,34,Home,1520.2293931676857,1542.3219521904846,1497.3265774670456,1565.2247678911247
2019_04_CAR_HOU,2019,4,2019-09-29,HOU,CAR,10,16,Home,1536.2032409355706,1494.4014676886627,1512.1134326348056,1518.4912759894278
2019_04_CLE_BAL,2019,4,2019-09-29,BAL,CLE,25,40,Home,1581.8862064990471,1436.397646964865,1542.8867276860437,1475.3971257778685
2019_04_DAL_NO,2019,4,2019-09-29,NO,DAL,12,10,Home,1607.9053803761353,1581.7379575011169,1615.7481238800249,1573.8952139972273
2019_04_JAX_DEN,2019,4,2019-09-29,DEN,JAX,24,26,Home,1407.504690508828,1459.2985271364923,1396.1692263007901,1470.6339913445302
2019_04_KC_DET,2019,4,2019-09-29,DET,KC,30,34,Home,1516.4289991827268,1640.6594210031203,1503.4027995736549,1653.6856206121922
2019_04_LAC_MIA,2019,4,2019-09-29,MIA,LAC,10,30,Home,1361.6291327815013,1544.6992313775747,1342.1926168270086,1564.1357473320675
2019_04_MIN_CHI,2019,4,2019-09-29,CHI,MIN,16,6,Home,1577.9305523640298,1548.34875378681,1594.8125805121438,1531.466725638696
2019_04_NE_BUF,2019,4,2019-09-29,BUF,NE,10,16,Home,1491.6945129633978,1666.3395581505188,1478.821883759482,1679.2121873544345
2019_04_OAK_IND,2019,4,2019-09-29,IND,LV,24,31,Home,1555.1661749055836,1395.2304022659384,1525.5486285022696,1424.8479486692524
2019_04_SEA_ARI,2019,4,2019-09-29,ARI,SEA,10,27,Home,1358.1035364666996,1549.14391410603,1340.2700287405953,1566.9774218321343
2019_04_TB_LA,2019,4,2019-09-29,LA,TB,40,55,Home,1636.8481257267986,1427.5433120159128,1595.9715722822161,1468.4198654604952
2019_04_TEN_ATL,2019,4,2019-09-29,ATL,TEN,10,24,Home,1501.0549553247624,1504.5911865676148,1470.097962404583,1535.5481794877942
2019_04_WAS_NYG,2019,4,2019-09-29,NYG,WAS,24,3,Home,1403.219895873645,1395.9477389816047,1427.0100905457516,1372.1575443094982
2019_04_CIN_PIT,2019,4,2019-09-30,PIT,CIN,27,3,Home,1517.0448635446032,1387.1671966169517,1531.5739086460817,1372.6381515154733
2019_05_LA_SEA,2019,5,2019-10-03,SEA,LA,30,29,Home,1566.9774218321343,1595.9715722822161,1573.093033942406,1589.8559601719444
2019_05_ARI_CIN,2019,5,2019-10-06,CIN,ARI,23,26,Home,1372.6381515154733,1340.2700287405953,1355.7367833789644,1357.1713968771041
2019_05_ATL_HOU,2019,5,2019-10-06,HOU,ATL,53,32,Home,1512.1134326348056,1470.097962404583,1532.7874106659779,1449.4239843734108
2019_05_BAL_PIT,2019,5,2019-10-06,PIT,BAL,23,26,Home,1531.5739086460817,1542.8867276860437,1515.9665645614334,1558.494071770692
2019_05_BUF_TEN,2019,5,2019-10-06,TEN,BUF,7,14,Home,1535.5481794877942,1478.821883759482,1509.209766624083,1505.160296623193
2019_05_CHI_OAK,2019,5,2019-10-06,LV,CHI,24,21,Neutral,1424.8479486692524,1594.8125805121438,1443.5536932742982,1576.106835907098
2019_05_DEN_LAC,2019,5,2019-10-06,LAC,DEN,13,20,Home,1564.1357473320675,1396.1692263007901,1534.3263782324052,1425.9785954004524
2019_05_GB_DAL,2019,5,2019-10-06,DAL,GB,24,34,Home,1573.8952139972273,1497.3265774670456,1542.6625153530945,1528.5592761111784
2019_05_IND_KC,2019,5,2019-10-06,KC,IND,13,19,Home,1653.6856206121922,1525.5486285022696,1626.764544298451,1552.4697048160108
2019_05_JAX_CAR,2019,5,2019-10-06,CAR,JAX,34,27,Home,1518.4912759894278,1470.6339913445302,1532.0628054437582,1457.0624618901998
2019_05_MIN_NYG,2019,5,2019-10-06,NYG,MIN,10,28,Home,1427.0100905457516,1531.466725638696,1401.3553739501967,1557.121442234251
2019_05_NE_WAS,2019,5,2019-10-06,WAS,NE,7,33,Home,1372.1575443094982,1679.2121873544345,1360.3480862581137,1691.021645405819
2019_05_NYJ_PHI,2019,5,2019-10-06,PHI,NYJ,31,6,Home,1565.2247678911247,1347.9579067006594,1574.7270692702443,1338.4556053215397
2019_05_TB_NO,2019,5,2019-10-06,NO,TB,31,24,Home,1615.7481238800249,1468.4198654604952,1624.3782846820984,1459.7897046584217
2019_05_CLE_SF,2019,5,2019-10-07,SF,CLE,31,3,Home,1505.364166324624,1475.3971257778685,1529.0338811189647,1451.7274109835278
2019_06_NYG_NE,2019,6,2019-10-10,NE,NYG,35,14,Home,1691.021645405819,1401.3553739501967,1697.138798814844,1395.2382205411718
2019_06_ATL_ARI,2019,6,2019-10-13,ARI,ATL,34,33,Home,1357.1713968771041,1449.4239843734108,1364.5540034758299,1442.041377774685
2019_06_CAR_TB,2019,6,2019-10-13,TB,CAR,26,37,Neutral,1459.7897046584217,1532.0628054437582,1440.664702094633,1551.187808007547
2019_06_CIN_BAL,2019,6,2019-10-13,BAL,CIN,23,17,Home,1558.494071770692,1355.7367833789644,1564.6123198149492,1349.6185353347073
2019_06_DAL_NYJ,2019,6,2019-10-13,NYJ,DAL,24,22,Home,1338.4556053215397,1542.6625153530945,1352.719619922019,1528.398500752615
2019_06_HOU_KC,2019,6,2019-10-13,KC,HOU,24,31,Home,1626.764544298451,1532.7874106659779,1599.0692797802335,1560.4826751841954
2019_06_NO_JAX,2019,6,2019-10-13,JAX,NO,6,13,Home,1457.0624618901998,1624.3782846820984,1442.880248959952,1638.5604976123461
2019_06_PHI_MIN,2019,6,2019-10-13,MIN,PHI,38,20,Home,1557.121442234251,1574.7270692702443,1582.0372360845386,1549.8112754199567
2019_06_PIT_LAC,2019,6,2019-10-13,LAC,PIT,17,24,Home,1534.3263782324052,1515.9665645614334,1509.574243057619,1540.7186997362196
2019_06_SEA_CLE,2019,6,2019-10-13,CLE,SEA,28,32,Home,1451.7274109835278,1573.093033942406,1438.5587971308032,1586.2616477951306
2019_06_SF_LA,2019,6,2019-10-13,LA,SF,7,20,Home,1589.8559601719444,1529.0338811189647,1556.2283878456044,1562.6614534453047
2019_06_TEN_DEN,2019,6,2019-10-13,DEN,TEN,16,0,Home,1425.9785954004524,1509.209766624083,1455.5509894926615,1479.6373725318738
2019_06_WAS_MIA,2019,6,2019-10-13,MIA,WAS,16,17,Home,1342.1926168270086,1360.3480862581137,1334.4960831738624,1368.0446199112598
2019_06_DET_GB,2019,6,2019-10-14,GB,DET,23,22,Home,1528.5592761111784,1503.4027995736549,1533.527793779585,1498.4342819052483
2019_07_KC_DEN,2019,7,2019-10-17,DEN,KC,6,30,Home,1455.5509894926615,1599.0692797802335,1431.3780616828521,1623.2422075900429
2019_07_ARI_NYG,2019,7,2019-10-20,NYG,ARI,21,27,Home,1395.2382205411718,1364.5540034758299,1371.5804976949205,1388.2117263220812
2019_07_BAL_SEA,2019,7,2019-10-20,SEA,BAL,16,30,Home,1586.2616477951306,1564.6123198149492,1553.8409076353425,1597.0330599747372
2019_07_HOU_IND,2019,7,2019-10-20,IND,HOU,30,23,Home,1552.4697048160108,1560.4826751841954,1569.4439552495364,1543.5084247506697
2019_07_JAX_CIN,2019,7,2019-10-20,CIN,JAX,17,27,Home,1349.6185353347073,1442.880248959952,1327.8652772355688,1464.6335070590906
2019_07_LAC_TEN,2019,7,2019-10-20,TEN,LAC,23,20,Home,1479.6373725318738,1509.574243057619,1491.9103962312738,1497.301219358219
2019_07_LA_ATL,2019,7,2019-10-20,ATL,LA,10,37,Home,1442.041377774685,1556.2283878456044,1414.0317535000077,1584.2380121202818
2019_07_MIA_BUF,2019,7,2019-10-20,BUF,MIA,31,21,Home,1505.160296623193,1334.4960831738624,1514.0315340189954,1325.6248457780598
2019_07_MIN_DET,2019,7,2019-10-20,DET,MIN,30,42,Home,1498.4342819052483,1582.0372360845386,1474.3604097479474,1606.1111082418395
2019_07_NO_CHI,2019,7,2019-10-20,CHI,NO,25,36,Home,1576.106835907098,1638.5604976123461,1551.1045933433943,1663.5627401760498
2019_07_OAK_GB,2019,7,2019-10-20,GB,LV,42,24,Home,1533.527793779585,1443.5536932742982,1549.5188973680517,1427.5625896858314
2019_07_PHI_DAL,2019,7,2019-10-20,DAL,PHI,37,10,Home,1528.398500752615,1549.8112754199567,1556.9953800828375,1521.2143960897342
2019_07_SF_WAS,2019,7,2019-10-20,WAS,SF,0,9,Home,1368.0446199112598,1562.6614534453047,1354.0556238644704,1576.6504494920941
2019_07_NE_NYJ,2019,7,2019-10-21,NYJ,NE,0,33,Home,1352.719619922019,1697.138798814844,1342.2813177019848,1707.5771010348783
2019_08_WAS_MIN,2019,8,2019-10-24,MIN,WAS,19,9,Home,1606.1111082418395,1354.0556238644704,1611.93006166943,1348.2366704368799
2019_08_ARI_NO,2019,8,2019-10-27,NO,ARI,31,9,Home,1663.5627401760498,1388.2117263220812,1670.2726041182889,1381.5018623798421
2019_08_CAR_SF,2019,8,2019-10-27,SF,CAR,51,13,Home,1576.6504494920941,1551.187808007547,1602.8785490307705,1524.9597084688705
2019_08_CIN_LA,2019,8,2019-10-27,LA,CIN,24,10,Neutral,1584.2380121202818,1327.8652772355688,1593.2635744824763,1318.8397148733743
2019_08_CLE_NE,2019,8,2019-10-27,NE,CLE,27,13,Home,1707.5771010348783,1438.5587971308032,1713.574909598514,1432.5609885671674
2019_08_DEN_IND,2019,8,2019-10-27,IND,DEN,15,13,Home,1569.4439552495364,1431.3780616828521,1574.2122691265847,1426.6097478058039
2019_08_GB_KC,2019,8,2019-10-27,KC,GB,24,31,Home,1623.2422075900429,1549.5188973680517,1596.26114822788,1576.4999567302145
2019_08_LAC_CHI,2019,8,2019-10-27,CHI,LAC,16,17,Home,1551.1045933433943,1497.301219358219,1542.3632477093572,1506.042564992256
2019_08_NYG_DET,2019,8,2019-10-27,DET,NYG,31,26,Home,1474.3604097479474,1371.5804976949205,1483.5405845828864,1362.4003228599815
2019_08_NYJ_JAX,2019,8,2019-10-27,JAX,NYJ,29,15,Home,1464.6335070590906,1342.2813177019848,1477.3004537299328,1329.6143710311426
2019_08_OAK_HOU,2019,8,2019-10-27,HOU,LV,27,24,Home,1543.5084247506697,1427.5625896858314,1550.190826326548,1420.8801881099532
2019_08_PHI_BUF,2019,8,2019-10-27,BUF,PHI,13,31,Home,1514.0315340189954,1521.2143960897342,1480.610332111044,1554.6355979976856
2019_08_SEA_ATL,2019,8,2019-10-27,ATL,SEA,20,27,Home,1414.0317535000077,1553.8409076353425,1398.1856503897955,1569.6870107455547
2019_08_TB_TEN,2019,8,2019-10-27,TEN,TB,27,23,Home,1491.9103962312738,1440.664702094633,1502.2650846487052,1430.3100136772016
2019_08_MIA_PIT,2019,8,2019-10-28,PIT,MIA,27,14,Home,1540.7186997362196,1325.6248457780598,1548.5031512934409,1317.8403942208386
2019_09_SF_ARI,2019,9,2019-10-31,ARI,SF,25,28,Home,1381.5018623798421,1602.8785490307705,1374.0204668153458,1610.3599445952668
2019_09_CHI_PHI,2019,9,2019-11-03,PHI,CHI,22,14,Home,1554.6355979976856,1542.3632477093572,1571.2176354369144,1525.7812102701284
2019_09_CLE_DEN,2019,9,2019-11-03,DEN,CLE,24,19,Home,1426.6097478058039,1432.5609885671674,1441.1216216470232,1418.0491147259481
2019_09_DET_OAK,2019,9,2019-11-03,LV,DET,31,24,Home,1420.8801881099532,1483.5405845828864,1441.5126360045012,1462.9081366883383
2019_09_GB_LAC,2019,9,2019-11-03,LAC,GB,26,11,Home,1506.042564992256,1576.4999567302145,1534.1342394233905,1548.4082822990802
2019_09_HOU_JAX,2019,9,2019-11-03,JAX,HOU,3,26,Neutral,1477.3004537299328,1550.190826326548,1452.8996441652694,1574.5916358912114
2019_09_IND_PIT,2019,9,2019-11-03,PIT,IND,26,24,Home,1548.5031512934409,1574.2122691265847,1558.0810851259398,1564.6343352940858
2019_09_MIN_KC,2019,9,2019-11-03,KC,MIN,26,23,Home,1596.26114822788,1611.93006166943,1607.907712121428,1600.283497775882
2019_09_NE_BAL,2019,9,2019-11-03,BAL,NE,37,20,Home,1597.0330599747372,1713.574909598514,1629.4343442952313,1681.17362527802
2019_09_NYJ_MIA,2019,9,2019-11-03,MIA,NYJ,26,18,Home,1317.8403942208386,1329.6143710311426,1336.0325165033116,1311.4222487486695
2019_09_TB_SEA,2019,9,2019-11-03,SEA,TB,40,34,Home,1569.6870107455547,1430.3100136772016,1578.0797410844052,1421.9172833383511
2019_09_TEN_CAR,2019,9,2019-11-03,CAR,TEN,30,20,Home,1524.9597084688705,1502.2650846487052,1542.319594945183,1484.9051981723926
2019_09_WAS_BUF,2019,9,2019-11-03,BUF,WAS,24,9,Home,1480.610332111044,1348.2366704368799,1492.9769416604315,1335.8700608874924
2019_09_DAL_NYG,2019,9,2019-11-04,NYG,DAL,18,37,Home,1362.4003228599815,1556.9953800828375,1344.1985016163853,1575.1972013264337
2019_10_LAC_OAK,2019,10,2019-11-07,LV,LAC,26,24,Home,1441.5126360045012,1534.1342394233905,1453.2233045221337,1522.423570905758
2019_10_ARI_TB,2019,10,2019-11-10,TB,ARI,30,27,Home,1421.9172833383511,1374.0204668153458,1430.9634624928087,1364.9742876608882
2019_10_ATL_NO,2019,10,2019-11-10,NO,ATL,9,26,Home,1670.2726041182889,1398.1856503897955,1626.441663995207,1442.0165905128774
2019_10_BAL_CIN,2019,10,2019-11-10,CIN,BAL,13,49,Home,1318.8397148733743,1629.4343442952313,1306.1296287980663,1642.1444303705393
2019_10_BUF_CLE,2019,10,2019-11-10,CLE,BUF,19,16,Home,1418.0491147259481,1492.9769416604315,1432.2440217624007,1478.782034623979
2019_10_CAR_GB,2019,10,2019-11-10,GB,CAR,24,16,Home,1548.4082822990802,1542.319594945183,1565.3975246695363,1525.330352574727
2019_10_DET_CHI,2019,10,2019-11-10,CHI,DET,20,13,Home,1525.7812102701284,1462.9081366883383,1538.5102350188452,1450.1791119396216
2019_10_KC_TEN,2019,10,2019-11-10,TEN,KC,35,32,Home,1484.9051981723926,1607.907712121428,1500.64621407665,1592.1666962171705
2019_10_LA_PIT,2019,10,2019-11-10,PIT,LA,17,12,Home,1558.0810851259398,1593.2635744824763,1574.2456407638872,1577.099018844529
2019_10_MIA_IND,2019,10,2019-11-10,IND,MIA,12,16,Home,1564.6343352940858,1336.0325165033116,1540.6589897144918,1360.0078620829056
2019_10_MIN_DAL,2019,10,2019-11-10,DAL,MIN,24,28,Home,1575.1972013264337,1600.283497775882,1557.5815702261064,1617.8991288762095
2019_10_NYG_NYJ,2019,10,2019-11-10,NYJ,NYG,34,27,Home,1311.4222487486695,1344.1985016163853,1330.0211266165143,1325.5996237485406
2019_10_SEA_SF,2019,10,2019-11-11,SF,SEA,24,27,Home,1610.3599445952668,1578.0797410844052,1593.4610387085913,1594.9786469710807
2019_11_PIT_CLE,2019,11,2019-11-14,CLE,PIT,21,7,Home,1432.2440217624007,1574.2456407638872,1464.114470090228,1542.37519243606
2019_11_ARI_SF,2019,11,2019-11-17,SF,ARI,36,26,Home,1593.4610387085913,1364.9742876608882,1600.0554981708221,1358.3798281986574
2019_11_ATL_CAR,2019,11,2019-11-17,CAR,ATL,3,29,Home,1525.330352574727,1442.0165905128774,1482.0191061353144,1485.32783695229
2019_11_BUF_MIA,2019,11,2019-11-17,MIA,BUF,20,37,Home,1360.0078620829056,1478.782034623979,1336.1260589177275,1502.663837789157
2019_11_CHI_LA,2019,11,2019-11-17,LA,CHI,17,7,Home,1577.099018844529,1538.5102350188452,1593.3671650191518,1522.2420888442223
2019_11_CIN_OAK,2019,11,2019-11-17,LV,CIN,17,10,Home,1453.2233045221337,1306.1296287980663,1461.863310986449,1297.489622333751
2019_11_DAL_DET,2019,11,2019-11-17,DET,DAL,27,35,Home,1450.1791119396216,1557.5815702261064,1431.2402387127986,1576.5204434529294
2019_11_DEN_MIN,2019,11,2019-11-17,MIN,DEN,27,23,Home,1617.8991288762095,1441.1216216470232,1623.6740059459983,1435.3467445772344
2019_11_HOU_BAL,2019,11,2019-11-17,BAL,HOU,41,7,Home,1642.1444303705393,1574.5916358912114,1663.4706349428018,1553.265431318949
2019_11_JAX_IND,2019,11,2019-11-17,IND,JAX,33,13,Home,1540.6589897144918,1452.8996441652694,1557.3592731344902,1436.199360745271
2019_11_NE_PHI,2019,11,2019-11-17,PHI,NE,10,17,Home,1571.2176354369144,1681.17362527802,1553.4618029952876,1698.9294577196467
2019_11_NO_TB,2019,11,2019-11-17,TB,NO,17,34,Home,1430.9634624928087,1626.441663995207,1413.4689393807562,1643.9361871072595
2019_11_NYJ_WAS,2019,11,2019-11-17,WAS,NYJ,17,34,Home,1335.8700608874924,1330.0211266165143,1302.2358281796664,1363.6553593243402
2019_11_KC_LAC,2019,11,2019-11-18,LAC,KC,17,24,Neutral,1522.423570905758,1592.1666962171705,1506.2605732034015,1608.329693919527
2019_12_IND_HOU,2019,12,2019-11-21,HOU,IND,20,17,Home,1553.265431318949,1557.3592731344902,1564.4141176362575,1546.2105868171816
2019_12_CAR_NO,2019,12,2019-11-24,NO,CAR,34,31,Home,1643.9361871072595,1482.0191061353144,1649.292559837243,1476.6627334053308
2019_12_DAL_NE,2019,12,2019-11-24,NE,DAL,13,9,Home,1698.9294577196467,1576.5204434529294,1706.4556118690662,1568.99428930351
2019_12_DEN_BUF,2019,12,2019-11-24,BUF,DEN,20,3,Home,1502.663837789157,1435.3467445772344,1520.019086051399,1417.9914963149924
2019_12_DET_WAS,2019,12,2019-11-24,WAS,DET,19,16,Home,1302.2358281796664,1431.2402387127986,1318.1607901015475,1415.3152767909176
2019_12_GB_SF,2019,12,2019-11-24,SF,GB,37,8,Home,1600.0554981708221,1565.3975246695363,1623.5081765420482,1541.9448462983103
2019_12_JAX_TEN,2019,12,2019-11-24,TEN,JAX,42,20,Home,1500.64621407665,1436.199360745271,1519.7094562874424,1417.1361185344786
2019_12_MIA_CLE,2019,12,2019-11-24,CLE,MIA,41,24,Home,1464.114470090228,1336.1260589177275,1477.2784526862192,1322.9620763217363
2019_12_NYG_CHI,2019,12,2019-11-24,CHI,NYG,19,14,Home,1522.2420888442223,1325.5996237485406,1528.0552640974786,1319.7864484952843
2019_12_OAK_NYJ,2019,12,2019-11-24,NYJ,LV,34,3,Home,1363.6553593243402,1461.863310986449,1401.050758191498,1424.4679121192912
2019_12_PIT_CIN,2019,12,2019-11-24,CIN,PIT,10,16,Home,1297.489622333751,1542.37519243606,1288.0631100015746,1551.8017047682363
2019_12_SEA_PHI,2019,12,2019-11-24,PHI,SEA,9,17,Home,1553.4618029952876,1594.9786469710807,1530.2544307297928,1618.1860192365755
2019_12_TB_ATL,2019,12,2019-11-24,ATL,TB,22,35,Home,1485.32783695229,1413.4689393807562,1451.1727322520799,1447.6240440809663
2019_12_BAL_LA,2019,12,2019-11-25,LA,BAL,6,45,Home,1593.3671650191518,1663.4706349428018,1557.104310887628,1699.7334890743257
2019_13_BUF_DAL,2019,13,2019-11-28,DAL,BUF,15,26,Home,1568.99428930351,1520.019086051399,1537.8855595646296,1551.1278157902793
2019_13_CHI_DET,2019,13,2019-11-28,DET,CHI,20,24,Home,1415.3152767909176,1528.0552640974786,1401.7137138042813,1541.6568270841149
2019_13_NO_ATL,2019,13,2019-11-28,ATL,NO,18,26,Home,1451.1727322520799,1649.292559837243,1438.0255397276517,1662.4397523616713
2019_13_CLE_PIT,2019,13,2019-12-01,PIT,CLE,20,13,Home,1551.8017047682363,1477.2784526862192,1563.8999388951897,1465.1802185592658
2019_13_GB_NYG,2019,13,2019-12-01,NYG,GB,13,31,Home,1319.7864484952843,1541.9448462983103,1303.9522785229929,1557.7790162706017
2019_13_LAC_DEN,2019,13,2019-12-01,DEN,LAC,23,20,Home,1417.9914963149924,1506.2605732034015,1432.626713512081,1491.6253560063128
2019_13_LA_ARI,2019,13,2019-12-01,ARI,LA,7,34,Home,1358.3798281986574,1557.104310887628,1338.4939355881015,1576.9902034981837
2019_13_NE_HOU,2019,13,2019-12-01,HOU,NE,28,22,Home,1564.4141176362575,1706.4556118690662,1587.3167610616651,1683.5529684436585
2019_13_NYJ_CIN,2019,13,2019-12-01,CIN,NYJ,22,6,Home,1288.0631100015746,1401.050758191498,1319.5959569745287,1369.517911218544
2019_13_OAK_KC,2019,13,2019-12-01,KC,LV,40,9,Home,1608.329693919527,1424.4679121192912,1620.3292340046548,1412.4683720341634
2019_13_PHI_MIA,2019,13,2019-12-01,MIA,PHI,37,31,Home,1322.9620763217363,1530.2544307297928,1348.3321796985836,1504.8843273529455
2019_13_SF_BAL,2019,13,2019-12-01,BAL,SF,20,17,Home,1699.7334890743257,1623.5081765420482,1707.7386784802409,1615.502987136133
2019_13_TB_JAX,2019,13,2019-12-01,JAX,TB,11,28,Home,1417.1361185344786,1447.6240440809663,1385.86131038467,1478.8988522307748
2019_13_TEN_IND,2019,13,2019-12-01,IND,TEN,17,31,Home,1546.2105868171816,1519.7094562874424,1513.5182840112197,1552.4017590934045
2019_13_WAS_CAR,2019,13,2019-12-01,CAR,WAS,21,29,Home,1476.6627334053308,1318.1607901015475,1445.4047924870338,1349.4187310198445
2019_13_MIN_SEA,2019,13,2019-12-02,SEA,MIN,37,30,Home,1618.1860192365755,1623.6740059459983,1634.9982185430533,1606.8618066395204
2019_14_DAL_CHI,2019,14,2019-12-05,CHI,DAL,31,24,Home,1541.6568270841149,1537.8855595646296,1557.880968844926,1521.6614178038185
2019_14_BAL_BUF,2019,14,2019-12-08,BUF,BAL,17,24,Home,1551.1278157902793,1707.7386784802409,1536.309822350931,1722.5566719195892
2019_14_CAR_ATL,2019,14,2019-12-08,ATL,CAR,40,20,Home,1438.0255397276517,1445.4047924870338,1462.817993810937,1420.6123384037485
2019_14_CIN_CLE,2019,14,2019-12-08,CLE,CIN,27,19,Home,1465.1802185592658,1319.5959569745287,1474.3767652006748,1310.3994103331197
2019_14_DEN_HOU,2019,14,2019-12-08,HOU,DEN,24,38,Home,1587.3167610616651,1432.626713512081,1548.9154620335655,1471.0280125401807
2019_14_DET_MIN,2019,14,2019-12-08,MIN,DET,20,7,Home,1606.8618066395204,1401.7137138042813,1615.0578377886268,1393.517682655175
2019_14_IND_TB,2019,14,2019-12-08,TB,IND,38,35,Home,1478.8988522307748,1513.5182840112197,1491.3803074896493,1501.0368287523452
2019_14_KC_NE,2019,14,2019-12-08,NE,KC,16,23,Home,1683.5529684436585,1620.3292340046548,1656.9643288733034,1646.91787357501
2019_14_LAC_JAX,2019,14,2019-12-08,JAX,LAC,10,45,Home,1385.86131038467,1491.6253560063128,1354.7871933464273,1522.6994730445556
2019_14_MIA_NYJ,2019,14,2019-12-08,NYJ,MIA,22,21,Home,1369.517911218544,1348.3321796985836,1374.5665830993132,1343.2835078178143
2019_14_PIT_ARI,2019,14,2019-12-08,ARI,PIT,17,23,Home,1338.4939355881015,1563.8999388951897,1328.1824305790856,1574.2114439042057
2019_14_SEA_LA,2019,14,2019-12-08,LA,SEA,28,12,Home,1576.9902034981837,1634.9982185430533,1604.6642893640203,1607.3241326772168
2019_14_SF_NO,2019,14,2019-12-08,NO,SF,46,48,Home,1662.4397523616713,1615.502987136133,1648.729300987688,1629.2134385101162
2019_14_TEN_OAK,2019,14,2019-12-08,LV,TEN,21,42,Home,1412.4683720341634,1552.4017590934045,1388.924994491197,1575.945136636371
2019_14_WAS_GB,2019,14,2019-12-08,GB,WAS,20,15,Home,1557.7790162706017,1349.4187310198445,1563.2520621737197,1343.9456851167265
2019_14_NYG_PHI,2019,14,2019-12-09,PHI,NYG,23,17,Home,1504.8843273529455,1303.9522785229929,1511.0602715693362,1297.7763343066022
2019_15_NYJ_BAL,2019,15,2019-12-12,BAL,NYJ,42,21,Home,1722.5566719195892,1374.5665830993132,1726.9765057873715,1370.146749231531
2019_15_ATL_SF,2019,15,2019-12-15,SF,ATL,22,29,Home,1629.2134385101162,1462.817993810937,1599.4408876615328,1492.5905446595204
2019_15_BUF_PIT,2019,15,2019-12-15,PIT,BUF,10,17,Home,1574.2114439042057,1536.309822350931,1548.6288168921117,1561.892449363025
2019_15_CHI_GB,2019,15,2019-12-15,GB,CHI,21,13,Home,1563.2520621737197,1557.880968844926,1580.2888759164418,1540.8441551022038
2019_15_CLE_ARI,2019,15,2019-12-15,ARI,CLE,38,24,Home,1328.1824305790856,1474.3767652006748,1360.2936780199484,1442.265517759812
2019_15_DEN_KC,2019,15,2019-12-15,KC,DEN,23,3,Home,1646.91787357501,1471.0280125401807,1657.8907865235067,1460.055099591684
2019_15_HOU_TEN,2019,15,2019-12-15,TEN,HOU,21,24,Home,1575.945136636371,1548.9154620335655,1559.1943878330494,1565.666210836887
2019_15_JAX_OAK,2019,15,2019-12-15,LV,JAX,16,20,Home,1388.924994491197,1354.7871933464273,1369.2457278611514,1374.4664599764728
2019_15_LA_DAL,2019,15,2019-12-15,DAL,LA,44,21,Home,1521.6614178038185,1604.6642893640203,1554.8159304317633,1571.5097767360755
2019_15_MIA_NYG,2019,15,2019-12-15,NYG,MIA,36,20,Home,1297.7763343066022,1343.2835078178143,1324.2856802349243,1316.7741618894922
2019_15_MIN_LAC,2019,15,2019-12-15,LAC,MIN,10,39,Home,1522.6994730445556,1615.0578377886268,1491.7451424925766,1646.0121683406057
2019_15_NE_CIN,2019,15,2019-12-15,CIN,NE,13,34,Home,1310.3994103331197,1656.9643288733034,1301.3512917786331,1666.01244742779
2019_15_PHI_WAS,2019,15,2019-12-15,WAS,PHI,27,37,Home,1343.9456851167265,1511.0602715693362,1327.5779365472279,1527.4280201388349
2019_15_SEA_CAR,2019,15,2019-12-15,CAR,SEA,24,30,Home,1420.6123384037485,1607.3241326772168,1408.3809186212218,1619.5555524597435
2019_15_TB_DET,2019,15,2019-12-15,DET,TB,17,38,Home,1393.517682655175,1491.3803074896493,1365.934299305676,1518.9636908391485
2019_15_IND_NO,2019,15,2019-12-16,NO,IND,34,7,Home,1648.729300987688,1501.0368287523452,1662.5342477100405,1487.2318820299927
2019_16_BUF_NE,2019,16,2019-12-21,NE,BUF,24,17,Home,1666.01244742779,1561.892449363025,1676.6011596128728,1551.3037371779421
2019_16_HOU_TB,2019,16,2019-12-21,TB,HOU,20,23,Home,1518.9636908391485,1565.666210836887,1504.4917021648369,1580.1381995111988
2019_16_LA_SF,2019,16,2019-12-21,SF,LA,34,31,Home,1599.4408876615328,1571.5097767360755,1609.2667218550598,1561.6839425425485
2019_16_ARI_SEA,2019,16,2019-12-22,SEA,ARI,13,27,Home,1619.5555524597435,1360.2936780199484,1578.6742016786213,1401.1750288010705
2019_16_BAL_CLE,2019,16,2019-12-22,CLE,BAL,15,31,Home,1442.265517759812,1726.9765057873715,1430.9232791106406,1738.3187444365428
2019_16_CAR_IND,2019,16,2019-12-22,IND,CAR,38,6,Home,1487.2318820299927,1408.3809186212218,1507.1893791914476,1388.4234214597668
2019_16_CIN_MIA,2019,16,2019-12-22,MIA,CIN,38,35,Home,1316.7741618894922,1301.3512917786331,1327.1065722047092,1291.0188814634162
2019_16_DAL_PHI,2019,16,2019-12-22,PHI,DAL,17,9,Home,1527.4280201388349,1554.8159304317633,1546.7013756041288,1535.5425749664694
2019_16_DET_DEN,2019,16,2019-12-22,DEN,DET,27,17,Home,1460.055099591684,1365.934299305676,1472.8360525539404,1353.1533463434196
2019_16_JAX_ATL,2019,16,2019-12-22,ATL,JAX,24,12,Home,1492.5905446595204,1374.4664599764728,1504.829011375705,1362.2279932602883
2019_16_KC_CHI,2019,16,2019-12-22,CHI,KC,3,26,Home,1540.8441551022038,1657.8907865235067,1514.4143816915637,1684.3205599341468
2019_16_NO_TEN,2019,16,2019-12-22,TEN,NO,28,38,Home,1559.1943878330494,1662.5342477100405,1538.2164346247478,1683.5122009183422
2019_16_NYG_WAS,2019,16,2019-12-22,WAS,NYG,35,41,Home,1327.5779365472279,1324.2856802349243,1305.042005458504,1346.821611323648
2019_16_OAK_LAC,2019,16,2019-12-22,LAC,LV,17,24,Home,1491.7451424925766,1369.2457278611514,1463.1423114355891,1397.848558918139
2019_16_PIT_NYJ,2019,16,2019-12-22,NYJ,PIT,16,10,Home,1370.146749231531,1548.6288168921117,1394.4892948667457,1524.286271256897
2019_16_GB_MIN,2019,16,2019-12-23,MIN,GB,10,23,Home,1646.0121683406057,1580.2888759164418,1612.1477674680148,1614.1532767890328
2019_17_ARI_LA,2019,17,2019-12-29,LA,ARI,31,24,Home,1561.6839425425485,1401.1750288010705,1569.774563855525,1393.084407488094
2019_17_ATL_TB,2019,17,2019-12-29,TB,ATL,22,28,Home,1504.4917021648369,1504.829011375705,1482.1100740275426,1527.2106395129993
2019_17_CHI_MIN,2019,17,2019-12-29,MIN,CHI,19,21,Home,1612.1477674680148,1514.4143816915637,1597.449138286092,1529.1130108734865
2019_17_CLE_CIN,2019,17,2019-12-29,CIN,CLE,33,23,Home,1291.0188814634162,1430.9232791106406,1319.131705147179,1402.8104554268778
2019_17_GB_DET,2019,17,2019-12-29,DET,GB,20,23,Home,1353.1533463434196,1614.1532767890328,1346.9293864385331,1620.3772366939193
2019_17_IND_JAX,2019,17,2019-12-29,JAX,IND,38,20,Home,1362.2279932602883,1507.1893791914476,1397.065558250136,1472.3518142015998
2019_17_LAC_KC,2019,17,2019-12-29,KC,LAC,31,21,Home,1684.3205599341468,1463.1423114355891,1691.1727066713456,1456.2901646983903
2019_17_MIA_NE,2019,17,2019-12-29,NE,MIA,24,27,Home,1676.6011596128728,1327.1065722047092,1655.236312241633,1348.471419575949
2019_17_NO_CAR,2019,17,2019-12-29,CAR,NO,10,42,Home,1388.4234214597668,1683.5122009183422,1375.1240500065137,1696.8115723715953
2019_17_NYJ_BUF,2019,17,2019-12-29,BUF,NYJ,6,13,Home,1551.3037371779421,1394.4892948667457,1521.763186558593,1424.029845486095
2019_17_OAK_DEN,2019,17,2019-12-29,DEN,LV,16,15,Home,1472.8360525539404,1397.848558918139,1476.860559277567,1393.8240521945122
2019_17_PHI_NYG,2019,17,2019-12-29,NYG,PHI,17,34,Home,1346.821611323648,1546.7013756041288,1329.6592863291728,1563.863700598604
2019_17_PIT_BAL,2019,17,2019-12-29,BAL,PIT,28,10,Home,1738.3187444365428,1524.286271256897,1747.052053130426,1515.5529625630138
2019_17_SF_SEA,2019,17,2019-12-29,SEA,SF,21,26,Home,1578.6742016786213,1609.2667218550598,1559.2911046980632,1628.649818835618
2019_17_TEN_HOU,2019,17,2019-12-29,HOU,TEN,14,35,Home,1580.1381995111988,1538.2164346247478,1541.8646977157196,1576.489936420227
2019_17_WAS_DAL,2019,17,2019-12-29,DAL,WAS,47,16,Home,1535.5425749664694,1305.042005458504,1544.973191829699,1295.6113885952743
2019_18_BUF_HOU,2019,18,2020-01-04,HOU,BUF,22,19,Home,1541.8646977157196,1521.763186558593,1552.0060507610258,1511.6218335132867
2019_18_TEN_NE,2019,18,2020-01-04,NE,TEN,13,20,Home,1655.236312241633,1576.489936420227,1628.0728207817413,1603.6534278801187
2019_18_MIN_NO,2019,18,2020-01-05,NO,MIN,20,26,Home,1696.8115723715953,1597.449138286092,1670.7261042386958,1623.5346064189914
2019_18_SEA_PHI,2019,18,2020-01-05,PHI,SEA,9,17,Home,1563.863700598604,1559.2911046980632,1538.356129892561,1584.7986754041062
2019_19_MIN_SF,2019,19,2020-01-11,SF,MIN,27,10,Home,1628.649818835618,1623.5346064189914,1651.083483944057,1601.1009413105523
2019_19_TEN_BAL,2019,19,2020-01-11,BAL,TEN,12,28,Home,1747.052053130426,1603.6534278801187,1707.2756821177513,1643.4297988927933
2019_19_HOU_KC,2019,19,2020-01-12,KC,HOU,51,31,Home,1691.1727066713456,1552.0060507610258,1704.317068951323,1538.8616884810483
2019_19_SEA_GB,2019,19,2020-01-12,GB,SEA,28,23,Home,1620.3772366939193,1584.7986754041062,1632.6853943157048,1572.4905177823207
2019_20_GB_SF,2019,20,2020-01-19,SF,GB,37,20,Home,1651.083483944057,1632.6853943157048,1672.3724089302657,1611.396469329496
2019_20_TEN_KC,2019,20,2020-01-19,KC,TEN,35,24,Home,1704.317068951323,1643.4297988927933,1719.658985574298,1628.0878822698185
2019_21_SF_KC,2019,21,2020-02-02,KC,SF,31,20,Neutral,1719.658985574298,1672.3724089302657,1740.6946421923597,1651.336752312204
2020_01_HOU_KC,2020,1,2020-09-10,KC,HOU,34,20,Home,1644.4167853154158,1523.3170130886288,1657.1586826688822,1510.5751157351624
2020_01_ARI_SF,2020,1,2020-09-13,SF,ARI,20,24,Home,1590.802051387322,1435.8506444928562,1567.9744487636892,1458.678247116489
2020_01_CHI_DET,2020,1,2020-09-13,DET,CHI,23,27,Home,1408.1576318631196,1517.4678065240919,1394.3822416345927,1531.2431967526188
2020_01_CLE_BAL,2020,1,2020-09-13,BAL,CLE,38,6,Home,1624.3654092706506,1441.6862732561265,1636.5440467506728,1429.5076357761043
2020_01_DAL_LA,2020,1,2020-09-13,LA,DAL,20,17,Home,1541.8647383133148,1526.9839150978191,1552.2194029990849,1516.629250412049
2020_01_GB_MIN,2020,1,2020-09-13,MIN,GB,34,43,Home,1560.6605647863312,1566.8378815976976,1534.4733250330435,1593.0251213509853
2020_01_IND_JAX,2020,1,2020-09-13,JAX,IND,27,20,Home,1438.2393349500815,1483.4110885209598,1457.673140214023,1463.9772832570181
2020_01_LAC_CIN,2020,1,2020-09-13,CIN,LAC,13,16,Home,1391.4790230883073,1473.774098819034,1378.4083504478658,1486.8447714594754
2020_01_LV_CAR,2020,1,2020-09-13,CAR,LV,30,34,Home,1425.0744300039082,1436.2944313167072,1406.9515126460128,1454.4173486746026
2020_01_MIA_NE,2020,1,2020-09-13,NE,MIA,21,11,Home,1576.8436924690445,1409.0828517455693,1585.8441426588772,1400.0824015557366
2020_01_NYJ_BUF,2020,1,2020-09-13,BUF,NYJ,27,17,Home,1506.9731001079717,1454.4179072916568,1522.3150237229145,1439.075983676714
2020_01_PHI_WAS,2020,1,2020-09-13,WAS,PHI,27,17,Home,1377.3668331571644,1523.0136779355366,1405.7726401473847,1494.6078709453163
2020_01_SEA_ATL,2020,1,2020-09-13,ATL,SEA,25,38,Home,1516.3263837077993,1543.4943106693922,1487.5679996919464,1572.2526946852452
2020_01_TB_NO,2020,1,2020-09-13,NO,TB,34,23,Home,1602.4356625432174,1489.2660444165253,1614.5699235923876,1477.1317833673552
2020_01_PIT_NYG,2020,1,2020-09-14,NYG,PIT,16,26,Home,1397.7955717975035,1509.3317775378082,1377.4399165564696,1529.687432778842
2020_01_TEN_DEN,2020,1,2020-09-14,DEN,TEN,14,16,Home,1486.11633556654,1576.8527293618909,1476.060168433239,1586.908896495192
2020_02_CIN_CLE,2020,2,2020-09-17,CLE,CIN,35,30,Home,1429.5076357761043,1378.4083504478658,1441.042486804082,1366.873499419888
2020_02_ATL_DAL,2020,2,2020-09-20,DAL,ATL,40,39,Home,1516.629250412049,1487.5679996919464,1521.5196181904575,1482.6776319135379
2020_02_BAL_HOU,2020,2,2020-09-20,HOU,BAL,16,33,Home,1510.5751157351624,1636.5440467506728,1487.336096373797,1659.7830661120381
2020_02_BUF_MIA,2020,2,2020-09-20,MIA,BUF,28,31,Home,1400.0824015557366,1522.3150237229145,1388.7767632124512,1533.6206620661999
2020_02_CAR_TB,2020,2,2020-09-20,TB,CAR,31,17,Home,1477.1317833673552,1406.9515126460128,1493.1904153728892,1390.8928806404788
2020_02_DEN_PIT,2020,2,2020-09-20,PIT,DEN,26,21,Home,1529.687432778842,1476.060168433239,1541.099114467515,1464.648486744566
2020_02_DET_GB,2020,2,2020-09-20,GB,DET,42,21,Home,1593.0251213509853,1394.3822416345927,1602.9514430044107,1384.4559199811672
2020_02_JAX_TEN,2020,2,2020-09-20,TEN,JAX,33,30,Home,1586.908896495192,1457.673140214023,1593.1853555230418,1451.3966811861733
2020_02_KC_LAC,2020,2,2020-09-20,LAC,KC,20,23,Home,1486.8447714594754,1657.1586826688822,1477.5068042388116,1666.496649889546
2020_02_LA_PHI,2020,2,2020-09-20,PHI,LA,19,37,Home,1494.6078709453163,1552.2194029990849,1464.638069787117,1582.1892041572842
2020_02_MIN_IND,2020,2,2020-09-20,IND,MIN,28,11,Home,1463.9772832570181,1534.4733250330435,1493.2650204878723,1505.1855878021893
2020_02_NE_SEA,2020,2,2020-09-20,SEA,NE,35,30,Home,1572.2526946852452,1585.8441426588772,1587.1892498019477,1570.9075875421747
2020_02_NYG_CHI,2020,2,2020-09-20,CHI,NYG,17,13,Home,1531.2431967526188,1377.4399165564696,1537.715000441109,1370.9681128679795
2020_02_SF_NYJ,2020,2,2020-09-20,NYJ,SF,13,31,Home,1439.075983676714,1567.9744487636892,1415.6665267867256,1591.3839056536776
2020_02_WAS_ARI,2020,2,2020-09-20,ARI,WAS,30,15,Home,1458.678247116489,1405.7726401473847,1476.3910947106172,1388.0597925532566
2020_02_NO_LV,2020,2,2020-09-21,LV,NO,34,24,Home,1454.4173486746026,1614.5699235923876,1483.5442616514601,1585.44301061553
2020_03_MIA_JAX,2020,3,2020-09-24,JAX,MIA,13,31,Home,1451.3966811861733,1388.7767632124512,1413.7804031285282,1426.3930412700963
2020_03_CAR_LAC,2020,3,2020-09-27,LAC,CAR,16,21,Home,1477.5068042388116,1390.8928806404788,1453.8610949416832,1414.5385899376072
2020_03_CHI_ATL,2020,3,2020-09-27,ATL,CHI,26,30,Home,1482.6776319135379,1537.715000441109,1466.1965110460515,1554.1961213085954
2020_03_CIN_PHI,2020,3,2020-09-27,PHI,CIN,23,23,Home,1464.638069787117,1366.873499419888,1460.2684139328567,1371.2431552741484
2020_03_DAL_SEA,2020,3,2020-09-27,SEA,DAL,38,31,Home,1587.1892498019477,1521.5196181904575,1599.7650097077035,1508.9438582847017
2020_03_DET_ARI,2020,3,2020-09-27,ARI,DET,23,26,Home,1476.3910947106172,1384.4559199811672,1457.9738575563454,1402.873157135439
2020_03_GB_NO,2020,3,2020-09-27,NO,GB,30,37,Home,1585.44301061553,1602.9514430044107,1562.322839586659,1626.0716140332818
2020_03_HOU_PIT,2020,3,2020-09-27,PIT,HOU,28,21,Home,1541.099114467515,1487.336096373797,1554.335387593472,1474.09982324784
2020_03_LA_BUF,2020,3,2020-09-27,BUF,LA,35,32,Home,1533.6206620661999,1582.1892041572842,1546.7305506861815,1569.0793155373026
2020_03_LV_NE,2020,3,2020-09-27,NE,LV,36,20,Home,1570.9075875421747,1483.5442616514601,1586.476435247745,1467.9754139458898
2020_03_NYJ_IND,2020,3,2020-09-27,IND,NYJ,36,7,Home,1493.2650204878723,1415.6665267867256,1512.786481389608,1396.14506588499
2020_03_SF_NYG,2020,3,2020-09-27,NYG,SF,9,36,Home,1370.9681128679795,1591.3839056536776,1352.9070821148314,1609.4449364068257
2020_03_TB_DEN,2020,3,2020-09-27,DEN,TB,10,28,Home,1464.648486744566,1493.1904153728892,1432.6558254081574,1525.183076709298
2020_03_TEN_MIN,2020,3,2020-09-27,MIN,TEN,30,31,Home,1505.1855878021893,1593.1853555230418,1498.779275400287,1599.5916679249442
2020_03_WAS_CLE,2020,3,2020-09-27,CLE,WAS,34,20,Home,1441.042486804082,1388.0597925532566,1458.3373580109587,1370.7649213463799
2020_03_KC_BAL,2020,3,2020-09-28,BAL,KC,20,34,Home,1659.7830661120381,1666.496649889546,1629.0167536071322,1697.262962394452
2020_04_DEN_NYJ,2020,4,2020-10-01,NYJ,DEN,28,37,Home,1396.14506588499,1432.6558254081574,1371.5537956295614,1457.247095663586
2020_04_ARI_CAR,2020,4,2020-10-04,CAR,ARI,31,21,Home,1414.5385899376072,1457.9738575563454,1436.8127833975657,1435.6996640963869
2020_04_BAL_WAS,2020,4,2020-10-04,WAS,BAL,17,31,Home,1370.7649213463799,1629.0167536071322,1358.44672912792,1641.334945825592
2020_04_BUF_LV,2020,4,2020-10-04,LV,BUF,23,30,Home,1467.9754139458898,1546.7305506861815,1448.1279224313344,1566.578042200737
2020_04_CLE_DAL,2020,4,2020-10-04,DAL,CLE,38,49,Home,1508.9438582847017,1458.3373580109587,1477.757467575617,1489.5237487200434
2020_04_IND_CHI,2020,4,2020-10-04,CHI,IND,11,19,Home,1554.1961213085954,1512.786481389608,1527.0120483955448,1539.9705543026587
2020_04_JAX_CIN,2020,4,2020-10-04,CIN,JAX,33,25,Home,1371.2431552741484,1413.7804031285282,1391.5890668078398,1393.4344915948368
2020_04_LAC_TB,2020,4,2020-10-04,TB,LAC,38,31,Home,1525.183076709298,1453.8610949416832,1537.4526160669056,1441.5915555840754
2020_04_MIN_HOU,2020,4,2020-10-04,HOU,MIN,23,31,Home,1474.09982324784,1498.779275400287,1450.0301804014925,1522.8489182466344
2020_04_NO_DET,2020,4,2020-10-04,DET,NO,29,35,Home,1402.873157135439,1562.322839586659,1389.1658800299401,1576.030116692158
2020_04_NYG_LA,2020,4,2020-10-04,LA,NYG,17,9,Home,1569.0793155373026,1352.9070821148314,1575.524212464673,1346.462185187461
2020_04_PHI_SF,2020,4,2020-10-04,SF,PHI,20,25,Home,1609.4449364068257,1460.2684139328567,1584.1585379596497,1485.5548123800327
2020_04_SEA_MIA,2020,4,2020-10-04,MIA,SEA,23,31,Home,1426.3930412700963,1599.7650097077035,1411.7802478799026,1614.3778030978972
2020_04_ATL_GB,2020,4,2020-10-05,GB,ATL,30,16,Home,1626.0716140332818,1466.1965110460515,1636.6409952228535,1455.6271298564798
2020_04_NE_KC,2020,4,2020-10-05,KC,NE,26,10,Home,1697.262962394452,1586.476435247745,1711.2522396374884,1572.4871580047086
2020_05_TB_CHI,2020,5,2020-10-08,CHI,TB,20,19,Home,1527.0120483955448,1537.4526160669056,1532.7222862839183,1531.7423781785321
2020_05_ARI_NYJ,2020,5,2020-10-11,NYJ,ARI,10,30,Home,1371.5537956295614,1435.6996640963869,1341.0455697862737,1466.2078899396745
2020_05_CAR_ATL,2020,5,2020-10-11,ATL,CAR,16,23,Home,1455.6271298564798,1436.8127833975657,1430.8551751534462,1461.5847381005992
2020_05_CIN_BAL,2020,5,2020-10-11,BAL,CIN,27,3,Home,1641.334945825592,1391.5890668078398,1649.2432876587723,1383.6807249746596
2020_05_IND_CLE,2020,5,2020-10-11,CLE,IND,32,23,Home,1489.5237487200434,1539.9705543026587,1511.440686437328,1518.0536165853741
2020_05_JAX_HOU,2020,5,2020-10-11,HOU,JAX,30,14,Home,1450.0301804014925,1393.4344915948368,1467.8477742697878,1375.6168977265415
2020_05_LA_WAS,2020,5,2020-10-11,WAS,LA,10,30,Home,1358.44672912792,1575.524212464673,1341.6952295562032,1592.2757120363897
2020_05_LV_KC,2020,5,2020-10-11,KC,LV,32,40,Home,1711.2522396374884,1448.1279224313344,1678.0352809043022,1481.3448811645205
2020_05_MIA_SF,2020,5,2020-10-11,SF,MIA,17,43,Home,1584.1585379596497,1411.7802478799026,1536.75084126551,1459.1879445740424
2020_05_MIN_SEA,2020,5,2020-10-11,SEA,MIN,27,26,Home,1614.3778030978972,1522.8489182466344,1618.1159297430968,1519.1107916014348
2020_05_NYG_DAL,2020,5,2020-10-11,DAL,NYG,37,34,Home,1477.757467575617,1346.462185187461,1483.9726700139393,1340.2469827491389
2020_05_PHI_PIT,2020,5,2020-10-11,PIT,PHI,38,29,Home,1554.335387593472,1485.5548123800327,1568.0733664276324,1471.8168335458722
2020_05_LAC_NO,2020,5,2020-10-12,NO,LAC,30,27,Home,1576.030116692158,1441.5915555840754,1582.1526818473242,1435.4689904289091
2020_05_BUF_TEN,2020,5,2020-10-13,TEN,BUF,42,16,Home,1599.5916679249442,1566.578042200737,1622.471974418899,1543.6977357067822
2020_06_ATL_MIN,2020,6,2020-10-18,MIN,ATL,23,40,Home,1519.1107916014348,1430.8551751534462,1480.8874481465825,1469.0785186082985
2020_06_BAL_PHI,2020,6,2020-10-18,PHI,BAL,28,30,Home,1471.8168335458722,1649.2432876587723,1464.6336873890077,1656.4264338156368
2020_06_CHI_CAR,2020,6,2020-10-18,CAR,CHI,16,23,Home,1461.5847381005992,1532.7222862839183,1441.2144526382049,1553.0925717463126
2020_06_CIN_IND,2020,6,2020-10-18,IND,CIN,31,27,Home,1518.0536165853741,1383.6807249746596,1525.1639292803534,1376.5704122796803
2020_06_CLE_PIT,2020,6,2020-10-18,PIT,CLE,38,7,Home,1568.0733664276324,1511.440686437328,1589.865338237917,1489.6487146270433
2020_06_DEN_NE,2020,6,2020-10-18,NE,DEN,12,18,Home,1572.4871580047086,1457.247095663586,1545.9268984795826,1483.8073551887119
2020_06_DET_JAX,2020,6,2020-10-18,JAX,DET,16,34,Home,1375.6168977265415,1389.1658800299401,1342.6155431906752,1422.1672345658064
2020_06_GB_TB,2020,6,2020-10-18,TB,GB,38,10,Home,1531.7423781785321,1636.6409952228535,1568.5969589574347,1599.786414443951
2020_06_HOU_TEN,2020,6,2020-10-18,TEN,HOU,42,36,Home,1622.471974418899,1467.8477742697878,1630.2653760103485,1460.0543726783383
2020_06_LA_SF,2020,6,2020-10-18,SF,LA,24,16,Home,1536.75084126551,1592.2757120363897,1558.0323600583379,1570.9941932435618
2020_06_NYJ_MIA,2020,6,2020-10-18,MIA,NYJ,24,0,Home,1459.1879445740424,1341.0455697862737,1474.5452562146395,1325.6882581456766
2020_06_WAS_NYG,2020,6,2020-10-18,NYG,WAS,20,19,Home,1340.2469827491389,1341.6952295562032,1345.7651232980427,1336.1770890072994
2020_06_ARI_DAL,2020,6,2020-10-19,DAL,ARI,10,38,Home,1483.9726700139393,1466.2078899396745,1443.9329408727583,1506.2476190808554
2020_06_KC_BUF,2020,6,2020-10-19,BUF,KC,17,26,Home,1543.6977357067822,1678.0352809043022,1525.7720569501844,1695.9609596609
2020_07_NYG_PHI,2020,7,2020-10-22,PHI,NYG,22,21,Home,1464.6336873890077,1345.7651232980427,1467.9294585780463,1342.4693521090041
2020_07_BUF_NYJ,2020,7,2020-10-25,NYJ,BUF,10,18,Home,1325.6882581456766,1525.7720569501844,1312.653304605477,1538.807010490384
2020_07_CAR_NO,2020,7,2020-10-25,NO,CAR,27,24,Home,1582.1526818473242,1441.2144526382049,1588.08695719774,1435.280177287789
2020_07_CLE_CIN,2020,7,2020-10-25,CIN,CLE,34,37,Home,1376.5704122796803,1489.6487146270433,1364.8693890195811,1501.3497378871425
2020_07_DAL_WAS,2020,7,2020-10-25,WAS,DAL,25,3,Home,1336.1770890072994,1443.9329408727583,1370.70030739126,1409.4097224887978
2020_07_DET_ATL,2020,7,2020-10-25,ATL,DET,22,23,Home,1469.0785186082985,1422.1672345658064,1460.4285283891852,1430.8172247849197
2020_07_GB_HOU,2020,7,2020-10-25,HOU,GB,20,35,Home,1460.0543726783383,1599.786414443951,1438.9198347939678,1620.9209523283214
2020_07_JAX_LAC,2020,7,2020-10-25,LAC,JAX,39,29,Home,1435.4689904289091,1342.6155431906752,1448.3235491305925,1329.7609844889919
2020_07_KC_DEN,2020,7,2020-10-25,DEN,KC,16,43,Home,1483.8073551887119,1695.9609596609,1465.064791000174,1714.703523849438
2020_07_PIT_TEN,2020,7,2020-10-25,TEN,PIT,24,27,Home,1630.2653760103485,1589.865338237917,1613.1417050095388,1606.9890092387268
2020_07_SEA_ARI,2020,7,2020-10-25,ARI,SEA,37,34,Home,1506.2476190808554,1618.1159297430968,1521.6414358286377,1602.7221129953145
2020_07_SF_NE,2020,7,2020-10-25,NE,SF,6,33,Home,1545.9268984795826,1558.0323600583379,1508.4711950783042,1595.4880634596163
2020_07_TB_LV,2020,7,2020-10-25,LV,TB,20,45,Home,1481.3448811645205,1568.5969589574347,1451.1531449964095,1598.7886951255457
2020_07_CHI_LA,2020,7,2020-10-26,LA,CHI,24,10,Home,1570.9941932435618,1553.0925717463126,1590.9798078615574,1533.106957128317
2020_08_ATL_CAR,2020,8,2020-10-29,CAR,ATL,17,25,Home,1435.280177287789,1460.4285283891852,1411.2342374332388,1484.4744682437354
2020_08_DAL_PHI,2020,8,2020-11-01,PHI,DAL,23,9,Home,1467.9294585780463,1409.4097224887978,1484.8201252470394,1392.5190558198046
2020_08_IND_DET,2020,8,2020-11-01,DET,IND,21,41,Home,1430.8172247849197,1525.1639292803534,1403.3045101787304,1552.6766438865427
2020_08_LAC_DEN,2020,8,2020-11-01,DEN,LAC,31,30,Home,1465.064791000174,1448.3235491305925,1470.2039839421996,1443.1843561885669
2020_08_LA_MIA,2020,8,2020-11-01,MIA,LA,28,17,Home,1474.5452562146395,1590.9798078615574,1502.3952373178295,1563.1298267583675
2020_08_LV_CLE,2020,8,2020-11-01,CLE,LV,6,16,Home,1501.3497378871425,1451.1531449964095,1471.2741624706084,1481.2287204129436
2020_08_MIN_GB,2020,8,2020-11-01,GB,MIN,22,28,Home,1620.9209523283214,1480.8874481465825,1593.6868253494683,1508.1215751254356
2020_08_NE_BUF,2020,8,2020-11-01,BUF,NE,24,21,Home,1538.807010490384,1508.4711950783042,1548.5370203413504,1498.7411852273378
2020_08_NO_CHI,2020,8,2020-11-01,CHI,NO,23,26,Home,1533.106957128317,1588.08695719774,1518.9089840344886,1602.2849302915683
2020_08_NYJ_KC,2020,8,2020-11-01,KC,NYJ,35,9,Home,1714.703523849438,1312.653304605477,1718.1645027333454,1309.1923257215694
2020_08_PIT_BAL,2020,8,2020-11-01,BAL,PIT,24,28,Home,1656.4264338156368,1606.9890092387268,1636.2634827432737,1627.1519603110899
2020_08_SF_SEA,2020,8,2020-11-01,SEA,SF,37,27,Home,1602.7221129953145,1595.4880634596163,1621.1802523644883,1577.0299240904426
2020_08_TEN_CIN,2020,8,2020-11-01,CIN,TEN,31,20,Home,1364.8693890195811,1613.1417050095388,1398.897452310345,1579.113641718775
2020_08_TB_NYG,2020,8,2020-11-02,NYG,TB,23,25,Home,1342.4693521090041,1598.7886951255457,1337.4260331575495,1603.8320140770004
2020_09_GB_SF,2020,9,2020-11-05,SF,GB,17,34,Home,1577.0299240904426,1593.6868253494683,1544.837620562861,1625.8791288770499
2020_09_BAL_IND,2020,9,2020-11-08,IND,BAL,10,24,Home,1552.6766438865427,1636.2634827432737,1527.2582420053807,1661.6818846244357
2020_09_CAR_KC,2020,9,2020-11-08,KC,CAR,33,31,Home,1718.1645027333454,1411.2342374332388,1720.141246571573,1409.2574935950113
2020_09_CHI_TEN,2020,9,2020-11-08,TEN,CHI,24,17,Home,1579.113641718775,1518.9089840344886,1591.9899857650882,1506.0326399881753
2020_09_DEN_ATL,2020,9,2020-11-08,ATL,DEN,34,27,Home,1484.4744682437354,1470.2039839421996,1500.044096614439,1454.634355571496
2020_09_DET_MIN,2020,9,2020-11-08,MIN,DET,34,20,Home,1508.1215751254356,1403.3045101787304,1521.8670520029764,1389.5590333011896
2020_09_HOU_JAX,2020,9,2020-11-08,JAX,HOU,25,27,Home,1329.7609844889919,1438.9198347939678,1320.3525681388046,1448.328251144155
2020_09_LV_LAC,2020,9,2020-11-08,LAC,LV,26,31,Home,1443.1843561885669,1481.2287204129436,1424.1130872901315,1500.299989311379
2020_09_MIA_ARI,2020,9,2020-11-08,ARI,MIA,31,34,Home,1521.6414358286377,1502.3952373178295,1505.1142599872724,1518.9224131591948
2020_09_NO_TB,2020,9,2020-11-08,TB,NO,3,38,Home,1603.8320140770004,1602.2849302915683,1562.4669879600358,1643.649956408533
2020_09_NYG_WAS,2020,9,2020-11-08,WAS,NYG,20,23,Home,1370.70030739126,1337.4260331575495,1353.7735978146538,1354.3527427341555
2020_09_PIT_DAL,2020,9,2020-11-08,DAL,PIT,19,24,Home,1392.5190558198046,1627.1519603110899,1383.4167578496601,1636.2542582812343
2020_09_SEA_BUF,2020,9,2020-11-08,BUF,SEA,44,34,Home,1548.5370203413504,1621.1802523644883,1572.958555524078,1596.7587171817606
2020_09_NE_NYJ,2020,9,2020-11-09,NYJ,NE,27,30,Home,1309.1923257215694,1498.7411852273378,1300.5838523862178,1507.3496585626895
2020_10_IND_TEN,2020,10,2020-11-12,TEN,IND,17,34,Home,1591.9899857650882,1527.2582420053807,1554.9528313886356,1564.2953963818334
2020_10_BAL_NE,2020,10,2020-11-15,NE,BAL,23,17,Home,1507.3496585626895,1661.6818846244357,1530.754286620451,1638.2772565666742
2020_10_BUF_ARI,2020,10,2020-11-15,ARI,BUF,32,30,Home,1505.1142599872724,1572.958555524078,1516.1760178840696,1561.8967976272809
2020_10_CIN_PIT,2020,10,2020-11-15,PIT,CIN,36,10,Home,1636.2542582812343,1398.897452310345,1644.9035341253423,1390.248176466237
2020_10_DEN_LV,2020,10,2020-11-15,LV,DEN,37,12,Home,1500.299989311379,1454.634355571496,1521.7609608820796,1433.1733840007953
2020_10_HOU_CLE,2020,10,2020-11-15,CLE,HOU,10,7,Home,1471.2741624706084,1448.328251144155,1481.3002748291594,1438.302138785604
2020_10_JAX_GB,2020,10,2020-11-15,GB,JAX,24,20,Home,1625.8791288770499,1320.3525681388046,1628.7976046986105,1317.434092317244
2020_10_LAC_MIA,2020,10,2020-11-15,MIA,LAC,29,21,Home,1518.9224131591948,1424.1130872901315,1530.5972453174113,1412.438255131915
2020_10_PHI_NYG,2020,10,2020-11-15,NYG,PHI,27,17,Home,1354.3527427341555,1484.8201252470394,1381.9753381024238,1457.197529878771
2020_10_SEA_LA,2020,10,2020-11-15,LA,SEA,23,16,Home,1563.1298267583675,1596.7587171817606,1581.7857062760336,1578.1028376640945
2020_10_SF_NO,2020,10,2020-11-15,NO,SF,27,13,Home,1643.649956408533,1544.837620562861,1657.7791617940766,1530.7084151773174
2020_10_TB_CAR,2020,10,2020-11-15,CAR,TB,23,46,Home,1409.2574935950113,1562.4669879600358,1386.297219423033,1585.427262132014
2020_10_WAS_DET,2020,10,2020-11-15,DET,WAS,30,27,Home,1389.5590333011896,1353.7735978146538,1399.0738022516061,1344.2588288642373
2020_10_MIN_CHI,2020,10,2020-11-16,CHI,MIN,13,19,Home,1506.0326399881753,1521.8670520029764,1484.323277639933,1543.5764143512188
2020_11_ARI_SEA,2020,11,2020-11-19,SEA,ARI,28,21,Home,1578.1028376640945,1516.1760178840696,1590.8839836362824,1503.3948719118816
2020_11_ATL_NO,2020,11,2020-11-22,NO,ATL,24,9,Home,1657.7791617940766,1500.044096614439,1668.7150860469314,1489.1081723615841
2020_11_CIN_WAS,2020,11,2020-11-22,WAS,CIN,20,9,Home,1344.2588288642373,1390.248176466237,1367.5483335051613,1366.958671825313
2020_11_DAL_MIN,2020,11,2020-11-22,MIN,DAL,28,31,Home,1543.5764143512188,1383.4167578496601,1523.8277367266023,1403.1654354742766
2020_11_DET_CAR,2020,11,2020-11-22,CAR,DET,20,0,Home,1386.297219423033,1399.0738022516061,1411.5997165185215,1373.7713051561177
2020_11_GB_IND,2020,11,2020-11-22,IND,GB,34,31,Home,1564.2953963818334,1628.7976046986105,1578.1353461897056,1614.9576548907382
2020_11_KC_LV,2020,11,2020-11-22,LV,KC,31,35,Home,1521.7609608820796,1720.141246571573,1512.1417451103632,1729.7604623432894
2020_11_MIA_DEN,2020,11,2020-11-22,DEN,MIA,20,13,Home,1433.1733840007953,1530.5972453174113,1455.5726669631679,1508.1979623550387
2020_11_NE_HOU,2020,11,2020-11-22,HOU,NE,27,20,Home,1438.302138785604,1530.754286620451,1460.459698227413,1508.5967271786421
2020_11_NYJ_LAC,2020,11,2020-11-22,LAC,NYJ,34,28,Home,1412.438255131915,1300.5838523862178,1421.9988316616382,1291.0232758564946
2020_11_PHI_CLE,2020,11,2020-11-22,CLE,PHI,22,17,Home,1481.3002748291594,1457.197529878771,1494.1985183862146,1444.299286321716
2020_11_PIT_JAX,2020,11,2020-11-22,JAX,PIT,3,27,Home,1317.434092317244,1644.9035341253423,1307.0349110065176,1655.3027154360686
2020_11_TEN_BAL,2020,11,2020-11-22,BAL,TEN,24,30,Home,1638.2772565666742,1554.9528313886356,1612.705312419168,1580.5247755361418
2020_11_LA_TB,2020,11,2020-11-23,TB,LA,24,27,Home,1585.427262132014,1581.7857062760336,1569.3618087936284,1597.8511596144192
2020_12_HOU_DET,2020,12,2020-11-26,DET,HOU,25,41,Home,1373.7713051561177,1460.459698227413,1347.4648278683103,1486.7661755152203
2020_12_WAS_DAL,2020,12,2020-11-26,DAL,WAS,16,41,Home,1403.1654354742766,1367.5483335051613,1363.2306807776154,1407.4830882018225
2020_12_ARI_NE,2020,12,2020-11-29,NE,ARI,20,17,Home,1508.5967271786421,1503.3948719118816,1519.3528444282658,1492.638754662258
2020_12_CAR_MIN,2020,12,2020-11-29,MIN,CAR,28,27,Home,1523.8277367266023,1411.5997165185215,1527.2273706985857,1408.2000825465382
2020_12_CHI_GB,2020,12,2020-11-29,GB,CHI,41,25,Home,1614.9576548907382,1484.323277639933,1627.6999350877836,1471.5809974428876
2020_12_CLE_JAX,2020,12,2020-11-29,JAX,CLE,25,27,Home,1307.0349110065176,1494.1985183862146,1300.1426961,1501.0907332927322
2020_12_KC_TB,2020,12,2020-11-29,TB,KC,24,27,Home,1569.3618087936284,1729.7604623432894,1559.6342960552631,1739.4879750816547
2020_12_LAC_BUF,2020,12,2020-11-29,BUF,LAC,27,17,Home,1561.8967976272809,1421.9988316616382,1572.2130223367426,1411.6826069521765
2020_12_LV_ATL,2020,12,2020-11-29,ATL,LV,43,6,Home,1489.1081723615841,1512.1417451103632,1520.5124151139041,1480.7375023580432
2020_12_MIA_NYJ,2020,12,2020-11-29,NYJ,MIA,3,20,Home,1291.0232758564946,1508.1979623550387,1275.12687806774,1524.0943601437932
2020_12_NO_DEN,2020,12,2020-11-29,DEN,NO,3,31,Home,1455.5726669631679,1668.7150860469314,1436.71604396514,1687.5717090449593
2020_12_NYG_CIN,2020,12,2020-11-29,CIN,NYG,17,19,Home,1366.958671825313,1381.9753381024238,1354.6817870979337,1394.2522228298033
2020_12_SF_LA,2020,12,2020-11-29,LA,SF,20,23,Home,1597.8511596144192,1530.7084151773174,1580.026591992164,1548.5329827995727
2020_12_TEN_IND,2020,12,2020-11-29,IND,TEN,26,45,Home,1578.1353461897056,1580.5247755361418,1543.8139375726525,1614.8461841531948
2020_12_SEA_PHI,2020,12,2020-11-30,PHI,SEA,17,23,Home,1444.299286321716,1590.8839836362824,1429.8627539979748,1605.3205159600236
2020_12_BAL_PIT,2020,12,2020-12-02,PIT,BAL,19,14,Home,1655.3027154360686,1612.705312419168,1667.2575633352394,1600.7504645199972
2020_13_CIN_MIA,2020,13,2020-12-06,MIA,CIN,19,7,Home,1524.0943601437932,1354.6817870979337,1533.6430207360968,1345.1331265056301
2020_13_CLE_TEN,2020,13,2020-12-06,TEN,CLE,35,41,Home,1614.8461841531948,1501.0907332927322,1588.3288912427668,1527.6080262031603
2020_13_DEN_KC,2020,13,2020-12-06,KC,DEN,22,16,Home,1739.4879750816547,1436.71604396514,1743.070771536884,1433.1332475099107
2020_13_DET_CHI,2020,13,2020-12-06,CHI,DET,30,34,Home,1471.5809974428876,1347.4648278683103,1449.4059715044143,1369.6398538067835
2020_13_IND_HOU,2020,13,2020-12-06,HOU,IND,20,26,Home,1486.7661755152203,1543.8139375726525,1466.9334528844631,1563.6466602034097
2020_13_JAX_MIN,2020,13,2020-12-06,MIN,JAX,27,24,Home,1527.2273706985857,1300.1426961,1531.0680298433194,1296.3020369552662
2020_13_LA_ARI,2020,13,2020-12-06,ARI,LA,28,38,Home,1492.638754662258,1580.026591992164,1470.428822403832,1602.2365242505898
2020_13_LV_NYJ,2020,13,2020-12-06,NYJ,LV,28,31,Home,1275.12687806774,1480.7375023580432,1267.099945418444,1488.7644350073394
2020_13_NE_LAC,2020,13,2020-12-06,LAC,NE,0,45,Home,1411.6826069521765,1519.3528444282658,1378.7142715157051,1552.3211798647371
2020_13_NO_ATL,2020,13,2020-12-06,ATL,NO,16,21,Home,1520.5124151139041,1687.5717090449593,1508.2792811433192,1699.8048430155443
2020_13_NYG_SEA,2020,13,2020-12-06,SEA,NYG,12,17,Home,1605.3205159600236,1394.2522228298033,1578.8775882294156,1420.6951505604113
2020_13_PHI_GB,2020,13,2020-12-06,GB,PHI,30,16,Home,1627.6999350877836,1429.8627539979748,1636.4323330144712,1421.1303560712872
2020_13_BUF_SF,2020,13,2020-12-07,SF,BUF,24,34,Neutral,1548.5329827995727,1572.2130223367426,1526.4238043324513,1594.322200803864
2020_13_WAS_PIT,2020,13,2020-12-07,PIT,WAS,17,23,Home,1667.2575633352394,1407.4830882018225,1637.8760239716846,1436.8646275653773
2020_13_DAL_BAL,2020,13,2020-12-08,BAL,DAL,34,17,Home,1600.7504645199972,1363.2306807776154,1608.3291311365267,1355.6520141610858
2020_14_NE_LA,2020,14,2020-12-10,LA,NE,24,3,Home,1602.2365242505898,1552.3211798647371,1622.2357824709782,1532.3219216443488
2020_14_ARI_NYG,2020,14,2020-12-13,NYG,ARI,7,26,Home,1420.6951505604113,1470.428822403832,1389.6378628049606,1501.4861101592828
2020_14_ATL_LAC,2020,14,2020-12-13,LAC,ATL,20,17,Home,1378.7142715157051,1508.2792811433192,1394.656294467735,1492.3372581912893
2020_14_DAL_CIN,2020,14,2020-12-13,CIN,DAL,7,30,Home,1345.1331265056301,1355.6520141610858,1309.2970054504465,1391.4881352162695
2020_14_DEN_CAR,2020,14,2020-12-13,CAR,DEN,27,32,Home,1408.2000825465382,1433.1332475099107,1388.5825908539755,1452.7507392024734
2020_14_GB_DET,2020,14,2020-12-13,DET,GB,24,31,Home,1369.6398538067835,1636.4323330144712,1360.5590545580326,1645.5131322632221
2020_14_HOU_CHI,2020,14,2020-12-13,CHI,HOU,36,7,Home,1449.4059715044143,1466.9334528844631,1478.1784960953175,1438.16092829356
2020_14_IND_LV,2020,14,2020-12-13,LV,IND,27,44,Home,1488.7644350073394,1563.6466602034097,1460.808191015251,1591.6029041954982
2020_14_KC_MIA,2020,14,2020-12-13,MIA,KC,27,33,Home,1533.6430207360968,1743.070771536884,1522.5644563294372,1754.1493359435435
2020_14_MIN_TB,2020,14,2020-12-13,TB,MIN,26,14,Home,1559.6342960552631,1531.0680298433194,1577.7673279521011,1512.9349979464814
2020_14_NO_PHI,2020,14,2020-12-13,PHI,NO,24,21,Home,1421.1303560712872,1699.8048430155443,1440.6858814923726,1680.249317594459
2020_14_NYJ_SEA,2020,14,2020-12-13,SEA,NYJ,40,3,Home,1578.8775882294156,1267.099945418444,1585.249089776196,1260.7284438716636
2020_14_PIT_BUF,2020,14,2020-12-13,BUF,PIT,26,15,Home,1594.322200803864,1637.8760239716846,1617.4142453616828,1614.7839794138658
2020_14_TEN_JAX,2020,14,2020-12-13,JAX,TEN,10,31,Home,1296.3020369552662,1588.3288912427668,1284.3653254248918,1600.2656027731412
2020_14_WAS_SF,2020,14,2020-12-13,SF,WAS,15,23,Neutral,1526.4238043324513,1436.8646275653773,1499.9861704762457,1463.302261421583
2020_14_BAL_CLE,2020,14,2020-12-14,CLE,BAL,42,47,Home,1527.6080262031603,1608.3291311365267,1510.622012786918,1625.315144552769
2020_15_LAC_LV,2020,15,2020-12-17,LV,LAC,27,30,Home,1460.808191015251,1394.656294467735,1443.0084754125367,1412.4560100704493
2020_15_BUF_DEN,2020,15,2020-12-19,DEN,BUF,19,48,Home,1452.7507392024734,1617.4142453616828,1429.2985949988517,1640.8663895653044
2020_15_CAR_GB,2020,15,2020-12-19,GB,CAR,24,16,Home,1645.5131322632221,1388.5825908539755,1650.707500520418,1383.3882225967795
2020_15_CHI_MIN,2020,15,2020-12-20,MIN,CHI,27,33,Home,1512.9349979464814,1478.1784960953175,1489.1173716465175,1501.9961223952814
2020_15_CLE_NYG,2020,15,2020-12-20,NYG,CLE,6,20,Home,1389.6378628049606,1510.622012786918,1367.4482741876113,1532.8116014042673
2020_15_DET_TEN,2020,15,2020-12-20,TEN,DET,46,25,Home,1600.2656027731412,1360.5590545580326,1608.2770089338032,1352.5476483973705
2020_15_HOU_IND,2020,15,2020-12-20,IND,HOU,27,20,Home,1591.6029041954982,1438.16092829356,1599.9794724098997,1429.7843600791584
2020_15_JAX_BAL,2020,15,2020-12-20,BAL,JAX,40,14,Home,1625.315144552769,1284.3653254248918,1630.2187608270165,1279.4617091506443
2020_15_KC_NO,2020,15,2020-12-20,NO,KC,29,32,Home,1680.249317594459,1754.1493359435435,1666.7958393634224,1767.60281417458
2020_15_NE_MIA,2020,15,2020-12-20,MIA,NE,22,12,Home,1522.5644563294372,1532.3219216443488,1542.2677891026717,1512.6185888711143
2020_15_NYJ_LA,2020,15,2020-12-20,LA,NYJ,20,23,Home,1622.2357824709782,1260.7284438716636,1600.848265729747,1282.1159606128947
2020_15_PHI_ARI,2020,15,2020-12-20,ARI,PHI,33,26,Home,1501.4861101592828,1440.6858814923726,1514.3294827435684,1427.842508908087
2020_15_SEA_WAS,2020,15,2020-12-20,WAS,SEA,15,20,Home,1463.302261421583,1585.249089776196,1448.6740997478187,1599.87725144996
2020_15_SF_DAL,2020,15,2020-12-20,DAL,SF,41,33,Home,1391.4881352162695,1499.9861704762457,1415.7178991812393,1475.7564065112758
2020_15_TB_ATL,2020,15,2020-12-20,ATL,TB,27,31,Home,1492.3372581912893,1577.7673279521011,1477.327564939873,1592.7770212035175
2020_15_PIT_CIN,2020,15,2020-12-21,CIN,PIT,27,17,Home,1309.2970054504465,1614.7839794138658,1343.8692629422546,1580.2117219220577
2020_16_MIN_NO,2020,16,2020-12-25,NO,MIN,52,33,Home,1666.7958393634224,1489.1173716465175,1677.4963985358215,1478.4168124741184
2020_16_MIA_LV,2020,16,2020-12-26,LV,MIA,25,26,Home,1443.0084754125367,1542.2677891026717,1436.854121434504,1548.4221430807045
2020_16_SF_ARI,2020,16,2020-12-26,ARI,SF,12,20,Home,1514.3294827435684,1475.7564065112758,1487.2685180087706,1502.8173712460737
2020_16_TB_DET,2020,16,2020-12-26,DET,TB,7,47,Home,1352.5476483973705,1592.7770212035175,1334.1640378339357,1611.1606317669523
2020_16_ATL_KC,2020,16,2020-12-27,KC,ATL,17,14,Home,1767.60281417458,1477.327564939873,1770.337129272085,1474.593249842368
2020_16_CAR_WAS,2020,16,2020-12-27,WAS,CAR,13,20,Home,1448.6740997478187,1383.3882225967795,1422.00721604204,1410.0551063025582
2020_16_CHI_JAX,2020,16,2020-12-27,JAX,CHI,17,41,Home,1279.4617091506443,1501.9961223952814,1262.1811312218647,1519.276700324061
2020_16_CIN_HOU,2020,16,2020-12-27,HOU,CIN,31,37,Home,1429.7843600791584,1343.8692629422546,1404.1271788401393,1369.5264441812737
2020_16_CLE_NYJ,2020,16,2020-12-27,NYJ,CLE,23,16,Home,1282.1159606128947,1532.8116014042673,1310.664840968371,1504.262721048791
2020_16_DEN_LAC,2020,16,2020-12-27,LAC,DEN,19,16,Home,1412.4560100704493,1429.2985949988517,1424.1535910321093,1417.6010140371918
2020_16_IND_PIT,2020,16,2020-12-27,PIT,IND,28,24,Home,1580.2117219220577,1599.9794724098997,1593.9402891548107,1586.2509051771467
2020_16_LA_SEA,2020,16,2020-12-27,SEA,LA,20,9,Home,1599.87725144996,1600.848265729747,1619.6233348859603,1581.1021822937469
2020_16_NYG_BAL,2020,16,2020-12-27,BAL,NYG,27,13,Home,1630.2187608270165,1367.4482741876113,1636.4225979045964,1361.2444371100314
2020_16_PHI_DAL,2020,16,2020-12-27,DAL,PHI,37,17,Home,1415.7178991812393,1427.842508908087,1440.9585404422512,1402.601867647075
2020_16_TEN_GB,2020,16,2020-12-27,GB,TEN,40,14,Home,1650.707500520418,1608.2770089338032,1672.713073744245,1586.2714357099762
2020_16_BUF_NE,2020,16,2020-12-28,NE,BUF,9,38,Home,1512.6185888711143,1640.8663895653044,1485.5100589369142,1667.9749194995045
2020_17_ARI_LA,2020,17,2021-01-03,LA,ARI,18,7,Home,1581.1021822937469,1487.2685180087706,1594.3641675580704,1474.006532744447
2020_17_ATL_TB,2020,17,2021-01-03,TB,ATL,44,27,Home,1611.1606317669523,1474.593249842368,1623.7963607241481,1461.9575208851722
2020_17_BAL_CIN,2020,17,2021-01-03,CIN,BAL,3,38,Home,1369.5264441812737,1636.4225979045964,1353.8852142631936,1652.0638278226766
2020_17_DAL_NYG,2020,17,2021-01-03,NYG,DAL,23,19,Home,1361.2444371100314,1440.9585404422512,1377.9085620544577,1424.294415497825
2020_17_GB_CHI,2020,17,2021-01-03,CHI,GB,16,35,Home,1519.276700324061,1672.713073744245,1497.6534199061066,1694.3363541621998
2020_17_JAX_IND,2020,17,2021-01-03,IND,JAX,28,14,Home,1586.2509051771467,1262.1811312218647,1590.68027654226,1257.7517598567515
2020_17_LAC_KC,2020,17,2021-01-03,KC,LAC,21,38,Home,1770.337129272085,1424.1535910321093,1725.8079258277771,1468.682794476417
2020_17_LV_DEN,2020,17,2021-01-03,DEN,LV,31,32,Home,1417.6010140371918,1436.854121434504,1409.9217943712767,1444.533341100419
2020_17_MIA_BUF,2020,17,2021-01-03,BUF,MIA,56,26,Home,1667.9749194995045,1548.4221430807045,1684.2504482219665,1532.1466143582425
2020_17_MIN_DET,2020,17,2021-01-03,DET,MIN,35,37,Home,1334.1640378339357,1478.4168124741184,1325.9377015456314,1486.6431487624227
2020_17_NO_CAR,2020,17,2021-01-03,CAR,NO,7,33,Home,1410.0551063025582,1677.4963985358215,1395.7071570320295,1691.8443478063502
2020_17_NYJ_NE,2020,17,2021-01-03,NE,NYJ,28,14,Home,1485.5100589369142,1310.664840968371,1495.321517185915,1300.8533827193703
2020_17_PIT_CLE,2020,17,2021-01-03,CLE,PIT,24,22,Home,1504.262721048791,1593.9402891548107,1515.8973474585248,1582.305662745077
2020_17_SEA_SF,2020,17,2021-01-03,SF,SEA,23,26,Neutral,1502.8173712460737,1619.6233348859603,1493.9194935233054,1628.5212126087285
2020_17_TEN_HOU,2020,17,2021-01-03,HOU,TEN,38,41,Home,1404.1271788401393,1586.2714357099762,1395.2420663230312,1595.1565482270844
2020_17_WAS_PHI,2020,17,2021-01-03,PHI,WAS,14,20,Home,1402.601867647075,1422.00721604204,1381.0503218259717,1443.5587618631434
2020_18_IND_BUF,2020,18,2021-01-09,BUF,IND,27,24,Home,1684.2504482219665,1590.68027654226,1691.6579640863526,1583.2727606778737
2020_18_LA_SEA,2020,18,2021-01-09,SEA,LA,20,30,Home,1628.5212126087285,1594.3641675580704,1599.200222615355,1623.685157551444
2020_18_TB_WAS,2020,18,2021-01-09,WAS,TB,23,31,Home,1443.5587618631434,1623.7963607241481,1429.3619329397136,1637.993189647578
2020_18_BAL_TEN,2020,18,2021-01-10,TEN,BAL,13,20,Home,1595.1565482270844,1652.0638278226766,1573.9558488256955,1673.2645272240654
2020_18_CHI_NO,2020,18,2021-01-10,NO,CHI,21,9,Home,1691.8443478063502,1497.6534199061066,1700.2710019285312,1489.2267657839257
2020_18_CLE_PIT,2020,18,2021-01-10,PIT,CLE,37,48,Home,1582.305662745077,1515.8973474585248,1550.3884630007142,1547.8145472028875
2020_19_BAL_BUF,2020,19,2021-01-16,BUF,BAL,17,3,Home,1691.6579640863526,1673.2645272240654,1711.6043771415439,1653.3181141688742
2020_19_LA_GB,2020,19,2021-01-16,GB,LA,32,18,Home,1694.3363541621998,1623.685157551444,1710.3619370293363,1607.6595746843075
2020_19_CLE_KC,2020,19,2021-01-17,KC,CLE,22,17,Home,1725.8079258277771,1547.8145472028875,1732.197853195735,1541.4246198349297
2020_19_TB_NO,2020,19,2021-01-17,NO,TB,20,30,Home,1700.2710019285312,1637.993189647578,1669.6520818571123,1668.6121097189969
2020_20_BUF_KC,2020,20,2021-01-24,KC,BUF,38,24,Home,1732.197853195735,1711.6043771415439,1751.9693984375879,1691.832831899691
2020_20_TB_GB,2020,20,2021-01-24,GB,TB,26,31,Home,1710.3619370293363,1668.6121097189969,1688.1822983678921,1690.791748380441
2020_21_KC_TB,2020,21,2021-02-07,TB,KC,31,9,Neutral,1690.791748380441,1751.9693984375879,1726.6152338426555,1716.1459129753734
2021_01_DAL_TB,2021,1,2021-09-09,TB,DAL,31,29,Home,1635.969140305593,1454.576649298695,1639.8206281366959,1450.7251614675922
2021_01_ARI_TEN,2021,1,2021-09-12,TEN,ARI,13,38,Home,1544.373509295417,1484.403919646668,1502.9093403713168,1525.8680885707684
2021_01_CHI_LA,2021,1,2021-09-12,LA,CHI,34,14,Home,1564.5957448105842,1493.5360594703552,1582.5802988121802,1475.5515054687592
2021_01_CLE_KC,2021,1,2021-09-12,KC,CLE,33,29,Home,1629.687547785224,1524.8547719009575,1637.8561154121485,1516.6862042740331
2021_01_DEN_NYG,2021,1,2021-09-12,NYG,DEN,13,27,Home,1426.7451372326746,1445.9530766227658,1396.740479921669,1475.9577339337714
2021_01_GB_NO,2021,1,2021-09-12,NO,GB,38,3,Neutral,1601.7912491142672,1612.9093790207353,1638.5868392957261,1576.1137888392764
2021_01_JAX_HOU,2021,1,2021-09-12,HOU,JAX,37,21,Home,1437.1452397938185,1354.6510559140506,1453.056972463041,1338.7393232448283
2021_01_LAC_WAS,2021,1,2021-09-12,WAS,LAC,16,20,Home,1457.617159763828,1481.2096766858501,1439.9462719109486,1498.8805645387297
2021_01_MIA_NE,2021,1,2021-09-12,NE,MIA,16,17,Home,1497.1929103115488,1519.2879686149454,1489.5586780738495,1526.9222008526447
2021_01_MIN_CIN,2021,1,2021-09-12,CIN,MIN,27,24,Home,1412.3311285579161,1491.9858892574534,1426.682861169073,1477.6341566462966
2021_01_NYJ_CAR,2021,1,2021-09-12,CAR,NYJ,19,14,Home,1437.4242942192177,1380.512029631622,1448.6771119687828,1369.259211882057
2021_01_PHI_ATL,2021,1,2021-09-12,ATL,PHI,6,32,Home,1477.1745125311031,1428.6301930955829,1435.9409850388183,1469.8637205878676
2021_01_PIT_BUF,2021,1,2021-09-12,BUF,PIT,16,23,Home,1615.0996991398144,1530.2330778004284,1587.7186331080457,1557.6141438321972
2021_01_SEA_IND,2021,1,2021-09-12,IND,SEA,16,28,Home,1549.963656406724,1559.5201335692127,1520.9857196347052,1588.4980703412316
2021_01_SF_DET,2021,1,2021-09-12,DET,SF,33,41,Home,1395.5626209273787,1496.351696113983,1376.1613629582093,1515.7529540831524
2021_01_BAL_LV,2021,1,2021-09-13,LV,BAL,33,27,Home,1466.720004660251,1591.9908685013243,1488.9132823712744,1569.797590790301
2021_02_NYG_WAS,2021,2,2021-09-16,WAS,NYG,30,29,Home,1439.9462719109486,1396.740479921669,1444.5592985968215,1392.127453235796
2021_02_ATL_TB,2021,2,2021-09-19,TB,ATL,48,25,Home,1639.8206281366959,1435.9409850388183,1649.755348851931,1426.006264323583
2021_02_BUF_MIA,2021,2,2021-09-19,MIA,BUF,0,35,Home,1526.9222008526447,1587.7186331080457,1490.7226353466813,1623.918198614009
2021_02_CIN_CHI,2021,2,2021-09-19,CHI,CIN,20,17,Home,1475.5515054687592,1426.682861169073,1484.5606804271974,1417.6736862106347
2021_02_DAL_LAC,2021,2,2021-09-19,LAC,DAL,17,20,Home,1498.8805645387297,1450.7251614675922,1481.5473020917877,1468.0584239145342
2021_02_DEN_JAX,2021,2,2021-09-19,JAX,DEN,13,23,Home,1338.7393232448283,1475.9577339337714,1320.2800556864133,1494.4170014921863
2021_02_HOU_CLE,2021,2,2021-09-19,CLE,HOU,31,21,Home,1516.6862042740331,1453.056972463041,1531.316681849955,1438.426494887119
2021_02_KC_BAL,2021,2,2021-09-19,BAL,KC,36,35,Home,1569.797590790301,1637.8561154121485,1576.7803720157942,1630.8733341866553
2021_02_LA_IND,2021,2,2021-09-19,IND,LA,24,27,Home,1520.9857196347052,1582.5802988121802,1507.0085370390052,1596.5574814078802
2021_02_LV_PIT,2021,2,2021-09-19,PIT,LV,17,26,Home,1557.6141438321972,1488.9132823712744,1527.9435635305983,1518.5838626728732
2021_02_MIN_ARI,2021,2,2021-09-19,ARI,MIN,34,33,Home,1525.8680885707684,1477.6341566462966,1530.3847549146137,1473.1174903024512
2021_02_NE_NYJ,2021,2,2021-09-19,NYJ,NE,6,25,Home,1369.259211882057,1489.5586780738495,1344.6487862471233,1514.169103708783
2021_02_NO_CAR,2021,2,2021-09-19,CAR,NO,26,7,Home,1448.6771119687828,1638.5868392957261,1486.798980106872,1600.464971157637
2021_02_SF_PHI,2021,2,2021-09-19,PHI,SF,11,17,Home,1469.8637205878676,1515.7529540831524,1449.5121337262412,1536.1045409447788
2021_02_TEN_SEA,2021,2,2021-09-19,SEA,TEN,30,33,Home,1588.4980703412316,1502.9093403713168,1570.2271411895276,1521.1802695230208
2021_02_DET_GB,2021,2,2021-09-20,GB,DET,35,17,Home,1576.1137888392764,1376.1613629582093,1585.5060060831208,1366.7691457143649
2021_03_CAR_HOU,2021,3,2021-09-23,HOU,CAR,9,24,Home,1438.426494887119,1486.798980106872,1409.5926439738064,1515.6328310201845
2021_03_ARI_JAX,2021,3,2021-09-26,JAX,ARI,19,31,Home,1320.2800556864133,1530.3847549146137,1305.7209590312143,1544.9438515698128
2021_03_ATL_NYG,2021,3,2021-09-26,NYG,ATL,14,17,Home,1392.127453235796,1426.006264323583,1377.2367054646027,1440.8970120947765
2021_03_BAL_DET,2021,3,2021-09-26,DET,BAL,17,19,Home,1366.7691457143649,1576.7803720157942,1360.5306429556456,1583.0188747745135
2021_03_CHI_CLE,2021,3,2021-09-26,CLE,CHI,26,6,Home,1531.316681849955,1484.5606804271974,1551.2791761515084,1464.5981861256441
2021_03_CIN_PIT,2021,3,2021-09-26,PIT,CIN,10,24,Home,1527.9435635305983,1417.6736862106347,1491.1824422072568,1454.4348075339763
2021_03_GB_SF,2021,3,2021-09-26,SF,GB,28,30,Home,1536.1045409447788,1585.5060060831208,1524.7063301900769,1596.9042168378228
2021_03_IND_TEN,2021,3,2021-09-26,TEN,IND,25,16,Home,1521.1802695230208,1507.0085370390052,1538.427411737397,1489.761394824629
2021_03_LAC_KC,2021,3,2021-09-26,KC,LAC,24,30,Home,1630.8733341866553,1481.5473020917877,1603.4078360594644,1509.0128002189786
2021_03_MIA_LV,2021,3,2021-09-26,LV,MIA,31,28,Home,1518.5838626728732,1490.7226353466813,1528.4124893127862,1480.8940087067683
2021_03_NO_NE,2021,3,2021-09-26,NE,NO,13,28,Home,1514.169103708783,1600.464971157637,1488.3900734221058,1626.244001444314
2021_03_NYJ_DEN,2021,3,2021-09-26,DEN,NYJ,26,0,Home,1494.4170014921863,1344.6487862471233,1507.9339728670288,1331.1318148722808
2021_03_SEA_MIN,2021,3,2021-09-26,MIN,SEA,30,17,Home,1473.1174903024512,1570.2271411895276,1501.5255102657468,1541.819121226232
2021_03_TB_LA,2021,3,2021-09-26,LA,TB,34,24,Home,1596.5574814078802,1649.755348851931,1619.5985933416443,1626.714236918167
2021_03_WAS_BUF,2021,3,2021-09-26,BUF,WAS,43,21,Home,1623.918198614009,1444.5592985968215,1635.023735754086,1433.4537614567446
2021_03_PHI_DAL,2021,3,2021-09-27,DAL,PHI,41,21,Home,1468.0584239145342,1449.5121337262412,1490.4694684597807,1427.1010891809947
2021_04_JAX_CIN,2021,4,2021-09-30,CIN,JAX,24,21,Home,1454.4348075339763,1305.7209590312143,1460.1495944350318,1300.0061721301588
2021_04_ARI_LA,2021,4,2021-10-03,LA,ARI,20,37,Home,1619.5985933416443,1544.9438515698128,1582.0482112706961,1582.494233640761
2021_04_BAL_DEN,2021,4,2021-10-03,DEN,BAL,7,23,Home,1507.9339728670288,1583.0188747745135,1480.5495279006784,1610.403319740864
2021_04_CAR_DAL,2021,4,2021-10-03,DAL,CAR,36,28,Home,1490.4694684597807,1515.6328310201845,1509.587204092701,1496.5150953872642
2021_04_CLE_MIN,2021,4,2021-10-03,MIN,CLE,7,14,Home,1501.5255102657468,1551.2791761515084,1479.96856259357,1572.8361238236853
2021_04_DET_CHI,2021,4,2021-10-03,CHI,DET,24,14,Home,1464.5981861256441,1360.5306429556456,1476.8114413812157,1348.317387700074
2021_04_HOU_BUF,2021,4,2021-10-03,BUF,HOU,40,0,Home,1635.023735754086,1409.5926439738064,1645.401722333536,1399.2146573943562
2021_04_IND_MIA,2021,4,2021-10-03,MIA,IND,17,27,Home,1480.8940087067683,1489.761394824629,1453.7664669480052,1516.888936583392
2021_04_KC_PHI,2021,4,2021-10-03,PHI,KC,30,42,Home,1427.1010891809947,1603.4078360594644,1410.2512903876013,1620.2576348528578
2021_04_NYG_NO,2021,4,2021-10-03,NO,NYG,21,27,Home,1626.244001444314,1377.2367054646027,1596.9865487123757,1406.494158196541
2021_04_PIT_GB,2021,4,2021-10-03,GB,PIT,27,17,Home,1596.9042168378228,1491.1824422072568,1609.0247835016767,1479.061875543403
2021_04_SEA_SF,2021,4,2021-10-03,SF,SEA,21,28,Home,1524.7063301900769,1541.819121226232,1501.5674845223973,1564.9579668939116
2021_04_TB_NE,2021,4,2021-10-03,NE,TB,17,19,Home,1488.3900734221058,1626.714236918167,1479.9693407882037,1635.1349695520692
2021_04_TEN_NYJ,2021,4,2021-10-03,NYJ,TEN,27,24,Home,1331.1318148722808,1538.427411737397,1349.2059193875355,1520.3533072221423
2021_04_WAS_ATL,2021,4,2021-10-03,ATL,WAS,30,34,Home,1440.8970120947765,1433.4537614567446,1422.1131493625755,1452.2376241889456
2021_04_LV_LAC,2021,4,2021-10-04,LAC,LV,28,14,Home,1509.0128002189786,1528.4124893127862,1532.0811555880437,1505.344133943721
2021_05_LA_SEA,2021,5,2021-10-07,SEA,LA,17,26,Home,1564.9579668939116,1582.0482112706961,1539.3349284225221,1607.6712497420856
2021_05_BUF_KC,2021,5,2021-10-10,KC,BUF,20,38,Home,1620.2576348528578,1645.401722333536,1588.0340568965482,1677.6253002898457
2021_05_CHI_LV,2021,5,2021-10-10,LV,CHI,9,20,Home,1505.344133943721,1476.8114413812157,1475.242310834412,1506.9132644905249
2021_05_CLE_LAC,2021,5,2021-10-10,LAC,CLE,47,42,Home,1532.0811555880437,1572.8361238236853,1548.5687349249506,1556.3485444867783
2021_05_DEN_PIT,2021,5,2021-10-10,PIT,DEN,27,19,Home,1479.061875543403,1480.5495279006784,1496.556614661884,1463.0547887821974
2021_05_DET_MIN,2021,5,2021-10-10,MIN,DET,19,17,Home,1479.96856259357,1348.317387700074,1484.8856408798329,1343.400309413811
2021_05_GB_CIN,2021,5,2021-10-10,CIN,GB,22,25,Home,1460.1495944350318,1609.0247835016767,1449.9583428329233,1619.216035103785
2021_05_MIA_TB,2021,5,2021-10-10,TB,MIA,45,17,Home,1635.1349695520692,1453.7664669480052,1646.941380325768,1441.9600561743064
2021_05_NE_HOU,2021,5,2021-10-10,HOU,NE,22,25,Home,1399.2146573943562,1479.9693407882037,1386.0740101625265,1493.1099880200334
2021_05_NO_WAS,2021,5,2021-10-10,WAS,NO,22,33,Home,1452.2376241889456,1596.9865487123757,1433.6673684807897,1615.5568044205315
2021_05_NYG_DAL,2021,5,2021-10-10,DAL,NYG,44,20,Home,1509.587204092701,1406.494158196541,1526.055584866096,1390.025777423146
2021_05_NYJ_ATL,2021,5,2021-10-10,ATL,NYJ,27,20,Neutral,1422.1131493625755,1349.2059193875355,1438.0778600235087,1333.2412087266023
2021_05_PHI_CAR,2021,5,2021-10-10,CAR,PHI,18,21,Home,1496.5150953872642,1410.2512903876013,1478.2284247514724,1428.537961023393
2021_05_SF_ARI,2021,5,2021-10-10,ARI,SF,17,10,Home,1582.494233640761,1501.5674845223973,1594.2544611088147,1489.8072570543436
2021_05_TEN_JAX,2021,5,2021-10-10,JAX,TEN,19,37,Home,1300.0061721301588,1520.3533072221423,1284.041943593796,1536.317535758505
2021_05_IND_BAL,2021,5,2021-10-11,BAL,IND,31,25,Home,1610.403319740864,1516.888936583392,1620.803711725111,1506.488544599145
2021_06_TB_PHI,2021,6,2021-10-14,PHI,TB,22,28,Home,1428.537961023393,1646.941380325768,1417.8948141345486,1657.5845272146125
2021_06_ARI_CLE,2021,6,2021-10-17,CLE,ARI,14,37,Home,1556.3485444867783,1594.2544611088147,1522.5113960235728,1628.0916095720202
2021_06_CIN_DET,2021,6,2021-10-17,DET,CIN,11,34,Home,1343.400309413811,1449.9583428329233,1315.922192684595,1477.4364595621394
2021_06_DAL_NE,2021,6,2021-10-17,NE,DAL,29,35,Home,1493.1099880200334,1526.055584866096,1472.165826829087,1546.9997460570423
2021_06_GB_CHI,2021,6,2021-10-17,CHI,GB,14,24,Home,1506.9132644905249,1619.216035103785,1486.6154118386585,1639.5138877556515
2021_06_HOU_IND,2021,6,2021-10-17,IND,HOU,31,3,Home,1506.488544599145,1386.0740101625265,1522.3834790017215,1370.17907575995
2021_06_KC_WAS,2021,6,2021-10-17,WAS,KC,13,31,Home,1433.6673684807897,1588.0340568965482,1412.493973558701,1609.2074518186369
2021_06_LAC_BAL,2021,6,2021-10-17,BAL,LAC,34,6,Home,1620.803711725111,1548.5687349249506,1640.592739641843,1528.7797070082186
2021_06_LA_NYG,2021,6,2021-10-17,NYG,LA,11,38,Home,1390.025777423146,1607.6712497420856,1371.7381024870672,1625.9589246781645
2021_06_LV_DEN,2021,6,2021-10-17,DEN,LV,24,34,Home,1463.0547887821974,1475.242310834412,1436.1056277411424,1502.191471875467
2021_06_MIA_JAX,2021,6,2021-10-17,JAX,MIA,23,20,Neutral,1284.041943593796,1441.9600561743064,1302.4815038356392,1423.5204959324633
2021_06_MIN_CAR,2021,6,2021-10-17,CAR,MIN,28,34,Home,1478.2284247514724,1484.8856408798329,1456.1183901367074,1506.995675494598
2021_06_SEA_PIT,2021,6,2021-10-17,PIT,SEA,23,20,Home,1496.556614661884,1539.3349284225221,1509.4043314059954,1526.4872116784106
2021_06_BUF_TEN,2021,6,2021-10-18,TEN,BUF,34,31,Home,1536.317535758505,1677.6253002898457,1552.6120069511728,1661.330829097178
2021_07_DEN_CLE,2021,7,2021-10-21,CLE,DEN,17,14,Home,1522.5113960235728,1436.1056277411424,1530.1620525403532,1428.454971224362
2021_07_ATL_MIA,2021,7,2021-10-24,MIA,ATL,28,30,Home,1423.5204959324633,1438.0778600235087,1411.2322114456315,1450.3661445103405
2021_07_CAR_NYG,2021,7,2021-10-24,NYG,CAR,25,3,Home,1371.7381024870672,1456.1183901367074,1404.5511836910655,1423.305308932709
2021_07_CHI_TB,2021,7,2021-10-24,TB,CHI,38,3,Home,1657.5845272146125,1486.6154118386585,1670.8219388226285,1473.3780002306426
2021_07_CIN_BAL,2021,7,2021-10-24,BAL,CIN,17,41,Home,1640.592739641843,1477.4364595621394,1594.6254447334704,1523.403754470512
2021_07_DET_LA,2021,7,2021-10-24,LA,DET,28,19,Home,1625.9589246781645,1315.922192684595,1630.0312411951652,1311.8498761675944
2021_07_HOU_ARI,2021,7,2021-10-24,ARI,HOU,31,5,Home,1628.0916095720202,1370.17907575995,1635.8421462986596,1362.4285390333105
2021_07_IND_SF,2021,7,2021-10-24,SF,IND,18,30,Home,1489.8072570543436,1522.3834790017215,1462.1781965851453,1550.0125394709198
2021_07_KC_TEN,2021,7,2021-10-24,TEN,KC,27,3,Home,1552.6120069511728,1609.2074518186369,1583.902724364923,1577.9167344048867
2021_07_NYJ_NE,2021,7,2021-10-24,NE,NYJ,54,13,Home,1472.165826829087,1333.2412087266023,1488.3215815698597,1317.0854539858296
2021_07_PHI_LV,2021,7,2021-10-24,LV,PHI,33,22,Home,1502.191471875467,1417.8948141345486,1516.035231714658,1404.0510542953575
2021_07_WAS_GB,2021,7,2021-10-24,GB,WAS,24,10,Home,1639.5138877556515,1412.493973558701,1647.0189586371102,1404.9889026772423
2021_07_NO_SEA,2021,7,2021-10-25,SEA,NO,10,13,Home,1526.4872116784106,1615.5568044205315,1513.722781691824,1628.3212344071183
2021_08_GB_ARI,2021,8,2021-10-28,ARI,GB,21,24,Home,1635.8421462986596,1647.0189586371102,1620.2305716711214,1662.6305332646484
2021_08_CAR_ATL,2021,8,2021-10-31,ATL,CAR,13,19,Home,1450.3661445103405,1423.305308932709,1426.8522527427006,1446.819200700349
2021_08_CIN_NYJ,2021,8,2021-10-31,NYJ,CIN,34,31,Home,1317.0854539858296,1523.403754470512,1335.1359466559559,1505.3532618003858
2021_08_DAL_MIN,2021,8,2021-10-31,MIN,DAL,16,20,Home,1506.995675494598,1546.9997460570423,1489.939187043368,1564.0562345082722
2021_08_JAX_SEA,2021,8,2021-10-31,SEA,JAX,31,7,Home,1513.722781691824,1302.4815038356392,1523.409435755339,1292.794849772124
2021_08_LA_HOU,2021,8,2021-10-31,HOU,LA,22,38,Home,1362.4285390333105,1630.0312411951652,1350.1041163586249,1642.3556638698508
2021_08_MIA_BUF,2021,8,2021-10-31,BUF,MIA,26,11,Home,1661.330829097178,1411.2322114456315,1668.1298694927127,1404.4331710500967
2021_08_NE_LAC,2021,8,2021-10-31,LAC,NE,24,27,Home,1528.7797070082186,1488.3215815698597,1511.6544475075157,1505.4468410705626
2021_08_PHI_DET,2021,8,2021-10-31,DET,PHI,6,44,Home,1311.8498761675944,1404.0510542953575,1278.4891410227187,1437.4117894402332
2021_08_PIT_CLE,2021,8,2021-10-31,CLE,PIT,10,15,Home,1530.1620525403532,1509.4043314059954,1508.7444046944775,1530.8219792518712
2021_08_SF_CHI,2021,8,2021-10-31,CHI,SF,22,33,Home,1473.3780002306426,1462.1781965851453,1444.176195574439,1491.380001241349
2021_08_TB_NO,2021,8,2021-10-31,NO,TB,36,27,Home,1628.3212344071183,1670.8219388226285,1649.6400277858859,1649.5031454438608
2021_08_TEN_IND,2021,8,2021-10-31,IND,TEN,31,34,Home,1550.0125394709198,1583.902724364923,1535.122159714791,1598.7931041210518
2021_08_WAS_DEN,2021,8,2021-10-31,DEN,WAS,17,10,Home,1428.454971224362,1404.9889026772423,1443.4626419596534,1389.981231941951
2021_08_NYG_KC,2021,8,2021-11-01,KC,NYG,20,17,Home,1577.9167344048867,1404.5511836910655,1582.9767193938133,1399.491198702139
2021_09_NYJ_IND,2021,9,2021-11-04,IND,NYJ,45,30,Home,1535.122159714791,1335.1359466559559,1543.9646724839795,1326.2934338867674
2021_09_ARI_SF,2021,9,2021-11-07,SF,ARI,17,31,Home,1491.380001241349,1620.2305716711214,1469.8459654288656,1641.7646074836048
2021_09_ATL_NO,2021,9,2021-11-07,NO,ATL,25,27,Home,1649.6400277858859,1426.8522527427006,1633.3225649005171,1443.1697156280693
2021_09_BUF_JAX,2021,9,2021-11-07,JAX,BUF,9,6,Home,1292.794849772124,1668.1298694927127,1313.606109752279,1647.3186095125577
2021_09_CLE_CIN,2021,9,2021-11-07,CIN,CLE,16,41,Home,1505.3532618003858,1508.7444046944775,1468.0979919356569,1545.9996745592064
2021_09_DEN_DAL,2021,9,2021-11-07,DAL,DEN,16,30,Home,1564.0562345082722,1443.4626419596534,1526.8811102139673,1480.6377662539583
2021_09_GB_KC,2021,9,2021-11-07,KC,GB,13,7,Home,1582.9767193938133,1662.6305332646484,1603.121879014166,1642.4853736442956
2021_09_HOU_MIA,2021,9,2021-11-07,MIA,HOU,17,9,Home,1404.4331710500967,1350.1041163586249,1418.385494343415,1336.1517930653065
2021_09_LAC_PHI,2021,9,2021-11-07,PHI,LAC,24,27,Home,1437.4117894402332,1511.6544475075157,1423.9740028696788,1525.09223407807
2021_09_LV_NYG,2021,9,2021-11-07,NYG,LV,23,16,Home,1399.491198702139,1516.035231714658,1422.8019967529394,1492.7244336638576
2021_09_MIN_BAL,2021,9,2021-11-07,BAL,MIN,34,31,Home,1594.6254447334704,1489.939187043368,1601.6662141847376,1482.898417592101
2021_09_NE_CAR,2021,9,2021-11-07,CAR,NE,6,24,Home,1446.819200700349,1505.4468410705626,1416.9214279216224,1535.3446138492893
2021_09_TEN_LA,2021,9,2021-11-07,LA,TEN,16,28,Home,1642.3556638698508,1598.7931041210518,1610.5138467681313,1630.6349212227713
2021_09_CHI_PIT,2021,9,2021-11-08,PIT,CHI,29,27,Home,1530.8219792518712,1444.176195574439,1536.8784582703026,1438.1197165560075
2021_10_BAL_MIA,2021,10,2021-11-11,MIA,BAL,22,10,Home,1418.385494343415,1601.6662141847376,1450.7069454244843,1569.3447631036684
2021_10_ATL_DAL,2021,10,2021-11-14,DAL,ATL,43,3,Home,1526.8811102139673,1443.1697156280693,1547.6241046957584,1422.4267211462782
2021_10_BUF_NYJ,2021,10,2021-11-14,NYJ,BUF,17,45,Home,1326.2934338867674,1647.3186095125577,1315.050817716922,1658.5612256824031
2021_10_CAR_ARI,2021,10,2021-11-14,ARI,CAR,10,34,Home,1641.7646074836048,1416.9214279216224,1593.9045826623574,1464.7814527428698
2021_10_CLE_NE,2021,10,2021-11-14,NE,CLE,45,7,Home,1535.3446138492893,1545.9996745592064,1565.5499282125966,1515.7943601958991
2021_10_DET_PIT,2021,10,2021-11-14,PIT,DET,16,16,Home,1536.8784582703026,1278.4891410227187,1529.5688415672394,1285.798757725782
2021_10_JAX_IND,2021,10,2021-11-14,IND,JAX,23,17,Home,1543.9646724839795,1313.606109752279,1549.2636532309443,1308.3071290053142
2021_10_KC_LV,2021,10,2021-11-14,LV,KC,14,41,Home,1492.7244336638576,1603.121879014166,1464.3179545869284,1631.5283580910952
2021_10_MIN_LAC,2021,10,2021-11-14,LAC,MIN,20,27,Home,1525.09223407807,1482.898417592101,1499.3333404410873,1508.6573112290837
2021_10_NO_TEN,2021,10,2021-11-14,TEN,NO,23,21,Home,1630.6349212227713,1633.3225649005171,1639.4226459964082,1624.5348401268802
2021_10_PHI_DEN,2021,10,2021-11-14,DEN,PHI,13,30,Home,1480.6377662539583,1423.9740028696788,1444.0314157610453,1460.5803533625917
2021_10_SEA_GB,2021,10,2021-11-14,GB,SEA,17,0,Home,1642.4853736442956,1523.409435755339,1656.2151220468108,1509.6796873528237
2021_10_TB_WAS,2021,10,2021-11-14,WAS,TB,29,19,Home,1389.981231941951,1649.5031454438608,1423.2014957093415,1616.2828816764702
2021_10_LA_SF,2021,10,2021-11-15,SF,LA,31,10,Home,1469.8459654288656,1610.5138467681313,1506.1357365612955,1574.2240756357014
2021_11_NE_ATL,2021,11,2021-11-18,ATL,NE,0,25,Home,1422.4267211462782,1565.5499282125966,1397.9209922748078,1590.055657084067
2021_11_ARI_SEA,2021,11,2021-11-21,SEA,ARI,13,23,Home,1509.6796873528237,1593.9045826623574,1487.2224705759993,1616.3617994391818
2021_11_BAL_CHI,2021,11,2021-11-21,CHI,BAL,13,16,Home,1438.1197165560075,1569.3447631036684,1427.1964735201457,1580.2680061395301
2021_11_CIN_LV,2021,11,2021-11-21,LV,CIN,13,32,Home,1464.3179545869284,1468.0979919356569,1430.0884687639095,1502.3274777586757
2021_11_DAL_KC,2021,11,2021-11-21,KC,DAL,19,9,Home,1631.5283580910952,1547.6241046957584,1644.9108103791202,1534.2416524077335
2021_11_DET_CLE,2021,11,2021-11-21,CLE,DET,13,10,Home,1515.7943601958991,1285.798757725782,1519.5766546044185,1282.0164633172626
2021_11_GB_MIN,2021,11,2021-11-21,MIN,GB,34,31,Home,1508.6573112290837,1656.2151220468108,1525.135383285333,1639.7370499905614
2021_11_HOU_TEN,2021,11,2021-11-21,TEN,HOU,13,22,Home,1639.4226459964082,1336.1517930653065,1604.202241165783,1371.3721978959315
2021_11_IND_BUF,2021,11,2021-11-21,BUF,IND,15,41,Home,1658.5612256824031,1549.2636532309443,1613.8697438632641,1593.9551350500833
2021_11_MIA_NYJ,2021,11,2021-11-21,NYJ,MIA,17,24,Home,1315.050817716922,1450.7069454244843,1298.9451588789282,1466.812604262478
2021_11_NO_PHI,2021,11,2021-11-21,PHI,NO,40,29,Home,1460.5803533625917,1624.5348401268802,1490.9551833534563,1594.1600101360157
2021_11_PIT_LAC,2021,11,2021-11-21,LAC,PIT,41,37,Home,1499.3333404410873,1529.5688415672394,1513.5972655044072,1515.3049165039195
2021_11_SF_JAX,2021,11,2021-11-21,JAX,SF,10,30,Home,1308.3071290053142,1506.1357365612955,1290.0669587576303,1524.3759068089794
2021_11_WAS_CAR,2021,11,2021-11-21,CAR,WAS,21,27,Home,1464.7814527428698,1423.2014957093415,1440.700126478005,1447.2828219742064
2021_11_NYG_TB,2021,11,2021-11-22,TB,NYG,30,10,Home,1616.2828816764702,1422.8019967529394,1626.3213992990761,1412.7634791303335
2021_12_BUF_NO,2021,12,2021-11-25,NO,BUF,6,31,Home,1594.1600101360157,1613.8697438632641,1558.0982048461508,1649.931549153129
2021_12_CHI_DET,2021,12,2021-11-25,DET,CHI,14,16,Home,1282.0164633172626,1427.1964735201457,1273.8203225305692,1435.392614306839
2021_12_LV_DAL,2021,12,2021-11-25,DAL,LV,33,36,Home,1534.2416524077335,1430.0884687639095,1515.5534064292497,1448.7767147423933
2021_12_ATL_JAX,2021,12,2021-11-28,JAX,ATL,14,21,Home,1290.0669587576303,1397.9209922748078,1272.173035331571,1415.814915700867
2021_12_CAR_MIA,2021,12,2021-11-28,MIA,CAR,33,10,Home,1466.812604262478,1440.700126478005,1489.5050611513902,1418.0076695890928
2021_12_CLE_BAL,2021,12,2021-11-28,BAL,CLE,16,10,Home,1580.2680061395301,1519.5766546044185,1592.2922780733186,1507.55238267063
2021_12_LAC_DEN,2021,12,2021-11-28,DEN,LAC,28,13,Home,1444.0314157610453,1513.5972655044072,1472.0634664189492,1485.5652148465033
2021_12_LA_GB,2021,12,2021-11-28,GB,LA,36,28,Home,1639.7370499905614,1574.2240756357014,1653.034161371114,1560.926964255149
2021_12_MIN_SF,2021,12,2021-11-28,SF,MIN,34,26,Home,1524.3759068089794,1525.135383285333,1541.8217544524787,1507.6895356418338
2021_12_NYJ_HOU,2021,12,2021-11-28,HOU,NYJ,14,21,Home,1371.3721978959315,1298.9451588789282,1344.4387785173726,1325.878578257487
2021_12_PHI_NYG,2021,12,2021-11-28,NYG,PHI,13,7,Home,1412.7634791303335,1490.9551833534563,1432.840676587259,1470.8779858965308
2021_12_PIT_CIN,2021,12,2021-11-28,CIN,PIT,41,10,Home,1502.3274777586757,1515.3049165039195,1531.1523146475588,1486.4800796150364
2021_12_TB_IND,2021,12,2021-11-28,IND,TB,31,38,Home,1593.9551350500833,1626.3213992990761,1571.545687937085,1648.7308464120745
2021_12_TEN_NE,2021,12,2021-11-28,NE,TEN,36,13,Home,1590.055657084067,1604.202241165783,1616.6038152351157,1577.6540830147344
2021_12_SEA_WAS,2021,12,2021-11-29,WAS,SEA,17,15,Home,1447.2828219742064,1487.2224705759993,1457.3630680331148,1477.1422245170909
2021_13_DAL_NO,2021,13,2021-12-02,NO,DAL,17,27,Home,1558.0982048461508,1515.5534064292497,1528.3779901250882,1545.2736211503125
2021_13_ARI_CHI,2021,13,2021-12-05,CHI,ARI,22,33,Home,1435.392614306839,1616.3617994391818,1419.3866530802131,1632.3677606658077
2021_13_BAL_PIT,2021,13,2021-12-05,PIT,BAL,20,19,Home,1486.4800796150364,1592.2922780733186,1494.081040412308,1584.691317276047
2021_13_DEN_KC,2021,13,2021-12-05,KC,DEN,22,9,Home,1644.9108103791202,1472.0634664189492,1654.5683847026237,1462.4058920954458
2021_13_IND_HOU,2021,13,2021-12-05,HOU,IND,0,31,Home,1344.4387785173726,1571.545687937085,1326.215177320571,1589.7692891338866
2021_13_JAX_LA,2021,13,2021-12-05,LA,JAX,37,7,Home,1560.926964255149,1272.173035331571,1567.7568961586699,1265.3431034280502
2021_13_LAC_CIN,2021,13,2021-12-05,CIN,LAC,22,41,Home,1531.1523146475588,1485.5652148465033,1493.844539642472,1522.87298985159
2021_13_MIN_DET,2021,13,2021-12-05,DET,MIN,29,27,Home,1273.8203225305692,1507.6895356418338,1288.6255424233525,1492.8843157490505
2021_13_NYG_MIA,2021,13,2021-12-05,MIA,NYG,20,9,Home,1489.5050611513902,1432.840676587259,1505.1276227021976,1417.2181150364515
2021_13_PHI_NYJ,2021,13,2021-12-05,NYJ,PHI,18,33,Home,1325.878578257487,1470.8779858965308,1305.1789903313377,1491.5775738226803
2021_13_SF_SEA,2021,13,2021-12-05,SEA,SF,30,23,Home,1477.1422245170909,1541.8217544524787,1497.914433590506,1521.0495453790636
2021_13_TB_ATL,2021,13,2021-12-05,ATL,TB,17,30,Home,1415.814915700867,1648.7308464120745,1402.3020082054425,1662.243753907499
2021_13_WAS_LV,2021,13,2021-12-05,LV,WAS,15,17,Home,1448.7767147423933,1457.3630680331148,1436.3411511282793,1469.7986316472288
2021_13_NE_BUF,2021,13,2021-12-06,BUF,NE,10,14,Home,1649.931549153129,1616.6038152351157,1630.2785145771597,1636.256849811085
2021_14_PIT_MIN,2021,14,2021-12-09,MIN,PIT,36,28,Home,1492.8843157490505,1494.081040412308,1510.3595135571356,1476.605842604223
2021_14_ATL_CAR,2021,14,2021-12-12,CAR,ATL,21,29,Home,1418.0076695890928,1402.3020082054425,1391.9763060283735,1428.3333717661617
2021_14_BAL_CLE,2021,14,2021-12-12,CLE,BAL,24,22,Home,1507.55238267063,1584.691317276047,1518.8597989822097,1573.3839009644673
2021_14_BUF_TB,2021,14,2021-12-12,TB,BUF,33,27,Home,1662.243753907499,1630.2785145771597,1675.8108198070533,1616.7114486776054
2021_14_CHI_GB,2021,14,2021-12-12,GB,CHI,45,30,Home,1653.034161371114,1419.3866530802131,1660.4544419186482,1411.9663725326789
2021_14_DAL_WAS,2021,14,2021-12-12,WAS,DAL,20,27,Home,1469.7986316472288,1545.2736211503125,1449.726536835106,1565.3457159624354
2021_14_DET_DEN,2021,14,2021-12-12,DEN,DET,38,10,Home,1462.4058920954458,1288.6255424233525,1474.6710666019562,1276.360367916842
2021_14_JAX_TEN,2021,14,2021-12-12,TEN,JAX,20,0,Home,1577.6540830147344,1265.3431034280502,1582.971014253978,1260.0261721888066
2021_14_LV_KC,2021,14,2021-12-12,KC,LV,48,9,Home,1654.5683847026237,1436.3411511282793,1665.2733316607137,1425.6362041701893
2021_14_NO_NYJ,2021,14,2021-12-12,NYJ,NO,9,30,Home,1305.1789903313377,1528.3779901250882,1288.634537909487,1544.9224425469388
2021_14_NYG_LAC,2021,14,2021-12-12,LAC,NYG,37,21,Home,1522.87298985159,1417.2181150364515,1537.1983629130598,1402.8927419749818
2021_14_SEA_HOU,2021,14,2021-12-12,HOU,SEA,13,33,Home,1326.215177320571,1497.914433590506,1305.8254727448946,1518.3041381661824
2021_14_SF_CIN,2021,14,2021-12-12,CIN,SF,23,26,Home,1493.844539642472,1521.0495453790636,1478.738974343514,1536.1551106780216
2021_14_LA_ARI,2021,14,2021-12-13,ARI,LA,23,30,Home,1632.3677606658077,1567.7568961586699,1605.72642643773,1594.3982303867476
2021_15_KC_LAC,2021,15,2021-12-16,LAC,KC,28,34,Home,1537.1983629130598,1665.2733316607137,1521.6786041105142,1680.7930904632592
2021_15_NE_IND,2021,15,2021-12-18,IND,NE,27,17,Home,1589.7692891338866,1636.256849811085,1612.2823355424257,1613.7438034025458
2021_15_ARI_DET,2021,15,2021-12-19,DET,ARI,30,12,Home,1276.360367916842,1605.72642643773,1319.5113014745957,1562.5754928799763
2021_15_ATL_SF,2021,15,2021-12-19,SF,ATL,31,13,Home,1536.1551106780216,1428.3333717661617,1550.8946649643924,1413.593817479791
2021_15_CAR_BUF,2021,15,2021-12-19,BUF,CAR,31,14,Home,1616.7114486776054,1391.9763060283735,1624.8184554208174,1383.8692992851616
2021_15_CIN_DEN,2021,15,2021-12-19,DEN,CIN,10,15,Home,1474.6710666019562,1478.738974343514,1454.2096756831584,1499.2003652623116
2021_15_DAL_NYG,2021,15,2021-12-19,NYG,DAL,6,21,Home,1402.8927419749818,1565.3457159624354,1383.600599329467,1584.6378586079502
2021_15_GB_BAL,2021,15,2021-12-19,BAL,GB,30,31,Home,1573.3839009644673,1660.4544419186482,1566.956632283063,1666.8817106000524
2021_15_HOU_JAX,2021,15,2021-12-19,JAX,HOU,16,30,Home,1260.0261721888066,1305.8254727448946,1231.6978515169546,1334.1537934167466
2021_15_NO_TB,2021,15,2021-12-19,TB,NO,0,9,Home,1675.8108198070533,1544.9224425469388,1643.8675870100196,1576.8656753439725
2021_15_NYJ_MIA,2021,15,2021-12-19,MIA,NYJ,31,24,Home,1505.1276227021976,1288.634537909487,1511.2168548460586,1282.5453057656262
2021_15_TEN_PIT,2021,15,2021-12-19,PIT,TEN,19,13,Home,1476.605842604223,1582.971014253978,1497.9691508029232,1561.6077060552777
2021_15_LV_CLE,2021,15,2021-12-20,CLE,LV,14,16,Home,1518.8597989822097,1425.6362041701893,1504.2413098878994,1440.2546932644996
2021_15_MIN_CHI,2021,15,2021-12-20,CHI,MIN,9,17,Home,1411.9663725326789,1510.3595135571356,1392.3965154149928,1529.9293706748217
2021_15_SEA_LA,2021,15,2021-12-21,LA,SEA,20,10,Home,1594.3982303867476,1518.3041381661824,1608.252956218125,1504.449412334805
2021_15_WAS_PHI,2021,15,2021-12-21,PHI,WAS,27,17,Home,1491.5775738226803,1449.726536835106,1507.6265423696607,1433.6775682881255
2021_16_SF_TEN,2021,16,2021-12-23,TEN,SF,20,17,Home,1561.6077060552777,1550.8946649643924,1572.1342992046443,1540.3680718150258
2021_16_CLE_GB,2021,16,2021-12-25,GB,CLE,24,22,Home,1666.8817106000524,1504.2413098878994,1671.1113838323593,1500.0116366555926
2021_16_IND_ARI,2021,16,2021-12-25,ARI,IND,16,22,Home,1562.5754928799763,1612.2823355424257,1542.4006522018983,1632.4571762205037
2021_16_BAL_CIN,2021,16,2021-12-26,CIN,BAL,41,21,Home,1499.2003652623116,1566.956632283063,1529.8487140988034,1536.3082834465713
2021_16_BUF_NE,2021,16,2021-12-26,NE,BUF,21,33,Home,1613.7438034025458,1624.8184554208174,1584.8530798603754,1653.7091789629878
2021_16_CHI_SEA,2021,16,2021-12-26,SEA,CHI,24,25,Home,1504.449412334805,1392.3965154149928,1495.0214432720638,1401.824484477734
2021_16_DEN_LV,2021,16,2021-12-26,LV,DEN,17,13,Home,1440.2546932644996,1454.2096756831584,1453.6896426092458,1440.7747263384122
2021_16_DET_ATL,2021,16,2021-12-26,ATL,DET,20,16,Home,1413.593817479791,1319.5113014745957,1422.1737259881336,1310.931392966253
2021_16_JAX_NYJ,2021,16,2021-12-26,NYJ,JAX,26,21,Home,1282.5453057656262,1231.6978515169546,1294.0924699886218,1220.150687293959
2021_16_LAC_HOU,2021,16,2021-12-26,HOU,LAC,41,29,Home,1334.1537934167466,1521.6786041105142,1366.6799987149698,1489.152398812291
2021_16_LA_MIN,2021,16,2021-12-26,MIN,LA,23,30,Home,1529.9293706748217,1608.252956218125,1510.0523749235374,1628.1299519694094
2021_16_NYG_PHI,2021,16,2021-12-26,PHI,NYG,34,10,Home,1507.6265423696607,1383.600599329467,1522.5644183986763,1368.6627233004515
2021_16_PIT_KC,2021,16,2021-12-26,KC,PIT,36,10,Home,1680.7930904632592,1497.9691508029232,1692.2643830545828,1486.4978582115996
2021_16_TB_CAR,2021,16,2021-12-26,CAR,TB,6,32,Home,1383.8692992851616,1643.8675870100196,1369.0014142021805,1658.7354720930007
2021_16_WAS_DAL,2021,16,2021-12-26,DAL,WAS,56,14,Home,1584.6378586079502,1433.6775682881255,1599.9739468094417,1418.341480086634
2021_16_MIA_NO,2021,16,2021-12-27,NO,MIA,3,20,Home,1576.8656753439725,1511.2168548460586,1539.7803138999614,1548.3022162900697
2021_17_ARI_DAL,2021,17,2022-01-02,DAL,ARI,22,25,Home,1599.9739468094417,1542.4006522018983,1582.3930482811847,1559.9815507301553
2021_17_ATL_BUF,2021,17,2022-01-02,BUF,ATL,29,15,Home,1653.7091789629878,1422.1737259881336,1661.03797022651,1414.8449347246114
2021_17_CAR_NO,2021,17,2022-01-02,NO,CAR,18,10,Home,1539.7803138999614,1369.0014142021805,1547.9045021084387,1360.8772259937032
2021_17_DEN_LAC,2021,17,2022-01-02,LAC,DEN,34,13,Home,1489.152398812291,1440.7747263384122,1509.2819575024866,1420.6451676482166
2021_17_DET_SEA,2021,17,2022-01-02,SEA,DET,51,29,Home,1495.0214432720638,1310.931392966253,1505.8650534735286,1300.0877827647882
2021_17_HOU_SF,2021,17,2022-01-02,SF,HOU,23,7,Home,1540.3680718150258,1366.6799987149698,1550.6926490639319,1356.3554214660637
2021_17_JAX_NE,2021,17,2022-01-02,NE,JAX,50,10,Home,1584.8530798603754,1220.150687293959,1589.682989298965,1215.3207778553694
2021_17_KC_CIN,2021,17,2022-01-02,CIN,KC,34,31,Home,1529.8487140988034,1692.2643830545828,1546.7514135468898,1675.3616836064964
2021_17_LA_BAL,2021,17,2022-01-02,BAL,LA,19,20,Home,1536.3082834465713,1628.1299519694094,1529.9879095207407,1634.45032589524
2021_17_LV_IND,2021,17,2022-01-02,IND,LV,20,23,Home,1632.4571762205037,1453.6896426092458,1612.421682149418,1473.7251366803314
2021_17_MIA_TEN,2021,17,2022-01-02,TEN,MIA,34,3,Home,1572.1342992046443,1548.3022162900697,1597.11017935339,1523.326336141324
2021_17_MIN_GB,2021,17,2022-01-02,GB,MIN,37,10,Home,1671.1113838323593,1510.0523749235374,1684.0410608635066,1497.12269789239
2021_17_NYG_CHI,2021,17,2022-01-02,CHI,NYG,29,3,Home,1401.824484477734,1368.6627233004515,1424.6908816639882,1345.7963261141972
2021_17_PHI_WAS,2021,17,2022-01-02,WAS,PHI,16,20,Home,1418.341480086634,1522.5644183986763,1404.3065817776778,1536.5993167076324
2021_17_TB_NYJ,2021,17,2022-01-02,NYJ,TB,24,28,Home,1294.0924699886218,1658.7354720930007,1289.8077278302333,1663.0202142513892
2021_17_CLE_PIT,2021,17,2022-01-03,PIT,CLE,26,14,Home,1486.4978582115996,1500.0116366555926,1507.8736982563341,1478.635796610858
2021_18_DAL_PHI,2021,18,2022-01-08,PHI,DAL,26,51,Home,1536.5993167076324,1582.3930482811847,1502.516651038656,1616.4757139501612
2021_18_KC_DEN,2021,18,2022-01-08,DEN,KC,24,28,Home,1420.6451676482166,1675.3616836064964,1413.2005693197436,1682.8062819349693
2021_18_CAR_TB,2021,18,2022-01-09,TB,CAR,41,17,Home,1663.0202142513892,1360.8772259937032,1668.967421857148,1354.9300183879443
2021_18_CHI_MIN,2021,18,2022-01-09,MIN,CHI,31,17,Home,1497.12269789239,1424.6908816639882,1513.0237106453596,1408.7898689110186
2021_18_CIN_CLE,2021,18,2022-01-09,CLE,CIN,21,16,Home,1478.635796610858,1546.7514135468898,1496.6884963803934,1528.6987137773544
2021_18_GB_DET,2021,18,2022-01-09,DET,GB,37,30,Home,1300.0877827647882,1684.0410608635066,1331.4154687252008,1652.713374903094
2021_18_IND_JAX,2021,18,2022-01-09,JAX,IND,26,11,Home,1215.3207778553694,1612.421682149418,1257.2948843490974,1570.4475756556901
2021_18_LAC_LV,2021,18,2022-01-09,LV,LAC,35,32,Home,1473.7251366803314,1509.2819575024866,1486.2484762102847,1496.7586179725333
2021_18_NE_MIA,2021,18,2022-01-09,MIA,NE,33,24,Home,1523.326336141324,1589.682989298965,1546.427851281988,1566.5814741583008
2021_18_NO_ATL,2021,18,2022-01-09,ATL,NO,20,30,Home,1414.8449347246114,1547.9045021084387,1396.084449733406,1566.6649870996441
2021_18_NYJ_BUF,2021,18,2022-01-09,BUF,NYJ,27,10,Home,1661.03797022651,1289.8077278302333,1664.659993906322,1286.1857041504213
2021_18_PIT_BAL,2021,18,2022-01-09,BAL,PIT,13,16,Home,1529.9879095207407,1507.8736982563341,1513.3778139347523,1524.4837938423225
2021_18_SEA_ARI,2021,18,2022-01-09,ARI,SEA,30,38,Home,1559.9815507301553,1505.8650534735286,1532.2591376613425,1533.5874665423414
2021_18_SF_LA,2021,18,2022-01-09,LA,SF,24,27,Home,1634.45032589524,1550.6926490639319,1616.2223067153693,1568.9206682438025
2021_18_TEN_HOU,2021,18,2022-01-09,HOU,TEN,25,28,Home,1356.3554214660637,1597.11017935339,1349.509443298568,1603.9561575208859
2021_18_WAS_NYG,2021,18,2022-01-09,NYG,WAS,7,22,Home,1345.7963261141972,1404.3065817776778,1317.6356783022497,1432.4672295896253
2021_19_LV_CIN,2021,19,2022-01-15,CIN,LV,26,19,Home,1528.6987137773544,1486.2484762102847,1542.5815403083857,1472.3656496792535
2021_19_NE_BUF,2021,19,2022-01-15,BUF,NE,47,17,Home,1664.659993906322,1566.5814741583008,1682.6368640229543,1548.6046040416684
2021_19_PHI_TB,2021,19,2022-01-16,TB,PHI,31,15,Home,1668.967421857148,1502.516651038656,1679.6712882461163,1491.8127846496877
2021_19_PIT_KC,2021,19,2022-01-16,KC,PIT,42,21,Home,1682.8062819349693,1524.4837938423225,1694.9630935868124,1512.3269821904794
2021_19_SF_DAL,2021,19,2022-01-16,DAL,SF,17,23,Home,1616.4757139501612,1568.9206682438025,1592.1679247932557,1593.228457400708
2021_19_ARI_LA,2021,19,2022-01-17,LA,ARI,34,11,Home,1616.2223067153693,1532.2591376613425,1633.9540908746915,1514.5273535020203
2021_20_CIN_TEN,2021,20,2022-01-22,TEN,CIN,16,19,Home,1603.9561575208859,1542.5815403083857,1586.2774935231778,1560.2602043060938
2021_20_SF_GB,2021,20,2022-01-22,GB,SF,10,13,Home,1652.713374903094,1593.228457400708,1635.0831527463058,1610.8586795574963
2021_20_BUF_KC,2021,20,2022-01-23,KC,BUF,42,36,Home,1694.9630935868124,1682.6368640229543,1709.6453856999638,1667.954571909803
2021_20_LA_TB,2021,20,2022-01-23,TB,LA,27,30,Home,1679.6712882461163,1633.9540908746915,1662.4033746130272,1651.2220045077806
2021_21_CIN_KC,2021,21,2022-01-30,KC,CIN,24,27,Home,1709.6453856999638,1560.2602043060938,1690.0775470646809,1579.8280429413767
2021_21_SF_LA,2021,21,2022-01-30,LA,SF,20,17,Home,1651.2220045077806,1610.8586795574963,1660.5580529264348,1601.5226311388421
2021_22_LA_CIN,2021,22,2022-02-13,CIN,LA,20,23,Neutral,1579.8280429413767,1660.5580529264348,1569.5082316925511,1670.8778641752604
2022_01_BUF_LA,2022,1,2022-09-08,LA,BUF,10,31,Home,1602.5267185051562,1600.7727431458816,1566.8324463505248,1636.467015300513
2022_01_BAL_NYJ,2022,1,2022-09-11,NYJ,BAL,9,24,Home,1371.7114224902525,1508.0266883608513,1350.2923222257702,1529.4457886253335
2022_01_CLE_CAR,2022,1,2022-09-11,CAR,CLE,24,26,Home,1412.9580110327665,1498.013097828236,1402.6988605921301,1508.2722482688723
2022_01_GB_MIN,2022,1,2022-09-11,MIN,GB,23,7,Home,1507.8142263872155,1581.0498916477832,1536.709653637747,1552.1544643972518
2022_01_IND_HOU,2022,1,2022-09-11,HOU,IND,20,20,Home,1409.7056659791406,1542.268545393414,1411.626135062165,1540.3480763103894
2022_01_JAX_WAS,2022,1,2022-09-11,WAS,JAX,28,22,Home,1459.480337753775,1354.3769306094582,1469.344339466004,1344.5129288972294
2022_01_KC_ARI,2022,1,2022-09-11,ARI,KC,21,44,Home,1508.716412101212,1614.0465282388084,1481.1144547723816,1641.6484855676388
2022_01_LV_LAC,2022,1,2022-09-11,LAC,LV,24,19,Home,1498.0551707835198,1483.4193898075519,1511.451394166234,1470.0231664248377
2022_01_NE_MIA,2022,1,2022-09-11,MIA,NE,20,7,Home,1527.8567107691927,1529.162762425001,1548.8547579238011,1508.1647152703924
2022_01_NO_ATL,2022,1,2022-09-11,ATL,NO,26,27,Home,1437.6506698400435,1539.9989922597863,1431.564771675526,1546.084890424304
2022_01_NYG_TEN,2022,1,2022-09-11,TEN,NYG,20,21,Home,1551.7664961139067,1390.5814069813496,1541.8838359909112,1400.464067104345
2022_01_PHI_DET,2022,1,2022-09-11,DET,PHI,35,38,Home,1398.8492812351203,1495.0876707898124,1386.4061090959376,1507.530842928995
2022_01_PIT_CIN,2022,1,2022-09-11,CIN,PIT,20,23,Home,1541.7049390155305,1507.3961893142875,1524.7493798936257,1524.3517484361923
2022_01_SF_CHI,2022,1,2022-09-11,CHI,SF,19,10,Home,1445.2739213466111,1560.913578683305,1471.039219659794,1535.1482803701222
2022_01_TB_DAL,2022,1,2022-09-11,DAL,TB,3,19,Home,1555.3007548759533,1597.4420247678163,1525.4177527665809,1627.3250268771887
2022_01_DEN_SEA,2022,1,2022-09-12,SEA,DEN,17,16,Home,1520.1524799254048,1447.920341591846,1524.2260393681665,1443.8467821490842
2022_02_LAC_KC,2022,2,2022-09-15,KC,LAC,27,24,Home,1641.6484855676388,1511.451394166234,1647.8962964379302,1505.2035832959425
2022_02_ARI_LV,2022,2,2022-09-18,LV,ARI,23,29,Home,1470.0231664248377,1481.1144547723816,1448.1058176590727,1503.0318035381465
2022_02_ATL_LA,2022,2,2022-09-18,LA,ATL,31,27,Home,1566.8324463505248,1431.564771675526,1573.9123553068737,1424.484862719177
2022_02_CAR_NYG,2022,2,2022-09-18,NYG,CAR,19,16,Home,1400.464067104345,1402.6988605921301,1411.5337111982449,1391.6292164982303
2022_02_CHI_GB,2022,2,2022-09-18,GB,CHI,27,10,Home,1552.1544643972518,1471.039219659794,1568.4871881640765,1454.7064958929693
2022_02_CIN_DAL,2022,2,2022-09-18,DAL,CIN,20,17,Home,1525.4177527665809,1524.7493798936257,1536.3644887951484,1513.8026438650581
2022_02_HOU_DEN,2022,2,2022-09-18,DEN,HOU,16,9,Home,1443.8467821490842,1411.626135062165,1458.3296761634826,1397.1432410477667
2022_02_IND_JAX,2022,2,2022-09-18,JAX,IND,24,0,Home,1344.5129288972294,1540.3480763103894,1385.8240988449124,1499.0369063627063
2022_02_MIA_BAL,2022,2,2022-09-18,BAL,MIA,38,42,Home,1529.4457886253335,1548.8547579238011,1511.6209077897634,1566.6796387593713
2022_02_NE_PIT,2022,2,2022-09-18,PIT,NE,14,17,Home,1524.3517484361923,1508.1647152703924,1507.9136990472098,1524.602764659375
2022_02_NYJ_CLE,2022,2,2022-09-18,CLE,NYJ,30,31,Home,1508.2722482688723,1350.2923222257702,1498.4157613703046,1360.148809124338
2022_02_SEA_SF,2022,2,2022-09-18,SF,SEA,27,7,Home,1535.1482803701222,1524.2260393681665,1558.2473220724398,1501.1269976658489
2022_02_TB_NO,2022,2,2022-09-18,NO,TB,10,20,Home,1546.084890424304,1627.3250268771887,1523.3934725012175,1650.0164448002752
2022_02_WAS_DET,2022,2,2022-09-18,DET,WAS,36,27,Home,1386.4061090959376,1469.344339466004,1410.4239032911569,1445.3265452707847
2022_02_MIN_PHI,2022,2,2022-09-19,PHI,MIN,24,7,Home,1507.530842928995,1536.709653637747,1533.0495486764025,1511.1909478903394
2022_02_TEN_BUF,2022,2,2022-09-19,BUF,TEN,41,7,Home,1636.467015300513,1541.8838359909112,1655.3775636026123,1522.9732876888118
2022_03_PIT_CLE,2022,3,2022-09-22,CLE,PIT,29,17,Home,1498.4157613703046,1507.9136990472098,1519.4711189889304,1486.858341428584
2022_03_ATL_SEA,2022,3,2022-09-25,SEA,ATL,23,27,Home,1501.1269976658489,1424.484862719177,1480.161930045799,1445.449930339227
2022_03_BAL_NE,2022,3,2022-09-25,NE,BAL,26,37,Home,1524.602764659375,1511.6209077897634,1495.3065795984137,1540.9170928507247
2022_03_BUF_MIA,2022,3,2022-09-25,MIA,BUF,21,19,Home,1566.6796387593713,1655.3775636026123,1578.2888920530843,1643.7683103088993
2022_03_CIN_NYJ,2022,3,2022-09-25,NYJ,CIN,12,27,Home,1360.148809124338,1513.8026438650581,1340.1537300236648,1533.7977229657313
2022_03_DET_MIN,2022,3,2022-09-25,MIN,DET,28,24,Home,1511.1909478903394,1410.4239032911569,1519.513446271751,1402.1014049097453
2022_03_GB_TB,2022,3,2022-09-25,TB,GB,12,14,Home,1650.0164448002752,1568.4871881640765,1635.6127987347202,1582.8908342296315
2022_03_HOU_CHI,2022,3,2022-09-25,CHI,HOU,23,20,Home,1454.7064958929693,1397.1432410477667,1463.3886304066934,1388.4611065340425
2022_03_JAX_LAC,2022,3,2022-09-25,LAC,JAX,10,38,Home,1505.2035832959425,1385.8240988449124,1459.0378338585472,1431.9898482823078
2022_03_KC_IND,2022,3,2022-09-25,IND,KC,20,17,Home,1499.0369063627063,1647.8962964379302,1515.55285138281,1631.3803514178264
2022_03_LA_ARI,2022,3,2022-09-25,ARI,LA,12,20,Home,1503.0318035381465,1573.9123553068737,1481.4889988921277,1595.4551599528925
2022_03_LV_TEN,2022,3,2022-09-25,TEN,LV,24,22,Home,1522.9732876888118,1448.1058176590727,1529.35535397057,1441.7237513773146
2022_03_NO_CAR,2022,3,2022-09-25,CAR,NO,22,14,Home,1391.6292164982303,1523.3934725012175,1417.002487080225,1498.020201919223
2022_03_PHI_WAS,2022,3,2022-09-25,WAS,PHI,8,24,Home,1445.3265452707847,1533.0495486764025,1419.1154788831593,1559.260615064028
2022_03_SF_DEN,2022,3,2022-09-25,DEN,SF,11,10,Home,1458.3296761634826,1558.2473220724398,1465.8362898995458,1550.7407083363767
2022_03_DAL_NYG,2022,3,2022-09-26,NYG,DAL,16,23,Home,1411.5337111982449,1536.3644887951484,1394.7419193877593,1553.156280605634
2022_04_MIA_CIN,2022,4,2022-09-29,CIN,MIA,27,15,Home,1533.7977229657313,1578.2888920530843,1557.7119712757735,1554.374643743042
2022_04_ARI_CAR,2022,4,2022-10-02,CAR,ARI,16,26,Home,1417.002487080225,1481.4889988921277,1392.9936987177448,1505.4977872546078
2022_04_BUF_BAL,2022,4,2022-10-02,BAL,BUF,20,23,Home,1540.9170928507247,1643.7683103088993,1528.767529049902,1655.917874109722
2022_04_CHI_NYG,2022,4,2022-10-02,NYG,CHI,20,12,Home,1394.7419193877593,1463.3886304066934,1416.9080366333085,1441.2225131611442
2022_04_CLE_ATL,2022,4,2022-10-02,ATL,CLE,23,20,Home,1445.449930339227,1519.4711189889304,1459.614662301982,1505.3063870261753
2022_04_DEN_LV,2022,4,2022-10-02,LV,DEN,32,23,Home,1441.7237513773146,1465.8362898995458,1461.6813621353217,1445.8786791415387
2022_04_JAX_PHI,2022,4,2022-10-02,PHI,JAX,29,21,Home,1559.260615064028,1431.9898482823078,1569.3018546141054,1421.9486087322302
2022_04_KC_TB,2022,4,2022-10-02,TB,KC,31,41,Home,1635.6127987347202,1631.3803514178264,1607.7933453472479,1659.1998048052988
2022_04_LAC_HOU,2022,4,2022-10-02,HOU,LAC,24,34,Home,1388.4611065340425,1459.0378338585472,1364.9266664880652,1482.5722739045245
2022_04_MIN_NO,2022,4,2022-10-02,NO,MIN,25,28,Neutral,1498.020201919223,1519.513446271751,1485.1396017853015,1532.3940464056725
2022_04_NE_GB,2022,4,2022-10-02,GB,NE,27,24,Home,1582.8908342296315,1495.3065795984137,1590.5011334278156,1487.6962804002296
2022_04_NYJ_PIT,2022,4,2022-10-02,PIT,NYJ,20,24,Home,1486.858341428584,1340.1537300236648,1464.1949925811884,1362.8170788710604
2022_04_SEA_DET,2022,4,2022-10-02,DET,SEA,45,48,Home,1402.1014049097453,1480.161930045799,1388.838079923796,1493.4252550317483
2022_04_TEN_IND,2022,4,2022-10-02,IND,TEN,17,24,Home,1515.55285138281,1529.35535397057,1492.258297137858,1552.649908215522
2022_04_WAS_DAL,2022,4,2022-10-02,DAL,WAS,25,10,Home,1553.156280605634,1419.1154788831593,1565.4247421732048,1406.8470173155886
2022_04_LA_SF,2022,4,2022-10-03,SF,LA,24,9,Home,1550.7407083363767,1595.4551599528925,1576.6110720404438,1569.5847962488253
2022_05_IND_DEN,2022,5,2022-10-06,DEN,IND,9,12,Home,1445.8786791415387,1492.258297137858,1431.3960568399948,1506.740919439402
2022_05_ATL_TB,2022,5,2022-10-09,TB,ATL,21,15,Home,1607.7933453472479,1459.614662301982,1615.8359860183923,1451.5720216308375
2022_05_CHI_MIN,2022,5,2022-10-09,MIN,CHI,29,22,Home,1532.3940464056725,1441.2225131611442,1543.6265426021782,1429.9900169646385
2022_05_CIN_BAL,2022,5,2022-10-09,BAL,CIN,19,17,Home,1528.767529049902,1557.7119712757735,1538.4587994886572,1548.0207008370182
2022_05_DAL_LA,2022,5,2022-10-09,LA,DAL,10,22,Home,1569.5847962488253,1565.4247421732048,1539.8312779729486,1595.1782604490816
2022_05_DET_NE,2022,5,2022-10-09,NE,DET,29,0,Home,1487.6962804002296,1388.838079923796,1505.4382533088844,1371.0961070151411
2022_05_HOU_JAX,2022,5,2022-10-09,JAX,HOU,6,13,Home,1421.9486087322302,1364.9266664880652,1395.5986891823245,1391.276586037971
2022_05_LAC_CLE,2022,5,2022-10-09,CLE,LAC,28,30,Home,1505.3063870261753,1482.5722739045245,1492.129059435386,1495.749601495314
2022_05_MIA_NYJ,2022,5,2022-10-09,NYJ,MIA,40,17,Home,1362.8170788710604,1554.374643743042,1403.355797511032,1513.8359251030704
2022_05_NYG_GB,2022,5,2022-10-09,GB,NYG,22,27,Neutral,1590.5011334278156,1416.9080366333085,1566.224166285016,1441.185003776108
2022_05_PHI_ARI,2022,5,2022-10-09,ARI,PHI,17,20,Home,1505.4977872546078,1569.3018546141054,1491.594683018994,1583.2049588497193
2022_05_PIT_BUF,2022,5,2022-10-09,BUF,PIT,38,3,Home,1655.917874109722,1464.1949925811884,1667.8399734057812,1452.2728932851294
2022_05_SEA_NO,2022,5,2022-10-09,NO,SEA,39,32,Home,1485.1396017853015,1493.4252550317483,1502.131394974751,1476.4334618422988
2022_05_SF_CAR,2022,5,2022-10-09,CAR,SF,15,37,Home,1392.9936987177448,1576.6110720404438,1373.0229555823732,1596.5818151758153
2022_05_TEN_WAS,2022,5,2022-10-09,WAS,TEN,17,21,Home,1406.8470173155886,1552.649908215522,1394.8695569721788,1564.6273685589317
2022_05_LV_KC,2022,5,2022-10-10,KC,LV,30,29,Home,1659.1998048052988,1461.6813621353217,1661.4385846613252,1459.4425822792953
2022_06_WAS_CHI,2022,6,2022-10-13,CHI,WAS,7,12,Home,1429.9900169646385,1394.8695569721788,1408.046094822106,1416.8134791147113
2022_06_ARI_SEA,2022,6,2022-10-16,SEA,ARI,19,9,Home,1476.4334618422988,1491.594683018994,1496.5405869421622,1471.4875579191305
2022_06_BAL_NYG,2022,6,2022-10-16,NYG,BAL,24,20,Home,1441.185003776108,1538.4587994886572,1458.515885382339,1521.1279178824261
2022_06_BUF_KC,2022,6,2022-10-16,KC,BUF,20,24,Home,1661.4385846613252,1667.8399734057812,1643.142500821781,1686.1360572453254
2022_06_CAR_LA,2022,6,2022-10-16,LA,CAR,24,10,Home,1539.8312779729486,1373.0229555823732,1550.0441252870635,1362.8101082682583
2022_06_CIN_NO,2022,6,2022-10-16,NO,CIN,26,30,Home,1502.131394974751,1548.0207008370182,1485.2988551425187,1564.8532406692505
2022_06_DAL_PHI,2022,6,2022-10-16,PHI,DAL,26,17,Home,1583.2049588497193,1595.1782604490816,1602.2837119369383,1576.0995073618626
2022_06_JAX_IND,2022,6,2022-10-16,IND,JAX,34,27,Home,1506.740919439402,1395.5986891823245,1516.991426350675,1385.3481822710514
2022_06_MIN_MIA,2022,6,2022-10-16,MIA,MIN,16,24,Home,1513.8359251030704,1543.6265426021782,1490.0256528431794,1567.4368148620692
2022_06_NE_CLE,2022,6,2022-10-16,CLE,NE,15,38,Home,1492.129059435386,1505.4382533088844,1456.4921713119904,1541.07514143228
2022_06_NYJ_GB,2022,6,2022-10-16,GB,NYJ,10,27,Home,1566.224166285016,1403.355797511032,1524.957699157681,1444.6222646383671
2022_06_SF_ATL,2022,6,2022-10-16,ATL,SF,28,14,Home,1451.5720216308375,1596.5818151758153,1483.6154919262383,1564.5383448804146
2022_06_TB_PIT,2022,6,2022-10-16,PIT,TB,20,18,Home,1452.2728932851294,1615.8359860183923,1465.693383235873,1602.4154960676487
2022_06_DEN_LAC,2022,6,2022-10-17,LAC,DEN,19,16,Home,1495.749601495314,1431.3960568399948,1504.1814304541363,1422.9642278811725
2022_07_NO_ARI,2022,7,2022-10-20,ARI,NO,42,34,Home,1471.4875579191305,1485.2988551425187,1489.8192558121834,1466.9671572494658
2022_07_ATL_CIN,2022,7,2022-10-23,CIN,ATL,35,17,Home,1564.8532406692505,1483.6154919262383,1581.4824188903092,1466.9863137051796
2022_07_CLE_BAL,2022,7,2022-10-23,BAL,CLE,23,20,Home,1521.1279178824261,1456.4921713119904,1529.5494423661894,1448.0706468282272
2022_07_DET_DAL,2022,7,2022-10-23,DAL,DET,24,6,Home,1576.0995073618626,1371.0961070151411,1585.2507783382018,1361.944836038802
2022_07_GB_WAS,2022,7,2022-10-23,WAS,GB,23,21,Home,1416.8134791147113,1524.957699157681,1428.9194681758281,1512.8517100965641
2022_07_HOU_LV,2022,7,2022-10-23,LV,HOU,38,20,Home,1459.4425822792953,1391.276586037971,1477.0572207902105,1373.6619475270556
2022_07_IND_TEN,2022,7,2022-10-23,TEN,IND,19,10,Home,1564.6273685589317,1516.991426350675,1579.6692710688385,1501.9495238407683
2022_07_KC_SF,2022,7,2022-10-23,SF,KC,23,44,Home,1564.5383448804146,1643.142500821781,1535.0201597399628,1672.6606859622327
2022_07_NYG_JAX,2022,7,2022-10-23,JAX,NYG,17,23,Home,1385.3481822710514,1458.515885382339,1366.4167363208087,1477.4473313325818
2022_07_NYJ_DEN,2022,7,2022-10-23,DEN,NYJ,9,16,Home,1422.9642278811725,1444.6222646383671,1400.0407330578985,1467.5457594616412
2022_07_PIT_MIA,2022,7,2022-10-23,MIA,PIT,16,10,Home,1490.0256528431794,1465.693383235873,1504.0205948209107,1451.6984412581417
2022_07_SEA_LAC,2022,7,2022-10-23,LAC,SEA,23,37,Home,1504.1814304541363,1496.5405869421622,1472.564057221977,1528.1579601743215
2022_07_TB_CAR,2022,7,2022-10-23,CAR,TB,21,3,Home,1362.8101082682583,1602.4154960676487,1402.7504363281273,1562.4751680077798
2022_07_CHI_NE,2022,7,2022-10-24,NE,CHI,14,33,Home,1541.07514143228,1408.046094822106,1499.4283779880732,1449.6928582663127
2022_08_BAL_TB,2022,8,2022-10-27,TB,BAL,22,27,Home,1562.4751680077798,1529.5494423661894,1540.6103016619309,1551.4143087120383
2022_08_ARI_MIN,2022,8,2022-10-30,MIN,ARI,34,26,Home,1567.4368148620692,1489.8192558121834,1580.0469079916195,1477.2091626826332
2022_08_CAR_ATL,2022,8,2022-10-30,ATL,CAR,37,34,Home,1466.9863137051796,1402.7504363281273,1475.4224415560916,1394.3143084772153
2022_08_CHI_DAL,2022,8,2022-10-30,DAL,CHI,49,29,Home,1585.2507783382018,1449.6928582663127,1598.624999936504,1436.3186366680104
2022_08_DEN_JAX,2022,8,2022-10-30,JAX,DEN,17,21,Neutral,1366.4167363208087,1400.0407330578985,1352.093992290791,1414.3634770879162
2022_08_GB_BUF,2022,8,2022-10-30,BUF,GB,27,17,Home,1686.1360572453254,1512.8517100965641,1694.891949009975,1504.0958183319146
2022_08_LV_NO,2022,8,2022-10-30,NO,LV,24,0,Home,1466.9671572494658,1477.0572207902105,1493.4496501109904,1450.574727928686
2022_08_MIA_DET,2022,8,2022-10-30,DET,MIA,27,31,Home,1361.944836038802,1504.0205948209107,1349.789286217445,1516.1761446422677
2022_08_NE_NYJ,2022,8,2022-10-30,NYJ,NE,17,22,Home,1467.5457594616412,1499.4283779880732,1448.2163944545564,1518.757742995158
2022_08_NYG_SEA,2022,8,2022-10-30,SEA,NYG,27,13,Home,1528.1579601743215,1477.4473313325818,1545.6203633444952,1459.984928162408
2022_08_PIT_PHI,2022,8,2022-10-30,PHI,PIT,35,13,Home,1602.2837119369383,1451.6984412581417,1615.091939929967,1438.8902132651128
2022_08_SF_LA,2022,8,2022-10-30,LA,SF,14,31,Home,1550.0441252870635,1535.0201597399628,1515.8424370183038,1569.2218480087224
2022_08_TEN_HOU,2022,8,2022-10-30,HOU,TEN,10,17,Home,1373.6619475270556,1579.6692710688385,1361.642603646539,1591.688614949355
2022_08_WAS_IND,2022,8,2022-10-30,IND,WAS,16,17,Home,1501.9495238407683,1428.9194681758281,1492.9643206099274,1437.904671406669
2022_08_CIN_CLE,2022,8,2022-10-31,CLE,CIN,32,13,Home,1448.0706468282272,1581.4824188903092,1482.7725437916527,1546.7805219268837
2022_09_PHI_HOU,2022,9,2022-11-03,HOU,PHI,17,29,Home,1361.642603646539,1615.091939929967,1349.7069530089045,1627.0275905676017
2022_09_BUF_NYJ,2022,9,2022-11-06,NYJ,BUF,20,17,Home,1448.2163944545564,1694.891949009975,1467.1677023086565,1675.9406411558748
2022_09_CAR_CIN,2022,9,2022-11-06,CIN,CAR,42,21,Home,1546.7805219268837,1394.3143084772153,1559.291686910051,1381.8031434940478
2022_09_GB_DET,2022,9,2022-11-06,DET,GB,15,9,Home,1349.789286217445,1504.0958183319146,1373.1928815506008,1480.6922229987588
2022_09_IND_NE,2022,9,2022-11-06,NE,IND,26,3,Home,1518.757742995158,1492.9643206099274,1541.479551973356,1470.2425116317295
2022_09_LAC_ATL,2022,9,2022-11-06,ATL,LAC,17,20,Home,1475.4224415560916,1472.564057221977,1459.3806140231532,1488.6058847549155
2022_09_LA_TB,2022,9,2022-11-06,TB,LA,16,13,Home,1540.6103016619309,1515.8424370183038,1550.5629656539443,1505.8897730262904
2022_09_LV_JAX,2022,9,2022-11-06,JAX,LV,27,20,Home,1352.093992290791,1450.574727928686,1374.5444257323154,1428.1242944871615
2022_09_MIA_CHI,2022,9,2022-11-06,CHI,MIA,32,35,Home,1436.3186366680104,1516.1761446422677,1423.1371776333503,1529.3576036769277
2022_09_MIN_WAS,2022,9,2022-11-06,WAS,MIN,17,20,Home,1437.904671406669,1580.0469079916195,1427.4371968136304,1590.514382584658
2022_09_SEA_ARI,2022,9,2022-11-06,ARI,SEA,21,31,Home,1477.2091626826332,1545.6203633444952,1453.5023915702318,1569.3271344568966
2022_09_TEN_KC,2022,9,2022-11-06,KC,TEN,20,17,Home,1672.6606859622327,1591.688614949355,1680.4992575621288,1583.850043349459
2022_09_BAL_NO,2022,9,2022-11-07,NO,BAL,13,27,Home,1493.4496501109904,1551.4143087120383,1465.9089327136478,1578.955026109381
2022_10_ATL_CAR,2022,10,2022-11-10,CAR,ATL,25,15,Home,1381.8031434940478,1459.3806140231532,1406.5085346642788,1434.6752228529222
2022_10_ARI_LA,2022,10,2022-11-13,LA,ARI,17,27,Home,1505.8897730262904,1453.5023915702318,1475.7140405631537,1483.6781240333685
2022_10_CLE_MIA,2022,10,2022-11-13,MIA,CLE,39,17,Home,1529.3576036769277,1482.7725437916527,1549.9313712555481,1462.1987762130325
2022_10_DAL_GB,2022,10,2022-11-13,GB,DAL,31,28,Home,1480.6922229987588,1598.624999936504,1496.276080533298,1583.0411424019649
2022_10_DEN_TEN,2022,10,2022-11-13,TEN,DEN,17,10,Home,1583.850043349459,1414.3634770879162,1591.5884275683966,1406.6250928689785
2022_10_DET_CHI,2022,10,2022-11-13,CHI,DET,30,31,Home,1423.1371776333503,1373.1928815506008,1414.4467340386661,1381.883325145285
2022_10_HOU_NYG,2022,10,2022-11-13,NYG,HOU,24,16,Home,1459.984928162408,1349.7069530089045,1470.8595829181454,1338.8322982531672
2022_10_IND_LV,2022,10,2022-11-13,LV,IND,20,25,Home,1428.1242944871615,1470.2425116317295,1409.2249355555182,1489.1418705633728
2022_10_JAX_KC,2022,10,2022-11-13,KC,JAX,27,17,Home,1680.4992575621288,1374.5444257323154,1684.8371857215313,1370.206497572913
2022_10_LAC_SF,2022,10,2022-11-13,SF,LAC,22,16,Home,1569.2218480087224,1488.6058847549155,1580.2421086977176,1477.5856240659202
2022_10_MIN_BUF,2022,10,2022-11-13,BUF,MIN,30,33,Home,1675.9406411558748,1590.514382584658,1657.673506861465,1608.7815168790678
2022_10_NO_PIT,2022,10,2022-11-13,PIT,NO,20,10,Home,1438.8902132651128,1465.9089327136478,1459.8955645650815,1444.9035814136791
2022_10_SEA_TB,2022,10,2022-11-13,TB,SEA,21,16,Neutral,1550.5629656539443,1569.3271344568966,1569.287601657674,1550.6024984531668
2022_10_WAS_PHI,2022,10,2022-11-14,PHI,WAS,21,32,Home,1627.0275905676017,1427.4371968136304,1590.606023386831,1463.858763994401
2022_11_TEN_GB,2022,11,2022-11-17,GB,TEN,17,27,Home,1496.276080533298,1591.5884275683966,1474.6814404949662,1613.1830676067284
2022_11_CAR_BAL,2022,11,2022-11-20,BAL,CAR,13,3,Home,1578.955026109381,1406.5085346642788,1587.747672724747,1397.7158880489128
2022_11_CHI_ATL,2022,11,2022-11-20,ATL,CHI,27,24,Home,1434.6752228529222,1414.4467340386661,1444.811416571535,1404.3105403200534
2022_11_CIN_PIT,2022,11,2022-11-20,PIT,CIN,30,37,Home,1459.8955645650815,1559.291686910051,1441.4416170085278,1577.7456344666048
2022_11_CLE_BUF,2022,11,2022-11-20,BUF,CLE,31,23,Neutral,1657.673506861465,1462.1987762130325,1667.5629676753113,1452.3093153991863
2022_11_DAL_MIN,2022,11,2022-11-20,MIN,DAL,3,40,Home,1608.7815168790678,1583.0411424019649,1564.9244900009019,1626.8981692801308
2022_11_DET_NYG,2022,11,2022-11-20,NYG,DET,18,31,Home,1470.8595829181454,1381.883325145285,1435.9280688409415,1416.814839222489
2022_11_KC_LAC,2022,11,2022-11-20,LAC,KC,27,30,Home,1477.5856240659202,1684.8371857215313,1469.616650879784,1692.8061589076676
2022_11_LA_NO,2022,11,2022-11-20,NO,LA,27,20,Home,1444.9035814136791,1475.7140405631537,1463.3712923766302,1457.2463296002027
2022_11_LV_DEN,2022,11,2022-11-20,DEN,LV,16,22,Home,1406.6250928689785,1409.2249355555182,1384.3402756867015,1431.5097527377952
2022_11_NYJ_NE,2022,11,2022-11-20,NE,NYJ,10,3,Home,1541.479551973356,1467.1677023086565,1553.5890509274623,1455.0582033545502
2022_11_PHI_IND,2022,11,2022-11-20,IND,PHI,16,17,Home,1489.1418705633728,1590.606023386831,1483.036408805276,1596.7114851449278
2022_11_WAS_HOU,2022,11,2022-11-20,HOU,WAS,10,23,Home,1338.8322982531672,1463.858763994401,1317.5374203058275,1485.1536419417407
2022_11_SF_ARI,2022,11,2022-11-21,ARI,SF,10,38,Neutral,1483.6781240333685,1580.2421086977176,1460.1624162769567,1603.7578164541294
2022_12_BUF_DET,2022,12,2022-11-24,DET,BUF,25,28,Home,1416.814839222489,1667.5629676753113,1410.281255181691,1674.0965517161092
2022_12_NE_MIN,2022,12,2022-11-24,MIN,NE,33,26,Home,1564.9244900009019,1553.5890509274623,1580.6757306290128,1537.8378102993513
2022_12_NYG_DAL,2022,12,2022-11-24,DAL,NYG,28,20,Home,1626.8981692801308,1435.9280688409415,1634.236247264067,1428.5899908570052
2022_12_ATL_WAS,2022,12,2022-11-27,WAS,ATL,19,13,Home,1485.1536419417407,1444.811416571535,1498.2595927113864,1431.7054658018892
2022_12_BAL_JAX,2022,12,2022-11-27,JAX,BAL,28,27,Home,1370.206497572913,1587.747672724747,1379.3646677721736,1578.5895025254863
2022_12_CHI_NYJ,2022,12,2022-11-27,NYJ,CHI,31,10,Home,1455.0582033545502,1404.3105403200534,1474.9871414380048,1384.3816022365988
2022_12_CIN_TEN,2022,12,2022-11-27,TEN,CIN,16,20,Home,1613.1830676067284,1577.7456344666048,1593.461843908449,1597.4668581648841
2022_12_DEN_CAR,2022,12,2022-11-27,CAR,DEN,23,10,Home,1397.7158880489128,1384.3402756867015,1417.5457183677454,1364.510445367869
2022_12_GB_PHI,2022,12,2022-11-27,PHI,GB,40,33,Home,1596.7114851449278,1474.6814404949662,1606.4528852019434,1464.9400404379505
2022_12_HOU_MIA,2022,12,2022-11-27,MIA,HOU,30,15,Home,1549.9313712555481,1317.5374203058275,1557.4009207090119,1310.0678708523637
2022_12_LAC_ARI,2022,12,2022-11-27,ARI,LAC,24,25,Home,1460.1624162769567,1469.616650879784,1452.3298874583418,1477.449179698399
2022_12_LA_KC,2022,12,2022-11-27,KC,LA,26,10,Home,1692.8061589076676,1457.2463296002027,1700.312430899876,1449.7400576079942
2022_12_LV_SEA,2022,12,2022-11-27,SEA,LV,34,40,Home,1550.6024984531668,1431.5097527377952,1523.9321153206015,1458.1801358703606
2022_12_NO_SF,2022,12,2022-11-27,SF,NO,13,0,Home,1603.7578164541294,1463.3712923766302,1615.0848630822388,1452.0442457485208
2022_12_TB_CLE,2022,12,2022-11-27,CLE,TB,23,17,Home,1452.3093153991863,1569.287601657674,1474.1422440707263,1547.454672986134
2022_12_PIT_IND,2022,12,2022-11-28,IND,PIT,17,24,Home,1483.036408805276,1441.4416170085278,1457.301977948455,1467.176047865349
2022_13_BUF_NE,2022,13,2022-12-01,NE,BUF,10,24,Home,1537.8378102993513,1674.0965517161092,1516.9126765268356,1695.0216854886248
2022_13_CLE_HOU,2022,13,2022-12-04,HOU,CLE,14,27,Home,1310.0678708523637,1474.1422440707263,1291.8267175809308,1492.3833973421592
2022_13_DEN_BAL,2022,13,2022-12-04,BAL,DEN,10,9,Home,1578.5895025254863,1364.510445367869,1580.6449034748816,1362.4550444184736
2022_13_GB_CHI,2022,13,2022-12-04,CHI,GB,19,28,Home,1384.3816022365988,1464.9400404379505,1362.5406379753338,1486.7810046992156
2022_13_IND_DAL,2022,13,2022-12-04,DAL,IND,54,19,Home,1634.236247264067,1457.301977948455,1647.0842743508902,1444.453950861632
2022_13_JAX_DET,2022,13,2022-12-04,DET,JAX,40,14,Home,1410.281255181691,1379.3646677721736,1433.3589688048144,1356.2869541490502
2022_13_KC_CIN,2022,13,2022-12-04,CIN,KC,27,24,Home,1597.4668581648841,1700.312430899876,1612.5740427216235,1685.2052463431367
2022_13_LAC_LV,2022,13,2022-12-04,LV,LAC,27,20,Home,1458.1801358703606,1477.449179698399,1475.8851681923747,1459.7441473763847
2022_13_MIA_SF,2022,13,2022-12-04,SF,MIA,33,17,Home,1615.0848630822388,1557.4009207090119,1632.8196415417954,1539.6661422494553
2022_13_NYJ_MIN,2022,13,2022-12-04,MIN,NYJ,27,22,Home,1580.6757306290128,1474.9871414380048,1589.7338672750652,1465.9290047919524
2022_13_PIT_ATL,2022,13,2022-12-04,ATL,PIT,16,19,Home,1431.7054658018892,1467.176047865349,1416.8662833066128,1482.0152303606253
2022_13_SEA_LA,2022,13,2022-12-04,LA,SEA,23,27,Home,1449.7400576079942,1523.9321153206015,1434.1365806119468,1539.535592316649
2022_13_TEN_PHI,2022,13,2022-12-04,PHI,TEN,35,10,Home,1606.4528852019434,1593.461843908449,1630.9714210500035,1568.943308060389
2022_13_WAS_NYG,2022,13,2022-12-04,NYG,WAS,20,20,Home,1428.5899908570052,1498.2595927113864,1428.7243847101047,1498.125198858287
2022_13_NO_TB,2022,13,2022-12-05,TB,NO,17,16,Home,1547.454672986134,1452.0442457485208,1551.127631348752,1448.3712873859029
2022_14_LV_LA,2022,14,2022-12-08,LA,LV,17,16,Home,1434.1365806119468,1475.8851681923747,1440.5372219406227,1469.484526863699
2022_14_BAL_PIT,2022,14,2022-12-11,PIT,BAL,14,16,Home,1482.0152303606253,1580.6449034748816,1472.2386365519787,1590.4214972835282
2022_14_CAR_SEA,2022,14,2022-12-11,SEA,CAR,24,30,Home,1539.535592316649,1417.5457183677454,1512.78371021041,1444.2976004739844
2022_14_CLE_CIN,2022,14,2022-12-11,CIN,CLE,23,10,Home,1612.5740427216235,1492.3833973421592,1625.044531351612,1479.9129087121707
2022_14_HOU_DAL,2022,14,2022-12-11,DAL,HOU,27,23,Home,1647.0842743508902,1291.8267175809308,1649.292858344977,1289.618133586844
2022_14_JAX_TEN,2022,14,2022-12-11,TEN,JAX,22,36,Home,1568.943308060389,1356.2869541490502,1528.9416052018807,1396.2886570075584
2022_14_KC_DEN,2022,14,2022-12-11,DEN,KC,28,34,Home,1362.4550444184736,1685.2052463431367,1356.014955298372,1691.6453354632383
2022_14_MIA_LAC,2022,14,2022-12-11,LAC,MIA,23,17,Home,1459.7441473763847,1539.6661422494553,1479.9017598763803,1519.5085297494597
2022_14_MIN_DET,2022,14,2022-12-11,DET,MIN,34,23,Home,1433.3589688048144,1589.7338672750652,1463.3509813452754,1559.7418547346042
2022_14_NYJ_BUF,2022,14,2022-12-11,BUF,NYJ,20,12,Home,1695.0216854886248,1465.9290047919524,1701.0450456025487,1459.9056446780285
2022_14_PHI_NYG,2022,14,2022-12-11,NYG,PHI,22,48,Home,1428.7243847101047,1630.9714210500035,1409.3563338167805,1650.3394719433277
2022_14_TB_SF,2022,14,2022-12-11,SF,TB,35,7,Home,1632.8196415417954,1551.127631348752,1651.7985602213066,1532.1487126692407
2022_14_NE_ARI,2022,14,2022-12-12,ARI,NE,13,27,Home,1452.3298874583418,1516.9126765268356,1425.2220071693791,1544.0205568157983
2022_15_SF_SEA,2022,15,2022-12-15,SEA,SF,13,21,Home,1512.78371021041,1651.7985602213066,1495.9877739425438,1668.5944964891728
2022_15_BAL_CLE,2022,15,2022-12-17,CLE,BAL,13,3,Home,1479.9129087121707,1590.4214972835282,1506.4656243596792,1563.8687816360198
2022_15_IND_MIN,2022,15,2022-12-17,MIN,IND,39,36,Home,1559.7418547346042,1444.453950861632,1566.4448326296501,1437.750972966586
2022_15_MIA_BUF,2022,15,2022-12-17,BUF,MIA,32,29,Home,1701.0450456025487,1519.5085297494597,1705.9015531158345,1514.652022236174
2022_15_ARI_DEN,2022,15,2022-12-18,DEN,ARI,24,15,Home,1356.014955298372,1425.2220071693791,1379.275129261804,1401.961833205947
2022_15_ATL_NO,2022,15,2022-12-18,NO,ATL,21,18,Home,1448.3712873859029,1416.8662833066128,1458.0548929481706,1407.182677744345
2022_15_CIN_TB,2022,15,2022-12-18,TB,CIN,23,34,Home,1532.1487126692407,1625.044531351612,1509.576727775564,1647.6165162452887
2022_15_DAL_JAX,2022,15,2022-12-18,JAX,DAL,40,34,Home,1396.2886570075584,1649.292858344977,1423.0688069351822,1622.5127084173532
2022_15_DET_NYJ,2022,15,2022-12-18,NYJ,DET,17,20,Home,1459.9056446780285,1463.3509813452754,1444.055480336812,1479.2011456864918
2022_15_KC_HOU,2022,15,2022-12-18,HOU,KC,24,30,Home,1289.618133586844,1691.6453354632383,1285.3780606955938,1695.8854083544884
2022_15_NE_LV,2022,15,2022-12-18,LV,NE,30,24,Home,1469.484526863699,1544.0205568157983,1489.3912992205037,1524.1137844589937
2022_15_NYG_WAS,2022,15,2022-12-18,WAS,NYG,12,20,Home,1498.125198858287,1409.3563338167805,1469.0495169459298,1438.4320157291377
2022_15_PHI_CHI,2022,15,2022-12-18,CHI,PHI,20,25,Home,1362.5406379753338,1650.3394719433277,1355.475616031437,1657.4044938872244
2022_15_PIT_CAR,2022,15,2022-12-18,CAR,PIT,16,24,Home,1444.2976004739844,1472.2386365519787,1420.3932178864245,1496.1430191395386
2022_15_TEN_LAC,2022,15,2022-12-18,LAC,TEN,17,14,Home,1479.9017598763803,1528.9416052018807,1493.0330661835876,1515.8102988946735
2022_15_LA_GB,2022,15,2022-12-19,GB,LA,24,12,Home,1486.7810046992156,1440.5372219406227,1503.635262592569,1423.6829640472693
2022_16_JAX_NYJ,2022,16,2022-12-22,NYJ,JAX,3,19,Home,1444.055480336812,1423.0688069351822,1410.1753785443043,1456.94890872769
2022_16_ATL_BAL,2022,16,2022-12-24,BAL,ATL,17,9,Home,1563.8687816360198,1407.182677744345,1572.5801039403616,1398.4713554400032
2022_16_BUF_CHI,2022,16,2022-12-24,CHI,BUF,13,35,Home,1355.475616031437,1705.9015531158345,1346.4804241524675,1714.896744994804
2022_16_CIN_NE,2022,16,2022-12-24,NE,CIN,18,22,Home,1524.1137844589937,1647.6165162452887,1511.0514768256162,1660.6788238786662
2022_16_DET_CAR,2022,16,2022-12-24,CAR,DET,37,23,Home,1420.3932178864245,1479.2011456864918,1446.916484612854,1452.6778789600623
2022_16_HOU_TEN,2022,16,2022-12-24,TEN,HOU,14,19,Home,1515.8102988946735,1285.3780606955938,1489.094922857002,1312.0934367332652
2022_16_LV_PIT,2022,16,2022-12-24,PIT,LV,13,10,Home,1496.1430191395386,1489.3912992205037,1506.834342100737,1478.6999762593052
2022_16_NO_CLE,2022,16,2022-12-24,CLE,NO,10,17,Home,1506.4656243596792,1458.0548929481706,1480.4555094611,1484.0650078467497
2022_16_NYG_MIN,2022,16,2022-12-24,MIN,NYG,27,24,Home,1566.4448326296501,1438.4320157291377,1572.7578752277561,1432.1189731310317
2022_16_PHI_DAL,2022,16,2022-12-24,DAL,PHI,40,34,Home,1622.5127084173532,1657.4044938872244,1640.049720013604,1639.8674822909736
2022_16_SEA_KC,2022,16,2022-12-24,KC,SEA,24,10,Home,1695.8854083544884,1495.9877739425438,1704.52601894662,1487.347163350412
2022_16_WAS_SF,2022,16,2022-12-24,SF,WAS,37,20,Home,1668.5944964891728,1469.0495169459298,1677.8335500344024,1459.8104634007002
2022_16_DEN_LA,2022,16,2022-12-25,LA,DEN,51,14,Home,1423.6829640472693,1379.275129261804,1447.7703338269682,1355.187759482105
2022_16_GB_MIA,2022,16,2022-12-25,MIA,GB,20,26,Home,1514.652022236174,1503.635262592569,1491.7919366535216,1526.4953481752214
2022_16_TB_ARI,2022,16,2022-12-25,ARI,TB,16,19,Home,1401.961833205947,1509.576727775564,1390.0220585449647,1521.5165024365463
2022_16_LAC_IND,2022,16,2022-12-26,IND,LAC,3,20,Home,1437.750972966586,1493.0330661835876,1408.1696854275938,1522.6143537225798
2022_17_DAL_TEN,2022,17,2022-12-29,TEN,DAL,13,27,Home,1489.094922857002,1640.049720013604,1469.3520195009708,1659.7926233696353
2022_17_ARI_ATL,2022,17,2023-01-01,ATL,ARI,20,19,Home,1398.4713554400032,1390.0220585449647,1403.7816426289096,1384.7117713560583
2022_17_CAR_TB,2022,17,2023-01-01,TB,CAR,30,24,Home,1521.5165024365463,1446.916484612854,1532.8340218305768,1435.5989652188234
2022_17_CHI_DET,2022,17,2023-01-01,DET,CHI,41,10,Home,1452.6778789600623,1346.4804241524675,1470.1576362327874,1329.0006668797425
2022_17_CLE_WAS,2022,17,2023-01-01,WAS,CLE,10,24,Home,1459.8104634007002,1480.4555094611,1429.894565959485,1510.3714069023154
2022_17_DEN_KC,2022,17,2023-01-01,KC,DEN,27,24,Home,1704.52601894662,1355.187759482105,1706.4932128794742,1353.220565549251
2022_17_IND_NYG,2022,17,2023-01-01,NYG,IND,38,10,Home,1432.1189731310317,1408.1696854275938,1456.373967499144,1383.9146910594814
2022_17_JAX_HOU,2022,17,2023-01-01,HOU,JAX,3,31,Home,1312.0934367332652,1456.94890872769,1286.9395249933011,1482.102820467654
2022_17_LA_LAC,2022,17,2023-01-01,LAC,LA,31,10,Home,1522.6143537225798,1447.7703338269682,1540.5727145624699,1429.8119729870782
2022_17_MIA_NE,2022,17,2023-01-01,NE,MIA,23,21,Home,1511.0514768256162,1491.7919366535216,1519.1154480061334,1483.7279654730044
2022_17_MIN_GB,2022,17,2023-01-01,GB,MIN,41,17,Home,1526.4953481752214,1572.7578752277561,1556.692631325607,1542.5605920773705
2022_17_NO_PHI,2022,17,2023-01-01,PHI,NO,10,20,Home,1639.8674822909736,1484.0650078467497,1605.832102679487,1518.1003874582364
2022_17_NYJ_SEA,2022,17,2023-01-01,SEA,NYJ,23,6,Home,1487.347163350412,1410.1753785443043,1503.9680354810953,1393.554506413621
2022_17_PIT_BAL,2022,17,2023-01-01,BAL,PIT,13,16,Home,1572.5801039403616,1506.834342100737,1554.7906002481882,1524.6238457929105
2022_17_SF_LV,2022,17,2023-01-01,LV,SF,34,37,Home,1478.6999762593052,1677.8335500344024,1470.4416220183302,1686.0919042753774
2022_18_KC_LV,2022,18,2023-01-07,LV,KC,13,31,Home,1470.4416220183302,1706.4932128794742,1455.581077578214,1721.3537573195904
2022_18_TEN_JAX,2022,18,2023-01-07,JAX,TEN,20,16,Home,1482.102820467654,1469.3520195009708,1494.226016203518,1457.2288237651069
2022_18_ARI_SF,2022,18,2023-01-08,SF,ARI,38,13,Home,1686.0919042753774,1384.7117713560583,1692.1369981663254,1378.6666774651103
2022_18_BAL_CIN,2022,18,2023-01-08,CIN,BAL,27,16,Home,1660.6788238786662,1554.7906002481882,1673.2295677739014,1542.239856352953
2022_18_CAR_NO,2022,18,2023-01-08,NO,CAR,7,10,Home,1518.1003874582364,1435.5989652188234,1499.901987968253,1453.7973647088068
2022_18_CLE_PIT,2022,18,2023-01-08,PIT,CLE,28,14,Home,1524.6238457929105,1510.3714069023154,1544.9015738927915,1490.0936788024344
2022_18_DAL_WAS,2022,18,2023-01-08,WAS,DAL,26,6,Home,1429.894565959485,1659.7926233696353,1470.7331544360718,1618.9540348930484
2022_18_DET_GB,2022,18,2023-01-08,GB,DET,16,20,Home,1556.692631325607,1470.1576362327874,1535.455136509875,1491.3951310485193
2022_18_HOU_IND,2022,18,2023-01-08,IND,HOU,31,32,Home,1383.9146910594814,1286.9395249933011,1374.6493225498887,1296.2048935028938
2022_18_LAC_DEN,2022,18,2023-01-08,DEN,LAC,31,28,Home,1353.220565549251,1540.5727145624699,1370.7957374072976,1522.9975427044233
2022_18_LA_SEA,2022,18,2023-01-08,SEA,LA,19,16,Home,1503.9680354810953,1429.8119729870782,1512.046571866391,1421.7334366017824
2022_18_MIN_CHI,2022,18,2023-01-08,CHI,MIN,13,29,Home,1329.0006668797425,1542.5605920773705,1313.1644072027325,1558.3968517543806
2022_18_NE_BUF,2022,18,2023-01-08,BUF,NE,35,23,Home,1714.896744994804,1519.1154480061334,1723.2551960868132,1510.7569969141243
2022_18_NYG_PHI,2022,18,2023-01-08,PHI,NYG,22,16,Home,1605.832102679487,1456.373967499144,1613.824790283766,1448.3812798948652
2022_18_NYJ_MIA,2022,18,2023-01-08,MIA,NYJ,11,6,Home,1483.7279654730044,1393.554506413621,1493.4501808949437,1383.8322909916817
2022_18_TB_ATL,2022,18,2023-01-08,ATL,TB,30,17,Home,1403.7816426289096,1532.8340218305768,1434.100414357456,1502.5152501020304
2022_19_LAC_JAX,2022,19,2023-01-14,JAX,LAC,31,30,Home,1494.226016203518,1522.9975427044233,1500.3366968865025,1516.8868620214387
2022_19_SEA_SF,2022,19,2023-01-14,SF,SEA,41,23,Home,1692.1369981663254,1512.046571866391,1702.5275016522294,1501.6560683804871
2022_19_BAL_CIN,2022,19,2023-01-15,CIN,BAL,24,17,Home,1673.2295677739014,1542.239856352953,1682.56596238144,1532.9034617454145
2022_19_MIA_BUF,2022,19,2023-01-15,BUF,MIA,34,31,Home,1723.2551960868132,1493.4501808949437,1727.0412886425702,1489.6640883391867
2022_19_NYG_MIN,2022,19,2023-01-15,MIN,NYG,24,31,Home,1558.3968517543806,1448.3812798948652,1530.176963160144,1476.6011684891018
2022_19_DAL_TB,2022,19,2023-01-16,TB,DAL,14,31,Home,1502.5152501020304,1618.9540348930484,1478.4231162828169,1643.046168712262
2022_20_JAX_KC,2022,20,2023-01-21,KC,JAX,27,20,Home,1721.3537573195904,1500.3366968865025,1727.3009114813,1494.3895427247928
2022_20_NYG_PHI,2022,20,2023-01-21,PHI,NYG,38,7,Home,1613.824790283766,1476.6011684891018,1628.928154873802,1461.497803899066
2022_20_CIN_BUF,2022,20,2023-01-22,BUF,CIN,10,27,Home,1727.0412886425702,1682.56596238144,1691.1081356701861,1718.499115353824
2022_20_DAL_SF,2022,20,2023-01-22,SF,DAL,19,12,Home,1702.5275016522294,1643.046168712262,1715.4439597862727,1630.1297105782187
2022_21_CIN_KC,2022,21,2023-01-29,KC,CIN,23,20,Home,1727.3009114813,1718.499115353824,1737.9068241852458,1707.8932026498783
2022_21_SF_PHI,2022,21,2023-01-29,PHI,SF,31,7,Home,1628.928154873802,1715.4439597862727,1662.7767012332802,1681.5954134267945
2022_22_KC_PHI,2022,22,2023-02-12,PHI,KC,35,38,Neutral,1662.7767012332802,1737.9068241852458,1652.225947653157,1748.457577765369
2023_01_DET_KC,2023,1,2023-09-07,KC,DET,20,21,Home,1649.0745466592211,1494.8370786291114,1639.2492305371695,1504.662394751163
2023_01_ARI_WAS,2023,1,2023-09-10,WAS,ARI,20,16,Home,1482.439892661643,1427.200006479066,1492.6201690051034,1417.0197301356054
2023_01_CAR_ATL,2023,1,2023-09-10,ATL,CAR,24,10,Home,1460.4602486144736,1472.278418825284,1482.8855238948486,1449.853143544909
2023_01_CIN_CLE,2023,1,2023-09-10,CLE,CIN,24,3,Home,1494.0562072814605,1624.7359215899269,1529.677891174083,1589.1142376973044
2023_01_DAL_NYG,2023,1,2023-09-10,NYG,DAL,0,40,Home,1476.8986823394393,1578.077826346931,1444.1545392316932,1610.8219694546772
2023_01_GB_CHI,2023,1,2023-09-10,CHI,GB,20,38,Home,1387.8986443216395,1521.2730819059248,1364.890254237858,1544.2814719897062
2023_01_HOU_BAL,2023,1,2023-09-10,BAL,HOU,25,9,Home,1519.7420770472486,1377.7229361017362,1531.8070174175514,1365.6579957314334
2023_01_JAX_IND,2023,1,2023-09-10,IND,JAX,21,31,Home,1424.789593529933,1496.6337256348756,1401.3558426738055,1520.0674764910032
2023_01_LA_SEA,2023,1,2023-09-10,SEA,LA,13,30,Home,1500.9936410282921,1453.0400619610693,1464.8656770949694,1489.168025894392
2023_01_LV_DEN,2023,1,2023-09-10,DEN,LV,16,17,Home,1422.4774424443785,1473.3486465469282,1415.310279883425,1480.5158091078818
2023_01_MIA_LAC,2023,1,2023-09-10,LAC,MIA,34,36,Home,1510.132117212863,1493.798453003512,1497.1018732493267,1506.8286969670482
2023_01_PHI_NE,2023,1,2023-09-10,NE,PHI,20,25,Home,1506.4541981484745,1591.3355685918941,1489.7120858675196,1608.077680872849
2023_01_SF_PIT,2023,1,2023-09-10,PIT,SF,7,30,Home,1526.9409443356749,1608.9572480560764,1496.9476621657034,1638.950530226048
2023_01_TB_MIN,2023,1,2023-09-10,MIN,TB,17,20,Home,1518.1061778960861,1487.05386976969,1501.241724681264,1503.918322984512
2023_01_TEN_NO,2023,1,2023-09-10,NO,TEN,16,15,Home,1499.9411927809517,1474.337294259064,1504.9007217338094,1469.3777653062064
2023_01_BUF_NYJ,2023,1,2023-09-11,NYJ,BUF,22,16,Home,1430.2993745950089,1614.6648814021114,1454.860099339609,1590.1041566575113
2023_02_MIN_PHI,2023,2,2023-09-14,PHI,MIN,34,28,Home,1608.077680872849,1501.241724681264,1617.8631763489159,1491.4562292051971
2023_02_BAL_CIN,2023,2,2023-09-17,CIN,BAL,24,27,Home,1589.1142376973044,1531.8070174175514,1571.5402298132012,1549.3810253016545
2023_02_CHI_TB,2023,2,2023-09-17,TB,CHI,27,17,Home,1503.918322984512,1364.890254237858,1514.2778588601145,1354.5307183622556
2023_02_GB_ATL,2023,2,2023-09-17,ATL,GB,25,24,Home,1482.8855238948486,1544.2814719897062,1489.73387706665,1537.4331188179049
2023_02_IND_HOU,2023,2,2023-09-17,HOU,IND,20,31,Home,1365.6579957314334,1401.3558426738055,1339.0722539326653,1427.9415844725736
2023_02_KC_JAX,2023,2,2023-09-17,JAX,KC,9,17,Home,1520.0674764910032,1639.2492305371695,1501.940668842058,1657.3760381861148
2023_02_LAC_TEN,2023,2,2023-09-17,TEN,LAC,27,24,Home,1469.3777653062064,1497.1018732493267,1481.552765038562,1484.926873516971
2023_02_LV_BUF,2023,2,2023-09-17,BUF,LV,38,10,Home,1590.1041566575113,1480.5158091078818,1606.8231904193415,1463.7967753460516
2023_02_MIA_NE,2023,2,2023-09-17,NE,MIA,17,24,Home,1489.7120858675196,1506.8286969670482,1466.57342044512,1529.9673623894478
2023_02_NYG_ARI,2023,2,2023-09-17,ARI,NYG,28,31,Home,1417.0197301356054,1444.1545392316932,1401.9119175442047,1459.262351823094
2023_02_NYJ_DAL,2023,2,2023-09-17,DAL,NYJ,30,10,Home,1610.8219694546772,1454.860099339609,1622.9355788501318,1442.7464899441543
2023_02_SEA_DET,2023,2,2023-09-17,DET,SEA,31,37,Home,1504.662394751163,1464.8656770949694,1480.6494657759415,1488.878606070191
2023_02_SF_LA,2023,2,2023-09-17,LA,SF,23,30,Home,1489.168025894392,1638.950530226048,1473.936544477071,1654.182011643369
2023_02_WAS_DEN,2023,2,2023-09-17,DEN,WAS,33,35,Home,1415.310279883425,1492.6201690051034,1404.7722051105256,1503.1582437780028
2023_02_CLE_PIT,2023,2,2023-09-18,PIT,CLE,26,22,Home,1496.9476621657034,1529.677891174083,1511.3403678971865,1515.2851854425999
2023_02_NO_CAR,2023,2,2023-09-18,CAR,NO,17,20,Home,1449.853143544909,1504.9007217338094,1435.65741835006,1519.0964469286585
2023_03_NYG_SF,2023,3,2023-09-21,SF,NYG,30,12,Home,1654.182011643369,1459.262351823094,1663.8194669213133,1449.6248965451496
2023_03_ATL_DET,2023,3,2023-09-24,DET,ATL,20,6,Home,1480.6494657759415,1489.73387706665,1502.8448074090297,1467.5385354335617
2023_03_BUF_WAS,2023,3,2023-09-24,WAS,BUF,3,37,Home,1503.1582437780028,1606.8231904193415,1472.0911415194034,1637.8902926779408
2023_03_CAR_SEA,2023,3,2023-09-24,SEA,CAR,37,27,Home,1488.878606070191,1435.65741835006,1504.1771616255342,1420.3588627947167
2023_03_CHI_KC,2023,3,2023-09-24,KC,CHI,41,10,Home,1657.3760381861148,1354.5307183622556,1663.7545394249564,1348.152217123414
2023_03_DAL_ARI,2023,3,2023-09-24,ARI,DAL,28,16,Home,1401.9119175442047,1622.9355788501318,1435.9494042288175,1588.898092165519
2023_03_DEN_MIA,2023,3,2023-09-24,MIA,DEN,70,20,Home,1529.9673623894478,1404.7722051105256,1548.1132416789887,1386.6263258209847
2023_03_HOU_JAX,2023,3,2023-09-24,JAX,HOU,17,37,Home,1501.940668842058,1339.0722539326653,1458.47335726028,1382.5395655144432
2023_03_IND_BAL,2023,3,2023-09-24,BAL,IND,19,22,Home,1549.3810253016545,1427.9415844725736,1530.3335693903075,1446.9890403839206
2023_03_LAC_MIN,2023,3,2023-09-24,MIN,LAC,24,28,Home,1491.4562292051971,1484.926873516971,1472.7040998122113,1503.6790029099568
2023_03_NE_NYJ,2023,3,2023-09-24,NYJ,NE,10,15,Home,1442.7464899441543,1466.57342044512,1423.083438438599,1486.2364719506754
2023_03_NO_GB,2023,3,2023-09-24,GB,NO,18,17,Home,1537.4331188179049,1519.0964469286585,1542.539720893284,1513.9898448532792
2023_03_PIT_LV,2023,3,2023-09-24,LV,PIT,18,23,Home,1463.7967753460516,1511.3403678971865,1445.1278264090213,1530.0093168342169
2023_03_TEN_CLE,2023,3,2023-09-24,CLE,TEN,27,3,Home,1515.2851854425999,1481.552765038562,1537.5653413872715,1459.2726090938904
2023_03_LA_CIN,2023,3,2023-09-25,CIN,LA,19,16,Home,1571.5402298132012,1473.936544477071,1578.8131889387462,1466.663585351526
2023_03_PHI_TB,2023,3,2023-09-25,TB,PHI,11,25,Home,1514.2778588601145,1617.8631763489159,1490.6076909355659,1641.5333442734645
2023_04_DET_GB,2023,4,2023-09-28,GB,DET,20,34,Home,1542.539720893284,1502.8448074090297,1509.1272775026544,1536.2572507996595
2023_04_ARI_SF,2023,4,2023-10-01,SF,ARI,35,16,Home,1663.8194669213133,1435.9494042288175,1672.084802628096,1427.6840685220347
2023_04_ATL_JAX,2023,4,2023-10-01,JAX,ATL,23,7,Neutral,1458.47335726028,1467.5385354335617,1487.4252586215139,1438.5866340723278
2023_04_BAL_CLE,2023,4,2023-10-01,CLE,BAL,3,28,Home,1537.5653413872715,1530.3335693903075,1499.554721397623,1568.3441893799559
2023_04_CIN_TEN,2023,4,2023-10-01,TEN,CIN,27,3,Home,1459.2726090938904,1578.8131889387462,1495.5733325226226,1542.512465510014
2023_04_DEN_CHI,2023,4,2023-10-01,CHI,DEN,28,31,Home,1348.152217123414,1386.6263258209847,1333.4106641896246,1401.367878754774
2023_04_KC_NYJ,2023,4,2023-10-01,NYJ,KC,20,23,Home,1423.083438438599,1663.7545394249564,1416.234801104047,1670.6031767595084
2023_04_LA_IND,2023,4,2023-10-01,IND,LA,23,29,Home,1446.9890403839206,1466.663585351526,1425.4494334005517,1488.203192334895
2023_04_LV_LAC,2023,4,2023-10-01,LAC,LV,24,17,Home,1503.6790029099568,1445.1278264090213,1516.647158302371,1432.159671016607
2023_04_MIA_BUF,2023,4,2023-10-01,BUF,MIA,48,20,Home,1637.8902926779408,1548.1132416789887,1656.1941601852852,1529.8093741716443
2023_04_MIN_CAR,2023,4,2023-10-01,CAR,MIN,13,21,Home,1420.3588627947167,1472.7040998122113,1397.7169085150545,1495.3460540918736
2023_04_NE_DAL,2023,4,2023-10-01,DAL,NE,38,3,Home,1588.898092165519,1486.2364719506754,1607.2684162444077,1467.8661478717868
2023_04_PIT_HOU,2023,4,2023-10-01,HOU,PIT,30,6,Home,1382.5395655144432,1530.0093168342169,1420.7945038396956,1491.7543785089645
2023_04_TB_NO,2023,4,2023-10-01,NO,TB,9,26,Home,1513.9898448532792,1490.6076909355659,1479.282401825254,1525.315133963591
2023_04_WAS_PHI,2023,4,2023-10-01,PHI,WAS,34,31,Home,1641.5333442734645,1472.0911415194034,1646.6934073975985,1466.9310783952697
2023_04_SEA_NYG,2023,4,2023-10-02,NYG,SEA,3,24,Home,1449.6248965451496,1504.1771616255342,1417.9357356463684,1535.8663225243154
2023_05_CHI_WAS,2023,5,2023-10-05,WAS,CHI,20,40,Home,1466.9310783952697,1333.4106641896246,1424.585719191651,1375.7560233932434
2023_05_BAL_PIT,2023,5,2023-10-08,PIT,BAL,17,10,Home,1491.7543785089645,1568.3441893799559,1513.1295934418788,1546.9689744470415
2023_05_CAR_DET,2023,5,2023-10-08,DET,CAR,42,24,Home,1536.2572507996595,1397.7169085150545,1549.007889978815,1384.966269335899
2023_05_CIN_ARI,2023,5,2023-10-08,ARI,CIN,20,34,Home,1427.6840685220347,1542.512465510014,1404.975314327576,1565.2212197044728
2023_05_DAL_SF,2023,5,2023-10-08,SF,DAL,42,10,Home,1672.084802628096,1607.2684162444077,1693.30892097864,1586.0442978938638
2023_05_HOU_ATL,2023,5,2023-10-08,ATL,HOU,21,19,Home,1438.5866340723278,1420.7945038396956,1446.698018320774,1412.6831195912494
2023_05_JAX_BUF,2023,5,2023-10-08,BUF,JAX,20,25,Neutral,1656.1941601852852,1487.4252586215139,1632.0506915385947,1511.5687272682044
2023_05_KC_MIN,2023,5,2023-10-08,MIN,KC,20,27,Home,1495.3460540918736,1670.6031767595084,1481.6253415964152,1684.3238892549668
2023_05_NO_NE,2023,5,2023-10-08,NE,NO,0,34,Home,1467.8661478717868,1479.282401825254,1427.8471587757958,1519.301390921245
2023_05_NYG_MIA,2023,5,2023-10-08,MIA,NYG,31,16,Home,1529.8093741716443,1417.9357356463684,1543.4303402074424,1404.3147696105702
2023_05_NYJ_DEN,2023,5,2023-10-08,DEN,NYJ,21,31,Home,1401.367878754774,1416.234801104047,1374.5635194723786,1443.0391603864423
2023_05_PHI_LA,2023,5,2023-10-08,LA,PHI,14,23,Home,1488.203192334895,1646.6934073975985,1471.9199167097502,1662.9766830227434
2023_05_TEN_IND,2023,5,2023-10-08,IND,TEN,23,16,Home,1425.4494334005517,1495.5733325226226,1446.5014666490367,1474.5212992741376
2023_05_GB_LV,2023,5,2023-10-09,LV,GB,17,13,Home,1432.159671016607,1509.1272775026544,1448.7181354895963,1492.568813029665
2023_06_DEN_KC,2023,6,2023-10-12,KC,DEN,19,8,Home,1684.3238892549668,1374.5635194723786,1688.7254010603212,1370.1620076670242
2023_06_ARI_LA,2023,6,2023-10-15,LA,ARI,26,9,Home,1471.9199167097502,1404.975314327576,1489.3033203350733,1387.5919107022528
2023_06_BAL_TEN,2023,6,2023-10-15,TEN,BAL,16,24,Neutral,1474.5212992741376,1546.9689744470415,1457.621969263441,1563.868304457738
2023_06_CAR_MIA,2023,6,2023-10-15,MIA,CAR,42,21,Home,1543.4303402074424,1384.966269335899,1555.5786820335336,1372.8179275098078
2023_06_DET_TB,2023,6,2023-10-15,TB,DET,6,20,Home,1525.315133963591,1549.007889978815,1495.588220218219,1578.734803724187
2023_06_IND_JAX,2023,6,2023-10-15,JAX,IND,37,20,Home,1511.5687272682044,1446.5014666490367,1529.0944699657757,1428.9757239514654
2023_06_MIN_CHI,2023,6,2023-10-15,CHI,MIN,13,19,Home,1375.7560233932434,1481.6253415964152,1358.8887651532032,1498.4925998364554
2023_06_NE_LV,2023,6,2023-10-15,LV,NE,21,17,Home,1448.7181354895963,1427.8471587757958,1460.4556091226686,1416.1096851427235
2023_06_NO_HOU,2023,6,2023-10-15,HOU,NO,20,13,Home,1412.6831195912494,1519.301390921245,1435.5244907391282,1496.4600197733662
2023_06_NYG_BUF,2023,6,2023-10-15,BUF,NYG,14,9,Home,1632.0506915385947,1404.3147696105702,1636.9977095501915,1399.3677515989734
2023_06_PHI_NYJ,2023,6,2023-10-15,NYJ,PHI,20,14,Home,1443.0391603864423,1662.9766830227434,1468.8269474496035,1637.1888959595822
2023_06_SEA_CIN,2023,6,2023-10-15,CIN,SEA,17,13,Home,1565.2212197044728,1535.8663225243154,1576.5627193389073,1524.5248228898809
2023_06_SF_CLE,2023,6,2023-10-15,CLE,SF,19,17,Home,1499.554721397623,1693.30892097864,1513.6127160821145,1679.2509262941485
2023_06_WAS_ATL,2023,6,2023-10-15,ATL,WAS,16,24,Home,1446.698018320774,1424.585719191651,1420.3717269766346,1450.9120105357904
2023_06_DAL_LAC,2023,6,2023-10-16,LAC,DAL,17,20,Home,1516.647158302371,1586.0442978938638,1502.9869571734694,1599.7044990227655
2023_07_JAX_NO,2023,7,2023-10-19,NO,JAX,24,31,Home,1496.4600197733662,1529.0944699657757,1474.0635614029609,1551.490928336181
2023_07_ARI_SEA,2023,7,2023-10-22,SEA,ARI,20,10,Home,1524.5248228898809,1387.5919107022528,1534.9892331746687,1377.127500417465
2023_07_ATL_TB,2023,7,2023-10-22,TB,ATL,13,16,Home,1495.588220218219,1420.3717269766346,1477.5644524583943,1438.3954947364593
2023_07_BUF_NE,2023,7,2023-10-22,NE,BUF,29,25,Home,1416.1096851427235,1636.9977095501915,1437.4637102468919,1615.6436844460231
2023_07_CLE_IND,2023,7,2023-10-22,IND,CLE,38,39,Home,1428.9757239514654,1513.6127160821145,1422.4934610277135,1520.0949790058664
2023_07_DET_BAL,2023,7,2023-10-22,BAL,DET,38,6,Home,1563.868304457738,1578.734803724187,1593.1554004290103,1549.4477077529148
2023_07_GB_DEN,2023,7,2023-10-22,DEN,GB,19,17,Home,1370.1620076670242,1492.568813029665,1382.6218991162839,1480.1089215804054
2023_07_LAC_KC,2023,7,2023-10-22,KC,LAC,31,17,Home,1688.7254010603212,1502.9869571734694,1698.0129613818785,1493.699396851912
2023_07_LV_CHI,2023,7,2023-10-22,CHI,LV,30,12,Home,1358.8887651532032,1460.4556091226686,1390.888838677124,1428.4555355987477
2023_07_MIA_PHI,2023,7,2023-10-22,PHI,MIA,31,17,Home,1637.1888959595822,1555.5786820335336,1652.4577010535309,1540.309876939585
2023_07_PIT_LA,2023,7,2023-10-22,LA,PIT,17,24,Home,1489.3033203350733,1513.1295934418788,1466.4831689220669,1535.9497448548852
2023_07_WAS_NYG,2023,7,2023-10-22,NYG,WAS,14,7,Home,1399.3677515989734,1450.9120105357904,1419.2357106736315,1431.0440514611323
2023_07_SF_MIN,2023,7,2023-10-23,MIN,SF,22,17,Home,1498.4925998364554,1679.2509262941485,1520.9849636663052,1656.7585624642986
2023_08_TB_BUF,2023,8,2023-10-26,BUF,TB,24,18,Home,1615.6436844460231,1477.5644524583943,1624.0889889606242,1469.1191479437932
2023_08_ATL_TEN,2023,8,2023-10-29,TEN,ATL,28,23,Home,1457.621969263441,1438.3954947364593,1470.7754796297472,1425.2419843701532
2023_08_BAL_ARI,2023,8,2023-10-29,ARI,BAL,24,31,Home,1377.127500417465,1593.1554004290103,1365.632060247749,1604.6508405987263
2023_08_CHI_LAC,2023,8,2023-10-29,LAC,CHI,30,13,Home,1493.699396851912,1390.888838677124,1508.5062863508076,1376.0819491782286
2023_08_CIN_SF,2023,8,2023-10-29,SF,CIN,17,31,Home,1656.7585624642986,1576.5627193389073,1621.315916553984,1612.005365249222
2023_08_CLE_SEA,2023,8,2023-10-29,SEA,CLE,24,20,Home,1534.9892331746687,1520.0949790058664,1547.0099860706136,1508.0742261099215
2023_08_HOU_CAR,2023,8,2023-10-29,CAR,HOU,15,13,Home,1372.8179275098078,1435.5244907391282,1383.7201663244184,1424.6222519245175
2023_08_JAX_PIT,2023,8,2023-10-29,PIT,JAX,10,20,Home,1535.9497448548852,1551.490928336181,1509.1819411590736,1578.2587320319926
2023_08_KC_DEN,2023,8,2023-10-29,DEN,KC,24,9,Home,1382.6218991162839,1698.0129613818785,1422.881737955851,1657.7531225423115
2023_08_LA_DAL,2023,8,2023-10-29,DAL,LA,43,20,Home,1599.7044990227655,1466.4831689220669,1613.822324244872,1452.3653436999602
2023_08_MIN_GB,2023,8,2023-10-29,GB,MIN,10,24,Home,1480.1089215804054,1520.9849636663052,1451.4652096974469,1549.6286755492638
2023_08_NE_MIA,2023,8,2023-10-29,MIA,NE,31,17,Home,1540.309876939585,1437.4637102468919,1554.180495482109,1423.5930917043677
2023_08_NO_IND,2023,8,2023-10-29,IND,NO,27,38,Home,1422.4934610277135,1474.0635614029609,1396.840943703115,1499.7160787275593
2023_08_NYJ_NYG,2023,8,2023-10-29,NYG,NYJ,10,13,Home,1419.2357106736315,1468.8269474496035,1404.8590424413353,1483.2036156818997
2023_08_PHI_WAS,2023,8,2023-10-29,WAS,PHI,31,38,Home,1431.0440514611323,1652.4577010535309,1419.8238317270595,1663.6779207876036
2023_08_LV_DET,2023,8,2023-10-30,DET,LV,26,14,Home,1549.4477077529148,1428.4555355987477,1561.5224012904619,1416.3808420612006
2023_09_TEN_PIT,2023,9,2023-11-02,PIT,TEN,20,16,Home,1509.1819411590736,1470.7754796297472,1520.109176837293,1459.8482439515278
2023_09_ARI_CLE,2023,9,2023-11-05,CLE,ARI,27,0,Home,1508.0742261099215,1365.632060247749,1522.2350917656145,1351.471194592056
2023_09_BUF_CIN,2023,9,2023-11-05,CIN,BUF,24,18,Home,1612.005365249222,1624.0889889606242,1628.1354672866987,1607.9588869231475
2023_09_CHI_NO,2023,9,2023-11-05,NO,CHI,24,17,Home,1499.7160787275593,1376.0819491782286,1509.3840440966037,1366.4139838091842
2023_09_DAL_PHI,2023,9,2023-11-05,PHI,DAL,28,23,Home,1663.6779207876036,1613.822324244872,1675.273657710972,1602.2265873215038
2023_09_IND_CAR,2023,9,2023-11-05,CAR,IND,13,27,Home,1383.7201663244184,1396.840943703115,1353.3421388657962,1427.2189711617373
2023_09_LA_GB,2023,9,2023-11-05,GB,LA,20,3,Home,1451.4652096974469,1452.3653436999602,1474.427026271073,1429.4035271263342
2023_09_MIA_KC,2023,9,2023-11-05,KC,MIA,21,14,Neutral,1657.7531225423115,1554.180495482109,1671.861714104563,1540.0719039198577
2023_09_MIN_ATL,2023,9,2023-11-05,ATL,MIN,28,31,Home,1425.2419843701532,1549.6286755492638,1414.0285006200183,1560.8421592993986
2023_09_NYG_LV,2023,9,2023-11-05,LV,NYG,30,6,Home,1416.3808420612006,1404.8590424413353,1440.745108256501,1380.494776246035
2023_09_SEA_BAL,2023,9,2023-11-05,BAL,SEA,37,3,Home,1604.6508405987263,1547.0099860706136,1626.9100016601342,1524.7508250092058
2023_09_TB_HOU,2023,9,2023-11-05,HOU,TB,39,37,Home,1424.6222519245175,1469.1191479437932,1434.865344384425,1458.8760554838857
2023_09_WAS_NE,2023,9,2023-11-05,NE,WAS,17,20,Home,1423.5930917043677,1419.8238317270595,1407.5237899070482,1435.893133524379
2023_09_LAC_NYJ,2023,9,2023-11-06,NYJ,LAC,6,27,Home,1483.2036156818997,1508.5062863508076,1449.386910713254,1542.3229913194532
2023_10_CAR_CHI,2023,10,2023-11-09,CHI,CAR,16,13,Home,1366.4139838091842,1353.3421388657962,1376.8430955395888,1342.9130271353915
2023_10_ATL_ARI,2023,10,2023-11-12,ARI,ATL,25,23,Home,1351.471194592056,1414.0285006200183,1362.3679804242547,1403.1317147878196
2023_10_CLE_BAL,2023,10,2023-11-12,BAL,CLE,31,33,Home,1626.9100016601342,1522.2350917656145,1612.0909953345767,1537.054098091172
2023_10_DET_LAC,2023,10,2023-11-12,LAC,DET,38,41,Home,1542.3229913194532,1561.5224012904619,1526.962856350885,1576.88253625903
2023_10_GB_PIT,2023,10,2023-11-12,PIT,GB,23,19,Home,1520.109176837293,1474.427026271073,1530.70975481467,1463.8264482936959
2023_10_HOU_CIN,2023,10,2023-11-12,CIN,HOU,27,30,Home,1628.1354672866987,1434.865344384425,1607.8983714683816,1455.1024402027422
2023_10_IND_NE,2023,10,2023-11-12,NE,IND,6,10,Neutral,1407.5237899070482,1427.2189711617373,1392.475499132213,1442.2672619365726
2023_10_NO_MIN,2023,10,2023-11-12,MIN,NO,27,19,Home,1560.8421592993986,1509.3840440966037,1574.9657837974235,1495.260419598579
2023_10_NYG_DAL,2023,10,2023-11-12,DAL,NYG,49,17,Home,1602.2265873215038,1380.494776246035,1612.18920521996,1370.5321583475786
2023_10_NYJ_LV,2023,10,2023-11-12,LV,NYJ,16,12,Home,1440.745108256501,1449.386910713254,1453.9140921508917,1436.2179268188634
2023_10_SF_JAX,2023,10,2023-11-12,JAX,SF,3,34,Home,1578.2587320319926,1621.315916553984,1541.7792873555638,1657.7953612304127
2023_10_TEN_TB,2023,10,2023-11-12,TB,TEN,20,6,Home,1458.8760554838857,1459.8482439515278,1480.3954258826843,1438.3288735527292
2023_10_WAS_SEA,2023,10,2023-11-12,SEA,WAS,29,26,Home,1524.7508250092058,1435.893133524379,1532.3176755408545,1428.3262829927303
2023_10_DEN_BUF,2023,10,2023-11-13,BUF,DEN,22,24,Home,1607.9588869231475,1422.881737955851,1592.0097786297254,1438.830846249273
2023_11_CIN_BAL,2023,11,2023-11-16,BAL,CIN,34,20,Home,1612.0909953345767,1607.8983714683816,1633.185103173732,1586.8042636292264
2023_11_ARI_HOU,2023,11,2023-11-19,HOU,ARI,21,16,Home,1455.1024402027422,1362.3679804242547,1464.712820626491,1352.7576000005056
2023_11_CHI_DET,2023,11,2023-11-19,DET,CHI,31,26,Home,1576.88253625903,1376.8430955395888,1582.5953659488243,1371.1302658497946
2023_11_DAL_CAR,2023,11,2023-11-19,CAR,DAL,10,33,Home,1342.9130271353915,1612.18920521996,1329.1993924284893,1625.9028399268623
2023_11_LAC_GB,2023,11,2023-11-19,GB,LAC,23,20,Home,1463.8264482936959,1526.962856350885,1477.603363635496,1513.185941009085
2023_11_LV_MIA,2023,11,2023-11-19,MIA,LV,20,13,Home,1540.0719039198577,1453.9140921508917,1551.5606528161898,1442.4253432545597
2023_11_MIN_DEN,2023,11,2023-11-19,DEN,MIN,21,20,Home,1438.830846249273,1574.9657837974235,1446.9010414857562,1566.8955885609403
2023_11_NYG_WAS,2023,11,2023-11-19,WAS,NYG,19,31,Home,1428.3262829927303,1370.5321583475786,1395.7871828204563,1403.0712585198526
2023_11_NYJ_BUF,2023,11,2023-11-19,BUF,NYJ,32,6,Home,1592.0097786297254,1436.2179268188634,1605.1342721461394,1423.0934333024493
2023_11_PIT_CLE,2023,11,2023-11-19,CLE,PIT,13,10,Home,1537.054098091172,1530.70975481467,1547.7624334202276,1520.0014194856144
2023_11_SEA_LA,2023,11,2023-11-19,LA,SEA,17,16,Home,1429.4035271263342,1532.3176755408545,1436.9582170138585,1524.7629856533301
2023_11_TB_SF,2023,11,2023-11-19,SF,TB,27,14,Home,1657.7953612304127,1480.3954258826843,1667.2351002017353,1470.9556869113617
2023_11_TEN_JAX,2023,11,2023-11-19,JAX,TEN,34,14,Home,1541.7792873555638,1438.3288735527292,1557.3300870032735,1422.7780739050195
2023_11_PHI_KC,2023,11,2023-11-20,KC,PHI,17,21,Home,1671.861714104563,1675.273657710972,1653.459056394206,1693.6763154213288
2023_12_GB_DET,2023,12,2023-11-23,DET,GB,22,29,Home,1582.5953659488243,1477.603363635496,1554.5358653229653,1505.662864261355
2023_12_SF_SEA,2023,12,2023-11-23,SEA,SF,13,31,Home,1524.7629856533301,1667.2351002017353,1502.5593805648518,1689.4387052902136
2023_12_WAS_DAL,2023,12,2023-11-23,DAL,WAS,45,10,Home,1625.9028399268623,1395.7871828204563,1635.6737488438341,1386.0162739034845
2023_12_MIA_NYJ,2023,12,2023-11-24,NYJ,MIA,13,34,Home,1423.0934333024493,1551.5606528161898,1398.477672890951,1576.176413227688
2023_12_BAL_LAC,2023,12,2023-11-26,LAC,BAL,10,20,Home,1513.185941009085,1633.185103173732,1493.4645002181492,1652.9065439646677
2023_12_BUF_PHI,2023,12,2023-11-26,PHI,BUF,37,34,Home,1693.6763154213288,1605.1342721461394,1701.2539200945928,1597.5566674728755
2023_12_CAR_TEN,2023,12,2023-11-26,TEN,CAR,17,10,Home,1422.7780739050195,1329.1993924284893,1433.8889192189813,1318.0885471145275
2023_12_CLE_DEN,2023,12,2023-11-26,DEN,CLE,29,12,Home,1446.9010414857562,1547.7624334202276,1478.2663017673085,1516.3971731386753
2023_12_JAX_HOU,2023,12,2023-11-26,HOU,JAX,21,24,Home,1464.712820626491,1557.3300870032735,1452.1077471809933,1569.9351604487713
2023_12_KC_LV,2023,12,2023-11-26,LV,KC,17,31,Home,1442.4253432545597,1653.459056394206,1427.117319746228,1668.7670799025377
2023_12_LA_ARI,2023,12,2023-11-26,ARI,LA,14,37,Home,1352.7576000005056,1436.9582170138585,1322.9913760901427,1466.7244409242214
2023_12_NE_NYG,2023,12,2023-11-26,NYG,NE,10,7,Home,1403.0712585198526,1392.475499132213,1413.6027104565276,1381.944047195538
2023_12_NO_ATL,2023,12,2023-11-26,ATL,NO,24,15,Home,1403.1317147878196,1495.260419598579,1427.6495065333602,1470.7426278530384
2023_12_PIT_CIN,2023,12,2023-11-26,CIN,PIT,10,16,Home,1586.8042636292264,1520.0014194856144,1561.796272558305,1545.0094105565358
2023_12_TB_IND,2023,12,2023-11-26,IND,TB,27,20,Home,1442.2672619365726,1470.9556869113617,1460.59378274246,1452.6291661054743
2023_12_CHI_MIN,2023,12,2023-11-27,MIN,CHI,10,12,Home,1566.8955885609403,1371.1302658497946,1550.8320860112262,1387.1937683995086
2023_13_SEA_DAL,2023,13,2023-11-30,DAL,SEA,41,35,Home,1635.6737488438341,1502.5593805648518,1644.3224591206013,1493.9106702880847
2023_13_ARI_PIT,2023,13,2023-12-03,PIT,ARI,10,24,Home,1545.0094105565358,1322.9913760901427,1504.803453426028,1363.1973332206505
2023_13_ATL_NYJ,2023,13,2023-12-03,NYJ,ATL,8,13,Home,1398.477672890951,1427.6495065333602,1379.0355317915864,1447.0916476327247
2023_13_CAR_TB,2023,13,2023-12-03,TB,CAR,21,18,Home,1452.6291661054743,1318.0885471145275,1458.7487407300368,1311.968972489965
2023_13_CLE_LA,2023,13,2023-12-03,LA,CLE,36,19,Home,1466.7244409242214,1516.3971731386753,1494.1627244502154,1488.9588896126813
2023_13_DEN_HOU,2023,13,2023-12-03,HOU,DEN,22,17,Home,1452.1077471809933,1478.2663017673085,1467.7543105096995,1462.6197384386023
2023_13_DET_NO,2023,13,2023-12-03,NO,DET,28,33,Home,1470.7426278530384,1554.5358653229653,1453.9368362299729,1571.3416569460308
2023_13_IND_TEN,2023,13,2023-12-03,TEN,IND,28,31,Home,1433.8889192189813,1460.59378274246,1418.7673479322018,1475.7153540292395
2023_13_KC_GB,2023,13,2023-12-03,GB,KC,27,19,Home,1505.662864261355,1668.7670799025377,1532.4835342932208,1641.946409870672
2023_13_LAC_NE,2023,13,2023-12-03,NE,LAC,0,6,Home,1381.944047195538,1493.4645002181492,1365.4243144949771,1509.98423291871
2023_13_MIA_WAS,2023,13,2023-12-03,WAS,MIA,15,45,Home,1386.0162739034845,1576.176413227688,1364.7482217121244,1597.4444654190481
2023_13_SF_PHI,2023,13,2023-12-03,PHI,SF,19,42,Home,1701.2539200945928,1689.4387052902136,1663.8647339376305,1726.827891447176
2023_13_CIN_JAX,2023,13,2023-12-04,JAX,CIN,31,34,Home,1569.9351604487713,1561.796272558305,1553.73485520053,1577.9965778065462
2023_14_NE_PIT,2023,14,2023-12-07,PIT,NE,18,21,Home,1504.803453426028,1365.4243144949771,1485.4133863852267,1384.8143815357785
2023_14_BUF_KC,2023,14,2023-12-10,KC,BUF,17,20,Home,1641.946409870672,1597.5566674728755,1624.7142856661762,1614.7887916773711
2023_14_CAR_NO,2023,14,2023-12-10,NO,CAR,28,6,Home,1453.9368362299729,1311.968972489965,1467.292315682172,1298.6134930377657
2023_14_DEN_LAC,2023,14,2023-12-10,LAC,DEN,7,24,Home,1509.98423291871,1462.6197384386023,1473.8891125709122,1498.7148587864
2023_14_DET_CHI,2023,14,2023-12-10,CHI,DET,28,13,Home,1387.1937683995086,1571.3416569460308,1422.1772028876958,1536.3582224578436
2023_14_HOU_NYJ,2023,14,2023-12-10,NYJ,HOU,30,6,Home,1379.0355317915864,1467.7543105096995,1413.051612709215,1433.7382295920709
2023_14_IND_CIN,2023,14,2023-12-10,CIN,IND,34,14,Home,1577.9965778065462,1475.7153540292395,1593.6310968331088,1460.0808350026768
2023_14_JAX_CLE,2023,14,2023-12-10,CLE,JAX,31,27,Home,1488.9588896126813,1553.73485520053,1505.0412529861314,1537.65249182708
2023_14_LA_BAL,2023,14,2023-12-10,BAL,LA,37,31,Home,1652.9065439646677,1494.1627244502154,1660.5437870308137,1486.5254813840693
2023_14_MIN_LV,2023,14,2023-12-10,LV,MIN,0,3,Home,1427.117319746228,1550.8320860112262,1415.8751268615538,1562.0742788959005
2023_14_PHI_DAL,2023,14,2023-12-10,DAL,PHI,33,13,Home,1644.3224591206013,1663.8647339376305,1670.270712699148,1637.9164803590838
2023_14_SEA_SF,2023,14,2023-12-10,SF,SEA,28,16,Home,1726.827891447176,1493.9106702880847,1733.7189885349899,1487.0195732002708
2023_14_TB_ATL,2023,14,2023-12-10,ATL,TB,25,29,Home,1447.0916476327247,1458.7487407300368,1428.9845206538346,1476.855867708927
2023_14_GB_NYG,2023,14,2023-12-11,NYG,GB,24,22,Home,1413.6027104565276,1532.4835342932208,1425.9760111241314,1520.110233625617
2023_14_TEN_MIA,2023,14,2023-12-11,MIA,TEN,27,28,Home,1597.4444654190481,1418.7673479322018,1587.4273766643491,1428.7844366869008
2023_15_LAC_LV,2023,15,2023-12-14,LV,LAC,63,21,Home,1415.8751268615538,1473.8891125709122,1452.614287897295,1437.1499515351709
2023_15_DEN_DET,2023,15,2023-12-16,DET,DEN,42,17,Home,1536.3582224578436,1498.7148587864,1558.54900652205,1476.5240747221937
2023_15_MIN_CIN,2023,15,2023-12-16,CIN,MIN,27,24,Home,1593.6310968331088,1562.0742788959005,1603.3126487739355,1552.3927269550738
2023_15_PIT_IND,2023,15,2023-12-16,IND,PIT,30,13,Home,1460.0808350026768,1485.4133863852267,1485.2450909072486,1460.249130480655
2023_15_ATL_CAR,2023,15,2023-12-17,CAR,ATL,9,7,Home,1298.6134930377657,1428.9845206538346,1311.2666578569715,1416.3313558346288
2023_15_BAL_JAX,2023,15,2023-12-17,JAX,BAL,7,23,Home,1537.65249182708,1660.5437870308137,1514.604468524557,1683.5918103333368
2023_15_CHI_CLE,2023,15,2023-12-17,CLE,CHI,20,17,Home,1505.0412529861314,1422.1772028876958,1512.8140516620585,1414.4044042117687
2023_15_DAL_BUF,2023,15,2023-12-17,BUF,DAL,31,10,Home,1614.7887916773711,1670.270712699148,1644.7231218192378,1640.3363825572812
2023_15_HOU_TEN,2023,15,2023-12-17,TEN,HOU,16,19,Home,1428.7844366869008,1433.7382295920709,1412.9805243303156,1449.542141948656
2023_15_KC_NE,2023,15,2023-12-17,NE,KC,17,27,Home,1384.8143815357785,1624.7142856661762,1372.9257239891324,1636.6029432128223
2023_15_NYG_NO,2023,15,2023-12-17,NO,NYG,24,6,Home,1467.292315682172,1425.9760111241314,1487.0432398948901,1406.2250869114134
2023_15_NYJ_MIA,2023,15,2023-12-17,MIA,NYJ,30,0,Home,1587.4273766643491,1413.051612709215,1599.8982447833218,1400.5807445902424
2023_15_SF_ARI,2023,15,2023-12-17,ARI,SF,29,45,Home,1363.1973332206505,1733.7189885349899,1355.8858745078553,1741.030447247785
2023_15_TB_GB,2023,15,2023-12-17,GB,TB,20,34,Home,1520.110233625617,1476.855867708927,1486.508247371777,1510.4578539627669
2023_15_WAS_LA,2023,15,2023-12-17,LA,WAS,28,20,Home,1486.5254813840693,1364.7482217121244,1496.8309174047927,1354.442785691401
2023_15_PHI_SEA,2023,15,2023-12-18,SEA,PHI,20,17,Home,1487.0195732002708,1637.9164803590838,1503.594550191948,1621.3415033674066
2023_16_NO_LA,2023,16,2023-12-21,LA,NO,30,22,Home,1496.8309174047927,1487.0432398948901,1513.5759827982163,1470.2981745014665
2023_16_BUF_LAC,2023,16,2023-12-23,LAC,BUF,22,24,Home,1437.1499515351709,1644.7231218192378,1430.8436666182874,1651.0294067361212
2023_16_CIN_PIT,2023,16,2023-12-23,PIT,CIN,34,11,Home,1460.249130480655,1603.3126487739355,1497.7227984253075,1565.838980829283
2023_16_ARI_CHI,2023,16,2023-12-24,CHI,ARI,27,16,Home,1414.4044042117687,1355.8858745078553,1429.903358836426,1340.386919883198
2023_16_CLE_HOU,2023,16,2023-12-24,HOU,CLE,22,36,Home,1449.542141948656,1512.8140516620585,1422.3483075018382,1540.0078861088764
2023_16_DAL_MIA,2023,16,2023-12-24,MIA,DAL,22,20,Home,1599.8982447833218,1640.3363825572812,1609.9962589275688,1630.2383684130343
2023_16_DET_MIN,2023,16,2023-12-24,MIN,DET,24,30,Home,1552.3927269550738,1558.54900652205,1530.261032807198,1580.6807006699257
2023_16_GB_CAR,2023,16,2023-12-24,CAR,GB,30,33,Home,1311.2666578569715,1486.508247371777,1302.1189201395146,1495.655985089234
2023_16_IND_ATL,2023,16,2023-12-24,ATL,IND,29,10,Home,1416.3313558346288,1485.2450909072486,1446.5723248135243,1455.004121928353
2023_16_JAX_TB,2023,16,2023-12-24,TB,JAX,30,12,Home,1510.4578539627669,1514.604468524557,1534.1420334169818,1490.920289070342
2023_16_NE_DEN,2023,16,2023-12-24,DEN,NE,23,26,Home,1476.5240747221937,1372.9257239891324,1457.847829523029,1391.601969188297
2023_16_SEA_TEN,2023,16,2023-12-24,TEN,SEA,17,20,Home,1412.9805243303156,1503.594550191948,1400.2855564202634,1516.289518102
2023_16_WAS_NYJ,2023,16,2023-12-24,NYJ,WAS,30,28,Home,1400.5807445902424,1354.442785691401,1407.8029261712156,1347.2206041104278
2023_16_BAL_SF,2023,16,2023-12-25,SF,BAL,19,33,Home,1741.030447247785,1683.5918103333368,1706.6939344034954,1717.9283231776265
2023_16_LV_KC,2023,16,2023-12-25,KC,LV,14,20,Home,1636.6029432128223,1452.614287897295,1608.3746268240593,1480.842604286058
2023_16_NYG_PHI,2023,16,2023-12-25,PHI,NYG,33,25,Home,1621.3415033674066,1406.2250869114134,1627.8219160668723,1399.7446742119478
2023_17_NYJ_CLE,2023,17,2023-12-28,CLE,NYJ,37,20,Home,1540.0078861088764,1407.8029261712156,1552.910232113709,1394.900580166383
2023_17_DET_DAL,2023,17,2023-12-30,DAL,DET,20,19,Home,1630.2383684130343,1580.6807006699257,1634.7298651412973,1576.1892039416628
2023_17_ARI_PHI,2023,17,2023-12-31,PHI,ARI,31,35,Home,1627.8219160668723,1340.386919883198,1603.3019878627879,1364.9068480872825
2023_17_ATL_CHI,2023,17,2023-12-31,CHI,ATL,37,17,Home,1429.903358836426,1446.5723248135243,1455.5765158606964,1420.8991677892539
2023_17_CAR_JAX,2023,17,2023-12-31,JAX,CAR,26,0,Home,1490.920289070342,1302.1189201395146,1502.04947072212,1290.9897384877365
2023_17_CIN_KC,2023,17,2023-12-31,KC,CIN,25,17,Home,1608.3746268240593,1565.838980829283,1623.0385703275942,1551.175037325748
2023_17_GB_MIN,2023,17,2023-12-31,MIN,GB,10,33,Home,1530.261032807198,1495.655985089234,1491.3718246429821,1534.54519325345
2023_17_LAC_DEN,2023,17,2023-12-31,DEN,LAC,16,9,Home,1457.847829523029,1430.8436666182874,1472.642192704953,1416.0493034363635
2023_17_LA_NYG,2023,17,2023-12-31,NYG,LA,25,26,Home,1399.7446742119478,1513.5759827982163,1393.9105359509276,1519.4101210592364
2023_17_LV_IND,2023,17,2023-12-31,IND,LV,23,20,Home,1455.004121928353,1480.842604286058,1467.095834413453,1468.750891800958
2023_17_MIA_BAL,2023,17,2023-12-31,BAL,MIA,56,19,Home,1717.9283231776265,1609.9962589275688,1736.1284123657788,1591.7961697394164
2023_17_NE_BUF,2023,17,2023-12-31,BUF,NE,27,21,Home,1651.0294067361212,1391.601969188297,1655.568296609774,1387.0630793146443
2023_17_NO_TB,2023,17,2023-12-31,TB,NO,13,23,Home,1534.1420334169818,1470.2981745014665,1503.4543048478058,1500.9859030706425
2023_17_PIT_SEA,2023,17,2023-12-31,SEA,PIT,23,30,Home,1516.289518102,1497.7227984253075,1491.528358087575,1522.4839584397325
2023_17_SF_WAS,2023,17,2023-12-31,WAS,SF,10,27,Home,1347.2206041104278,1706.6939344034954,1339.312945331576,1714.6015931823472
2023_17_TEN_HOU,2023,17,2023-12-31,HOU,TEN,26,3,Home,1422.3483075018382,1400.2855564202634,1445.4148386004583,1377.2190253216434
2023_18_HOU_IND,2023,18,2024-01-06,IND,HOU,19,23,Home,1467.095834413453,1445.4148386004583,1447.8266054124786,1464.6840676014328
2023_18_PIT_BAL,2023,18,2024-01-06,BAL,PIT,10,17,Home,1736.1284123657788,1522.4839584397325,1705.3950641902302,1553.2173066152811
2023_18_ATL_NO,2023,18,2024-01-07,NO,ATL,48,17,Home,1500.9859030706425,1420.8991677892539,1520.6595897017219,1401.2254811581745
2023_18_BUF_MIA,2023,18,2024-01-07,MIA,BUF,14,21,Home,1591.7961697394164,1655.568296609774,1570.9399054083915,1676.424560940799
2023_18_CHI_GB,2023,18,2024-01-07,GB,CHI,17,9,Home,1534.54519325345,1455.5765158606964,1547.0800511228665,1443.0416579912799
2023_18_CLE_CIN,2023,18,2024-01-07,CIN,CLE,31,14,Home,1551.175037325748,1552.910232113709,1574.210635250022,1529.874634189435
2023_18_DAL_WAS,2023,18,2024-01-07,WAS,DAL,10,38,Home,1339.312945331576,1634.7298651412973,1326.5258727719631,1647.5169377009101
2023_18_DEN_LV,2023,18,2024-01-07,LV,DEN,27,14,Home,1468.750891800958,1472.642192704953,1489.957976907452,1451.4351075984591
2023_18_JAX_TEN,2023,18,2024-01-07,TEN,JAX,28,20,Home,1377.2190253216434,1502.04947072212,1402.2571292034306,1477.0113668403328
2023_18_KC_LAC,2023,18,2024-01-07,LAC,KC,12,13,Home,1416.0493034363635,1623.0385703275942,1412.0601937322838,1627.027680031674
2023_18_LA_SF,2023,18,2024-01-07,SF,LA,20,21,Home,1714.6015931823472,1519.4101210592364,1704.4703973380897,1529.541316903494
2023_18_MIN_DET,2023,18,2024-01-07,DET,MIN,30,20,Home,1576.1892039416628,1491.3718246429821,1589.5171419104115,1478.0438866742334
2023_18_NYJ_NE,2023,18,2024-01-07,NE,NYJ,3,17,Home,1387.0630793146443,1394.900580166383,1356.3645169395754,1425.5991425414518
2023_18_PHI_NYG,2023,18,2024-01-07,NYG,PHI,27,10,Home,1393.9105359509276,1603.3019878627879,1431.6993254090396,1565.513198404676
2023_18_SEA_ARI,2023,18,2024-01-07,ARI,SEA,20,21,Home,1364.9068480872825,1491.528358087575,1359.347727921336,1497.0874782535216
2023_18_TB_CAR,2023,18,2024-01-07,CAR,TB,0,9,Home,1290.9897384877365,1503.4543048478058,1278.056382856596,1516.3876604789464
2023_19_CLE_HOU,2023,19,2024-01-13,HOU,CLE,45,14,Home,1464.6840676014328,1529.874634189435,1499.357432558678,1495.2012692321898
2023_19_MIA_KC,2023,19,2024-01-13,KC,MIA,26,7,Home,1627.027680031674,1570.9399054083915,1645.9082817927824,1552.059303647283
2023_19_GB_DAL,2023,19,2024-01-14,DAL,GB,32,48,Home,1647.5169377009101,1547.0800511228665,1609.4885993823827,1585.1083894413937
2023_19_LA_DET,2023,19,2024-01-14,DET,LA,24,23,Home,1589.5171419104115,1529.541316903494,1593.813484020132,1525.2449747937735
2023_19_PHI_TB,2023,19,2024-01-15,TB,PHI,32,9,Home,1516.3876604789464,1565.513198404676,1546.4998641244276,1535.4009947591946
2023_19_PIT_BUF,2023,19,2024-01-15,BUF,PIT,31,17,Home,1676.424560940799,1553.2173066152811,1689.0405204411877,1540.6013471148924
2023_20_GB_SF,2023,20,2024-01-20,SF,GB,24,21,Home,1704.4703973380897,1585.1083894413937,1711.0466880988924,1578.532098680591
2023_20_HOU_BAL,2023,20,2024-01-20,BAL,HOU,34,10,Home,1705.3950641902302,1499.357432558678,1715.3460405721494,1489.4064561767589
2023_20_KC_BUF,2023,20,2024-01-21,BUF,KC,24,27,Home,1689.0405204411877,1645.9082817927824,1671.842436088665,1663.1063661453052
2023_20_TB_DET,2023,20,2024-01-21,DET,TB,31,23,Home,1593.813484020132,1546.4998641244276,1608.186603101523,1532.1267450430366
2023_21_DET_SF,2023,21,2024-01-28,SF,DET,34,31,Home,1711.0466880988924,1608.186603101523,1718.146826531559,1601.0864646688563
2023_21_KC_BAL,2023,21,2024-01-28,BAL,KC,10,17,Home,1715.3460405721494,1663.1063661453052,1689.1836484890991,1689.2687582283554
2023_22_SF_KC,2023,22,2024-02-11,KC,SF,25,22,Neutral,1689.2687582283554,1718.146826531559,1704.0868049896583,1703.3287797702562
2024_01_BAL_KC,2024,1,2024-09-05,KC,BAL,27,20,Home,1622.4520829937946,1613.5101890934593,1638.3522155096,1597.610056577654
2024_01_GB_PHI,2024,1,2024-09-06,PHI,GB,34,29,Neutral,1521.2405968555167,1547.1192592083544,1540.2665145707301,1528.093341493141
2024_01_ARI_BUF,2024,1,2024-09-08,BUF,ARI,34,28,Home,1603.1054616531987,1415.6086367528014,1609.7199549528416,1408.9941434531586
2024_01_CAR_NO,2024,1,2024-09-08,NO,CAR,47,10,Home,1512.395753821033,1366.8338297139576,1527.6226252371118,1351.6069582978787
2024_01_DAL_CLE,2024,1,2024-09-08,CLE,DAL,17,33,Home,1497.1207615393137,1565.6931596294294,1469.125393525307,1593.6885276434361
2024_01_DEN_SEA,2024,1,2024-09-08,SEA,DEN,26,20,Home,1498.2524869521128,1470.8610645590752,1512.0750752159988,1457.0384762951892
2024_01_HOU_IND,2024,1,2024-09-08,IND,HOU,27,29,Home,1468.695963247487,1493.6438737060553,1456.6679259987188,1505.6719109548235
2024_01_JAX_MIA,2024,1,2024-09-08,MIA,JAX,20,17,Home,1531.2355821883698,1486.2068201041996,1540.3914890198496,1477.0509132727198
2024_01_LA_DET,2024,1,2024-09-08,DET,LA,26,20,Home,1560.6518788013136,1515.146984876264,1573.4781739104026,1502.320689767175
2024_01_LV_LAC,2024,1,2024-09-08,LAC,LV,22,10,Home,1447.2361162393702,1493.974786144471,1471.3386384692535,1469.8722639145876
2024_01_MIN_NYG,2024,1,2024-09-08,NYG,MIN,6,28,Home,1459.0195952454237,1486.8263320045398,1424.8977099532024,1520.9482172967612
2024_01_NE_CIN,2024,1,2024-09-08,CIN,NE,10,16,Home,1544.526381150013,1413.818710163745,1517.536052485631,1440.809038828127
2024_01_PIT_ATL,2024,1,2024-09-08,ATL,PIT,10,18,Home,1440.7352886949045,1524.3608082689352,1420.1143956511387,1544.981701312701
2024_01_TEN_CHI,2024,1,2024-09-08,CHI,TEN,24,17,Home,1465.824994794768,1441.3542775220583,1480.7719295281138,1426.4073427887124
2024_01_WAS_TB,2024,1,2024-09-08,TB,WAS,37,20,Home,1519.2760470258218,1395.9155236631777,1532.731647837106,1382.4599228518935
2024_01_NYJ_SF,2024,1,2024-09-09,SF,NYJ,32,19,Home,1621.9972678621534,1455.359485524871,1631.9583577847284,1445.398395602296
2024_02_BUF_MIA,2024,2,2024-09-12,MIA,BUF,10,31,Home,1540.3914890198496,1609.7199549528416,1509.926076949122,1640.1853670235691
2024_02_CHI_HOU,2024,2,2024-09-15,HOU,CHI,19,13,Home,1505.6719109548235,1480.7719295281138,1519.634780853095,1466.8090596298423
2024_02_CIN_KC,2024,2,2024-09-15,KC,CIN,26,25,Home,1638.3522155096,1517.536052485631,1641.6179620352495,1514.2703059599814
2024_02_CLE_JAX,2024,2,2024-09-15,JAX,CLE,13,18,Home,1477.0509132727198,1469.125393525307,1456.1205503869076,1490.055756411119
2024_02_IND_GB,2024,2,2024-09-15,GB,IND,16,10,Home,1528.093341493141,1456.6679259987188,1539.5697900051741,1445.1914774866857
2024_02_LAC_CAR,2024,2,2024-09-15,CAR,LAC,3,26,Home,1351.6069582978787,1471.3386384692535,1325.4427310299748,1497.5028657371574
2024_02_LA_ARI,2024,2,2024-09-15,ARI,LA,41,10,Home,1408.9941434531586,1502.320689767175,1445.9944796676634,1465.3203535526702
2024_02_LV_BAL,2024,2,2024-09-15,BAL,LV,23,26,Home,1597.610056577654,1469.8722639145876,1578.4388129120316,1489.04350758021
2024_02_NO_DAL,2024,2,2024-09-15,DAL,NO,19,44,Home,1593.6885276434361,1527.6226252371118,1551.8603614134975,1569.4507914670505
2024_02_NYG_WAS,2024,2,2024-09-15,WAS,NYG,21,18,Home,1382.4599228518935,1424.8977099532024,1395.2922775211127,1412.065355283983
2024_02_NYJ_TEN,2024,2,2024-09-15,TEN,NYJ,17,24,Home,1426.4073427887124,1445.398395602296,1403.3572735417793,1468.4484648492291
2024_02_PIT_DEN,2024,2,2024-09-15,DEN,PIT,6,13,Home,1457.0384762951892,1544.981701312701,1437.8157156187503,1564.2044619891399
2024_02_SEA_NE,2024,2,2024-09-15,NE,SEA,20,23,Home,1440.809038828127,1512.0750752159988,1427.234749988717,1525.6493640554088
2024_02_SF_MIN,2024,2,2024-09-15,MIN,SF,23,17,Home,1520.9482172967612,1631.9583577847284,1542.5181786184091,1610.3883964630804
2024_02_TB_DET,2024,2,2024-09-15,DET,TB,16,20,Home,1573.4781739104026,1532.731647837106,1553.5872118614673,1552.6226098860413
2024_02_ATL_PHI,2024,2,2024-09-16,PHI,ATL,21,22,Home,1540.2665145707301,1420.1143956511387,1530.7556705024167,1429.625239719452
2024_03_NE_NYJ,2024,3,2024-09-19,NYJ,NE,24,3,Home,1468.4484648492291,1427.234749988717,1489.1916494797158,1406.4915653582304
2024_03_BAL_DAL,2024,3,2024-09-22,DAL,BAL,25,28,Home,1551.8603614134975,1578.4388129120316,1536.7347466776284,1593.5644276479006
2024_03_CAR_LV,2024,3,2024-09-22,LV,CAR,22,36,Home,1489.04350758021,1325.4427310299748,1450.357207103063,1364.1290315071217
2024_03_CHI_IND,2024,3,2024-09-22,IND,CHI,21,16,Home,1445.1914774866857,1466.8090596298423,1460.579904711384,1451.420632405144
2024_03_DEN_TB,2024,3,2024-09-22,TB,DEN,7,26,Home,1552.6226098860413,1437.8157156187503,1511.7522941459342,1478.6860313588575
2024_03_DET_ARI,2024,3,2024-09-22,ARI,DET,13,20,Home,1445.9944796676634,1553.5872118614673,1428.0833588053968,1571.498332723734
2024_03_GB_TEN,2024,3,2024-09-22,TEN,GB,14,30,Home,1403.3572735417793,1539.5697900051741,1381.4610552222287,1561.4660083247247
2024_03_HOU_MIN,2024,3,2024-09-22,MIN,HOU,34,7,Home,1542.5181786184091,1519.634780853095,1566.6237887471523,1495.5291707243518
2024_03_KC_ATL,2024,3,2024-09-22,ATL,KC,17,22,Home,1429.625239719452,1641.6179620352495,1419.5399512920294,1651.7032504626723
2024_03_LAC_PIT,2024,3,2024-09-22,PIT,LAC,20,10,Home,1564.2044619891399,1497.5028657371574,1578.641242670022,1483.0660850562754
2024_03_MIA_SEA,2024,3,2024-09-22,SEA,MIA,24,3,Home,1525.6493640554088,1509.926076949122,1548.6602250607696,1486.9152159437613
2024_03_NYG_CLE,2024,3,2024-09-22,CLE,NYG,15,21,Home,1490.055756411119,1412.065355283983,1464.66205488264,1437.4590568124622
2024_03_PHI_NO,2024,3,2024-09-22,NO,PHI,12,15,Home,1569.4507914670505,1530.7556705024167,1552.3738681005486,1547.8325938689186
2024_03_SF_LA,2024,3,2024-09-22,LA,SF,27,24,Home,1465.3203535526702,1610.3883964630804,1481.7256288661688,1593.9831211495818
2024_03_JAX_BUF,2024,3,2024-09-23,BUF,JAX,47,10,Home,1640.1853670235691,1456.1205503869076,1652.7669879768112,1443.5389294336655
2024_03_WAS_CIN,2024,3,2024-09-23,CIN,WAS,33,38,Home,1514.2703059599814,1395.2922775211127,1489.715684142132,1419.8468993389622
2024_04_DAL_NYG,2024,4,2024-09-26,NYG,DAL,15,20,Home,1437.4590568124622,1536.7347466776284,1421.5512227090667,1552.642580781024
2024_04_BUF_BAL,2024,4,2024-09-29,BAL,BUF,35,10,Home,1593.5644276479006,1652.7669879768112,1625.517582400263,1620.8138332244487
2024_04_CIN_CAR,2024,4,2024-09-29,CAR,CIN,24,34,Home,1364.1290315071217,1489.715684142132,1344.821429565157,1509.0232860840968
2024_04_CLE_LV,2024,4,2024-09-29,LV,CLE,20,16,Home,1450.357207103063,1464.66205488264,1463.8097519475093,1451.2095100381937
2024_04_DEN_NYJ,2024,4,2024-09-29,NYJ,DEN,9,10,Home,1489.1916494797158,1478.6860313588575,1481.0562983409543,1486.821382497619
2024_04_JAX_HOU,2024,4,2024-09-29,HOU,JAX,24,20,Home,1495.5291707243518,1443.5389294336655,1505.8512124465813,1433.2168877114361
2024_04_KC_LAC,2024,4,2024-09-29,LAC,KC,10,17,Home,1483.0660850562754,1651.7032504626723,1468.961268156639,1665.8080673623085
2024_04_LA_CHI,2024,4,2024-09-29,CHI,LA,24,18,Home,1451.420632405144,1481.7256288661688,1468.6709316672327,1464.4753296040801
2024_04_MIN_GB,2024,4,2024-09-29,GB,MIN,29,31,Home,1561.4660083247247,1566.6237887471523,1548.9466697040498,1579.1431273678272
2024_04_NE_SF,2024,4,2024-09-29,SF,NE,30,13,Home,1593.9831211495818,1406.4915653582304,1603.8082694147101,1396.6664170931022
2024_04_NO_ATL,2024,4,2024-09-29,ATL,NO,26,24,Home,1419.5399512920294,1552.3738681005486,1432.252213363449,1539.661606029129
2024_04_PHI_TB,2024,4,2024-09-29,TB,PHI,33,16,Home,1511.7522941459342,1547.8325938689186,1537.9118019311654,1521.6730860836874
2024_04_PIT_IND,2024,4,2024-09-29,IND,PIT,27,24,Home,1460.579904711384,1578.641242670022,1476.1677671349312,1563.0533802464747
2024_04_WAS_ARI,2024,4,2024-09-29,ARI,WAS,14,42,Home,1428.0833588053968,1419.8468993389622,1388.7259028377127,1459.2043553066462
2024_04_SEA_DET,2024,4,2024-09-30,DET,SEA,42,29,Home,1571.498332723734,1548.6602250607696,1590.593107216733,1529.5654505677705
2024_04_TEN_MIA,2024,4,2024-09-30,MIA,TEN,12,31,Home,1486.9152159437613,1381.4610552222287,1446.470027426661,1421.9062437393288
2024_05_TB_ATL,2024,5,2024-10-03,ATL,TB,36,30,Home,1432.252213363449,1537.9118019311654,1453.583983505321,1516.5800317892936
2024_05_ARI_SF,2024,5,2024-10-06,SF,ARI,23,24,Home,1603.8082694147101,1388.7259028377127,1593.5556100582517,1398.9785621941712
2024_05_BAL_CIN,2024,5,2024-10-06,CIN,BAL,38,41,Home,1509.0232860840968,1625.517582400263,1497.470500397887,1637.0703680864729
2024_05_BUF_HOU,2024,5,2024-10-06,HOU,BUF,23,20,Home,1505.8512124465813,1620.8138332244487,1521.342267153666,1605.322778517364
2024_05_CAR_CHI,2024,5,2024-10-06,CHI,CAR,36,10,Home,1468.6709316672327,1344.821429565157,1483.9787156650484,1329.5136455673412
2024_05_CLE_WAS,2024,5,2024-10-06,WAS,CLE,34,13,Home,1459.2043553066462,1451.2095100381937,1482.9273975688027,1427.4864677760372
2024_05_DAL_PIT,2024,5,2024-10-06,PIT,DAL,17,20,Home,1563.0533802464747,1552.642580781024,1546.7854906423124,1568.9104703851863
2024_05_GB_LA,2024,5,2024-10-06,LA,GB,19,24,Home,1464.4753296040801,1548.9466697040498,1447.7092312728964,1565.7127680352335
2024_05_IND_JAX,2024,5,2024-10-06,JAX,IND,37,34,Home,1433.2168877114361,1476.1677671349312,1446.0723917970647,1463.3122630493026
2024_05_LV_DEN,2024,5,2024-10-06,DEN,LV,34,18,Home,1486.821382497619,1463.8097519475093,1507.3066385651803,1443.324495879948
2024_05_MIA_NE,2024,5,2024-10-06,NE,MIA,10,15,Home,1396.6664170931022,1446.470027426661,1378.0939176280062,1465.042526891757
2024_05_NYG_SEA,2024,5,2024-10-06,SEA,NYG,20,29,Home,1529.5654505677705,1421.5512227090667,1498.3875795760407,1452.7290937007965
2024_05_NYJ_MIN,2024,5,2024-10-06,MIN,NYJ,23,17,Neutral,1579.1431273678272,1481.0562983409543,1592.6479354314981,1467.5514902772834
2024_05_NO_KC,2024,5,2024-10-07,KC,NO,26,13,Home,1665.8080673623085,1539.661606029129,1677.93292192786,1527.5367514635775
2024_06_SF_SEA,2024,6,2024-10-10,SEA,SF,24,36,Home,1498.3875795760407,1593.5556100582517,1475.2765809000725,1616.6666087342198
2024_06_ARI_GB,2024,6,2024-10-13,GB,ARI,34,13,Home,1565.7127680352335,1398.9785621941712,1577.374283662675,1387.3170465667297
2024_06_ATL_CAR,2024,6,2024-10-13,CAR,ATL,20,38,Home,1329.5136455673412,1453.583983505321,1305.6679123404074,1477.4297167322547
2024_06_CIN_NYG,2024,6,2024-10-13,NYG,CIN,7,17,Home,1452.7290937007965,1497.470500397887,1427.585074080443,1522.6145200182405
2024_06_CLE_PHI,2024,6,2024-10-13,PHI,CLE,20,16,Home,1521.6730860836874,1427.4864677760372,1530.2489446152354,1418.9106092444893
2024_06_DET_DAL,2024,6,2024-10-13,DAL,DET,9,47,Home,1568.9104703851863,1590.593107216733,1528.5259021002137,1630.9776755017056
2024_06_HOU_NE,2024,6,2024-10-13,NE,HOU,21,41,Home,1378.0939176280062,1521.342267153666,1355.2059120261033,1544.2302727555689
2024_06_IND_TEN,2024,6,2024-10-13,TEN,IND,17,20,Home,1421.9062437393288,1463.3122630493026,1407.2603968005617,1477.9581099880697
2024_06_JAX_CHI,2024,6,2024-10-13,CHI,JAX,35,16,Neutral,1483.9787156650484,1446.0723917970647,1510.228223795978,1419.822883666135
2024_06_LAC_DEN,2024,6,2024-10-13,DEN,LAC,16,23,Home,1507.3066385651803,1468.961268156639,1481.7056827249849,1494.5622239968345
2024_06_PIT_LV,2024,6,2024-10-13,LV,PIT,13,32,Home,1443.324495879948,1546.7854906423124,1417.12793320486,1572.9820533174004
2024_06_TB_NO,2024,6,2024-10-13,NO,TB,27,51,Home,1527.5367514635775,1516.5800317892936,1489.7263006271335,1554.3904826257376
2024_06_WAS_BAL,2024,6,2024-10-13,BAL,WAS,30,23,Home,1637.0703680864729,1482.9273975688027,1645.4182287762192,1474.5795368790564
2024_06_BUF_NYJ,2024,6,2024-10-14,NYJ,BUF,20,23,Home,1467.5514902772834,1605.322778517364,1456.9026869081295,1615.971581886518
2024_07_DEN_NO,2024,7,2024-10-17,NO,DEN,10,33,Home,1489.7263006271335,1481.7056827249849,1452.5954930717633,1518.836490280355
2024_07_CAR_WAS,2024,7,2024-10-20,WAS,CAR,40,7,Home,1474.5795368790564,1305.6679123404074,1487.7400818821438,1292.50736733732
2024_07_CIN_CLE,2024,7,2024-10-20,CLE,CIN,14,21,Home,1418.9106092444893,1522.6145200182405,1400.7427534406854,1540.7823758220443
2024_07_DET_MIN,2024,7,2024-10-20,MIN,DET,29,31,Home,1592.6479354314981,1630.9776755017056,1580.9618045580046,1642.663806375199
2024_07_HOU_GB,2024,7,2024-10-20,GB,HOU,24,22,Home,1577.374283662675,1544.2302727555689,1584.996971534339,1536.6075848839048
2024_07_KC_SF,2024,7,2024-10-20,SF,KC,18,28,Home,1616.6666087342198,1677.93292192786,1592.471041193156,1702.1284894689238
2024_07_LV_LA,2024,7,2024-10-20,LA,LV,20,15,Home,1447.7092312728964,1417.12793320486,1460.2724807634154,1404.564683714341
2024_07_MIA_IND,2024,7,2024-10-20,IND,MIA,16,10,Home,1477.9581099880697,1465.042526891757,1492.606263773835,1450.3943731059917
2024_07_NE_JAX,2024,7,2024-10-20,JAX,NE,32,16,Neutral,1419.822883666135,1355.2059120261033,1442.2858896254372,1332.7429060668012
2024_07_NYJ_PIT,2024,7,2024-10-20,PIT,NYJ,37,15,Home,1572.9820533174004,1456.9026869081295,1588.0867491686304,1441.7979910568995
2024_07_PHI_NYG,2024,7,2024-10-20,NYG,PHI,3,28,Home,1427.585074080443,1530.2489446152354,1399.011466829481,1558.8225518661975
2024_07_SEA_ATL,2024,7,2024-10-20,ATL,SEA,14,34,Home,1477.4297167322547,1475.2765809000725,1442.2461193744834,1510.4601782578438
2024_07_TEN_BUF,2024,7,2024-10-20,BUF,TEN,34,10,Home,1615.971581886518,1407.2603968005617,1625.7860156582524,1397.4459630288272
2024_07_BAL_TB,2024,7,2024-10-21,TB,BAL,31,41,Home,1554.3904826257376,1645.4182287762192,1532.4639416463365,1667.3447697556203
2024_07_LAC_ARI,2024,7,2024-10-21,ARI,LAC,17,15,Home,1387.3170465667297,1494.5622239968345,1399.4004139480598,1482.4788566155044
2024_08_MIN_LA,2024,8,2024-10-24,LA,MIN,30,20,Home,1460.2724807634154,1580.9618045580046,1487.376274035109,1553.858011286311
2024_08_ARI_MIA,2024,8,2024-10-27,MIA,ARI,27,28,Home,1450.3943731059917,1399.4004139480598,1441.6900208535283,1408.1047662005233
2024_08_ATL_TB,2024,8,2024-10-27,TB,ATL,26,31,Home,1532.4639416463365,1442.2461193744834,1508.7106984039826,1465.9993626168373
2024_08_BAL_CLE,2024,8,2024-10-27,CLE,BAL,29,24,Home,1400.7427534406854,1667.3447697556203,1425.7380995709636,1642.349423625342
2024_08_BUF_SEA,2024,8,2024-10-27,SEA,BUF,10,31,Home,1510.4601782578438,1625.7860156582524,1484.587895529385,1651.6582983867113
2024_08_CAR_DEN,2024,8,2024-10-27,DEN,CAR,28,14,Home,1518.836490280355,1292.50736733732,1526.368843091062,1284.975014526613
2024_08_CHI_WAS,2024,8,2024-10-27,WAS,CHI,18,15,Home,1487.7400818821438,1510.228223795978,1499.6843785037515,1498.2839271743703
2024_08_DAL_SF,2024,8,2024-10-27,SF,DAL,30,24,Home,1592.471041193156,1528.5259021002137,1604.3275616975775,1516.6693815957922
2024_08_GB_JAX,2024,8,2024-10-27,JAX,GB,27,30,Home,1442.2858896254372,1584.996971534339,1431.8418984900031,1595.4409626697732
2024_08_IND_HOU,2024,8,2024-10-27,HOU,IND,23,20,Home,1536.6075848839048,1492.606263773835,1545.8029885845317,1483.4108600732081
2024_08_KC_LV,2024,8,2024-10-27,LV,KC,20,27,Home,1404.564683714341,1702.1284894689238,1396.7518923339103,1709.9412808493546
2024_08_NO_LAC,2024,8,2024-10-27,LAC,NO,26,8,Home,1482.4788566155044,1452.5954930717633,1503.183255650877,1431.8910940363905
2024_08_NYJ_NE,2024,8,2024-10-27,NE,NYJ,25,22,Home,1332.7429060668012,1441.7979910568995,1348.0478382991587,1426.493058824542
2024_08_PHI_CIN,2024,8,2024-10-27,CIN,PHI,17,37,Home,1540.7823758220443,1558.8225518661975,1506.9687778252169,1592.636149863025
2024_08_TEN_DET,2024,8,2024-10-27,DET,TEN,52,14,Home,1642.663806375199,1397.4459630288272,1651.8848490773348,1388.2249203266915
2024_08_NYG_PIT,2024,8,2024-10-28,PIT,NYG,26,18,Home,1588.0867491686304,1399.011466829481,1595.4958854650072,1391.6023305331041
2024_09_HOU_NYJ,2024,9,2024-10-31,NYJ,HOU,21,13,Home,1426.493058824542,1545.8029885845317,1451.2608012811095,1521.0352461279642
2024_09_CHI_ARI,2024,9,2024-11-03,ARI,CHI,29,9,Home,1408.1047662005233,1498.2839271743703,1440.3831173981762,1466.0055759767174
2024_09_DAL_ATL,2024,9,2024-11-03,ATL,DAL,27,21,Home,1465.9993626168373,1516.6693815957922,1484.535590163528,1498.1331540491014
2024_09_DEN_BAL,2024,9,2024-11-03,BAL,DEN,41,10,Home,1642.349423625342,1526.368843091062,1659.0527141114874,1509.6655526049167
2024_09_DET_GB,2024,9,2024-11-03,GB,DET,14,24,Home,1595.4409626697732,1651.8848490773348,1570.9667957439926,1676.3590160031154
2024_09_IND_MIN,2024,9,2024-11-03,MIN,IND,21,13,Home,1553.858011286311,1483.4108600732081,1566.872266513022,1470.3966048464972
2024_09_JAX_PHI,2024,9,2024-11-03,PHI,JAX,28,23,Home,1592.636149863025,1431.8418984900031,1599.5976579826772,1424.8803903703508
2024_09_LAC_CLE,2024,9,2024-11-03,CLE,LAC,10,27,Home,1425.7380995709636,1503.183255650877,1398.0260357675081,1530.8953194543326
2024_09_LA_SEA,2024,9,2024-11-03,SEA,LA,20,26,Home,1484.587895529385,1487.376274035109,1462.3111668906868,1509.6530026738071
2024_09_LV_CIN,2024,9,2024-11-03,CIN,LV,41,24,Home,1506.9687778252169,1396.7518923339103,1521.2780590391155,1382.4426111200116
2024_09_MIA_BUF,2024,9,2024-11-03,BUF,MIA,30,27,Home,1651.6582983867113,1441.6900208535283,1655.8577271295624,1437.4905921106772
2024_09_NE_TEN,2024,9,2024-11-03,TEN,NE,20,17,Home,1388.2249203266915,1348.0478382991587,1397.5682019881376,1338.7045566377126
2024_09_NO_CAR,2024,9,2024-11-03,CAR,NO,23,22,Home,1284.975014526613,1431.8910940363905,1293.2046908893071,1423.6614176736964
2024_09_WAS_NYG,2024,9,2024-11-03,NYG,WAS,22,27,Home,1391.6023305331041,1499.6843785037515,1376.196882631139,1515.0898264057166
2024_09_TB_KC,2024,9,2024-11-04,KC,TB,30,24,Home,1709.9412808493546,1508.7106984039826,1716.1077578397005,1502.5442214136367
2024_10_CIN_BAL,2024,10,2024-11-07,BAL,CIN,35,34,Home,1659.0527141114874,1521.2780590391155,1662.0654001467867,1518.2653730038162
2024_10_ATL_NO,2024,10,2024-11-10,NO,ATL,20,17,Home,1423.6614176736964,1484.535590163528,1437.3341039434306,1470.8629038937938
2024_10_BUF_IND,2024,10,2024-11-10,IND,BUF,20,30,Home,1470.3966048464972,1655.8577271295624,1455.243366317939,1671.0109656581205
2024_10_DEN_KC,2024,10,2024-11-10,KC,DEN,16,14,Home,1716.1077578397005,1509.6655526049167,1719.4969705223707,1506.2763399222465
2024_10_DET_HOU,2024,10,2024-11-10,HOU,DET,23,26,Home,1521.0352461279642,1676.3590160031154,1511.1049346954437,1686.2893274356359
2024_10_MIN_JAX,2024,10,2024-11-10,JAX,MIN,7,12,Home,1424.8803903703508,1566.872266513022,1411.3433471597934,1580.4093097235793
2024_10_NE_CHI,2024,10,2024-11-10,CHI,NE,3,19,Home,1466.0055759767174,1338.7045566377126,1426.8419969142203,1377.8681357002097
2024_10_NYG_CAR,2024,10,2024-11-10,CAR,NYG,20,17,Neutral,1293.2046908893071,1376.196882631139,1309.6954164823537,1359.7061570380924
2024_10_NYJ_ARI,2024,10,2024-11-10,ARI,NYJ,31,6,Home,1440.3831173981762,1451.2608012811095,1467.267994943846,1424.3759237354398
2024_10_PHI_DAL,2024,10,2024-11-10,DAL,PHI,6,34,Home,1498.1331540491014,1599.5976579826772,1468.4729746264773,1629.2578374053014
2024_10_PIT_WAS,2024,10,2024-11-10,WAS,PIT,27,28,Home,1515.0898264057166,1595.4958854650072,1508.5115759102412,1602.0741359604826
2024_10_SF_TB,2024,10,2024-11-10,TB,SF,20,23,Home,1502.5442214136367,1604.3275616975775,1490.3474286079916,1616.5243545032226
2024_10_TEN_LAC,2024,10,2024-11-10,LAC,TEN,27,17,Home,1530.8953194543326,1397.5682019881376,1541.5420719605943,1386.921449481876
2024_10_MIA_LA,2024,10,2024-11-11,LA,MIA,15,23,Home,1509.6530026738071,1437.4905921106772,1481.2043356478052,1465.939259136679
2024_11_WAS_PHI,2024,11,2024-11-14,PHI,WAS,26,18,Home,1629.2578374053014,1508.5115759102412,1639.6134140604327,1498.15599925511
2024_11_ATL_DEN,2024,11,2024-11-17,DEN,ATL,38,6,Home,1506.2763399222465,1470.8629038937938,1530.3113043812216,1446.8279394348187
2024_11_BAL_PIT,2024,11,2024-11-17,PIT,BAL,18,16,Home,1602.0741359604826,1662.0654001467867,1612.8772950373798,1651.2622410698896
2024_11_CIN_LAC,2024,11,2024-11-17,LAC,CIN,34,27,Home,1541.5420719605943,1518.2653730038162,1556.5612057780759,1503.2462391863346
2024_11_CLE_NO,2024,11,2024-11-17,NO,CLE,35,14,Home,1437.3341039434306,1398.0260357675081,1458.242315301316,1377.1178244096227
2024_11_GB_CHI,2024,11,2024-11-17,CHI,GB,19,20,Home,1426.8419969142203,1570.9667957439926,1421.6491243443293,1576.1596683138837
2024_11_IND_NYJ,2024,11,2024-11-17,NYJ,IND,27,28,Home,1424.3759237354398,1455.243366317939,1416.8819443367959,1462.737345716583
2024_11_JAX_DET,2024,11,2024-11-17,DET,JAX,52,6,Home,1686.2893274356359,1411.3433471597934,1694.5466963538524,1403.0859782415769
2024_11_KC_BUF,2024,11,2024-11-17,BUF,KC,30,21,Home,1671.0109656581205,1719.4969705223707,1692.779791366522,1697.7281448139693
2024_11_LA_NE,2024,11,2024-11-17,NE,LA,22,28,Home,1377.8681357002097,1481.2043356478052,1360.8441411401648,1498.2283302078501
2024_11_LV_MIA,2024,11,2024-11-17,MIA,LV,34,19,Home,1465.939259136679,1382.4426111200116,1481.441035959347,1366.9408342973438
2024_11_MIN_TEN,2024,11,2024-11-17,TEN,MIN,13,23,Home,1386.921449481876,1580.4093097235793,1372.2820203059694,1595.048738899486
2024_11_SEA_SF,2024,11,2024-11-17,SF,SEA,17,20,Home,1616.5243545032226,1462.3111668906868,1596.8741310221324,1481.961390371777
2024_11_HOU_DAL,2024,11,2024-11-18,DAL,HOU,10,34,Home,1468.4729746264773,1511.1049346954437,1434.5595574219976,1545.0183518999233
2024_12_PIT_CLE,2024,12,2024-11-21,CLE,PIT,24,19,Home,1377.1178244096227,1612.8772950373798,1401.3167239305735,1588.678395516429
2024_12_ARI_SEA,2024,12,2024-11-24,SEA,ARI,16,6,Home,1481.961390371777,1467.267994943846,1499.885337744937,1449.344047570686
2024_12_DAL_WAS,2024,12,2024-11-24,WAS,DAL,26,34,Home,1498.15599925511,1434.5595574219976,1470.0463476697587,1462.6692090073489
2024_12_DEN_LV,2024,12,2024-11-24,LV,DEN,19,29,Home,1366.9408342973438,1530.3113043812216,1350.318575432135,1546.9335632464304
2024_12_DET_IND,2024,12,2024-11-24,IND,DET,6,24,Home,1462.737345716583,1694.5466963538524,1447.5840216357146,1709.7000204347207
2024_12_KC_CAR,2024,12,2024-11-24,CAR,KC,27,30,Home,1309.6954164823537,1697.7281448139693,1306.4374931722293,1700.9860681240937
2024_12_MIN_CHI,2024,12,2024-11-24,CHI,MIN,27,30,Home,1421.6491243443293,1595.048738899486,1412.430543908161,1604.267319335654
2024_12_NE_MIA,2024,12,2024-11-24,MIA,NE,34,15,Home,1481.441035959347,1360.8441411401648,1495.5699241833252,1346.7152529161865
2024_12_PHI_LA,2024,12,2024-11-24,LA,PHI,20,37,Home,1498.2283302078501,1639.6134140604327,1476.3387816641741,1661.5029626041087
2024_12_SF_GB,2024,12,2024-11-24,GB,SF,38,10,Home,1576.1596683138837,1596.8741310221324,1604.9834145171762,1568.0503848188398
2024_12_TB_NYG,2024,12,2024-11-24,NYG,TB,7,30,Home,1359.7061570380924,1490.3474286079916,1334.6083465277839,1515.4452391183002
2024_12_TEN_HOU,2024,12,2024-11-24,HOU,TEN,27,32,Home,1545.0183518999233,1372.2820203059694,1519.2384776711342,1398.0618945347585
2024_12_BAL_LAC,2024,12,2024-11-25,LAC,BAL,23,30,Home,1556.5612057780759,1651.2622410698896,1537.7934865132463,1670.0299603347191
2024_13_CHI_DET,2024,13,2024-11-28,DET,CHI,23,20,Home,1709.7000204347207,1412.430543908161,1712.3311572829375,1409.7994070599443
2024_13_MIA_GB,2024,13,2024-11-28,GB,MIA,30,17,Home,1604.9834145171762,1495.5699241833252,1618.0972784280016,1482.4560602724998
2024_13_NYG_DAL,2024,13,2024-11-28,DAL,NYG,27,20,Home,1462.6692090073489,1334.6083465277839,1472.1366125954082,1325.1409429397245
2024_13_LV_KC,2024,13,2024-11-29,KC,LV,19,17,Home,1700.9860681240937,1350.318575432135,1702.5333574742729,1348.7712860819559
2024_13_ARI_MIN,2024,13,2024-12-01,MIN,ARI,23,22,Home,1604.267319335654,1449.344047570686,1607.0393174960723,1446.5720494102677
2024_13_HOU_JAX,2024,13,2024-12-01,JAX,HOU,20,23,Home,1403.0859782415769,1519.2384776711342,1391.5183970691332,1530.8060588435778
2024_13_IND_NE,2024,13,2024-12-01,NE,IND,24,25,Home,1346.7152529161865,1447.5840216357146,1340.5966035032463,1453.7026710486548
2024_13_LAC_ATL,2024,13,2024-12-01,ATL,LAC,13,17,Home,1446.8279394348187,1537.7934865132463,1432.1078709157002,1552.5135550323648
2024_13_LA_NO,2024,13,2024-12-01,NO,LA,14,21,Home,1458.242315301316,1476.3387816641741,1435.1499251651235,1499.4311718003667
2024_13_PHI_BAL,2024,13,2024-12-01,BAL,PHI,19,24,Home,1670.0299603347191,1661.5029626041087,1649.0764138887362,1682.4565090500917
2024_13_PIT_CIN,2024,13,2024-12-01,CIN,PIT,38,44,Home,1503.2462391863346,1588.678395516429,1485.0987225608687,1606.8259121418948
2024_13_SEA_NYJ,2024,13,2024-12-01,NYJ,SEA,21,26,Home,1416.8819443367959,1499.885337744937,1400.029878766963,1516.7374033147698
2024_13_SF_BUF,2024,13,2024-12-01,BUF,SF,35,10,Home,1692.779791366522,1568.0503848188398,1707.8494882913815,1552.9806878939803
2024_13_TB_CAR,2024,13,2024-12-01,CAR,TB,23,26,Home,1306.4374931722293,1515.4452391183002,1298.5302482080701,1523.3524840824593
2024_13_TEN_WAS,2024,13,2024-12-01,WAS,TEN,42,19,Home,1470.0463476697587,1398.0618945347585,1488.7437678495332,1379.364474354984
2024_13_CLE_DEN,2024,13,2024-12-02,DEN,CLE,41,32,Home,1546.9335632464304,1401.3167239305735,1556.5695762902455,1391.6807108867583
2024_14_GB_DET,2024,14,2024-12-05,DET,GB,34,31,Home,1712.3311572829375,1618.0972784280016,1719.7164164250403,1610.7120192858988
2024_14_ATL_MIN,2024,14,2024-12-08,MIN,ATL,42,21,Home,1607.0393174960723,1432.1078709157002,1618.2335468155302,1420.9136415962423
2024_14_BUF_LA,2024,14,2024-12-08,LA,BUF,44,42,Home,1499.4311718003667,1707.8494882913815,1513.7759713750067,1693.5046887167414
2024_14_CAR_PHI,2024,14,2024-12-08,PHI,CAR,22,16,Home,1682.4565090500917,1298.5302482080701,1684.724273555697,1296.2624837024648
2024_14_CHI_SF,2024,14,2024-12-08,SF,CHI,38,13,Home,1552.9806878939803,1409.7994070599443,1566.7772204450257,1396.002874508899
2024_14_CLE_PIT,2024,14,2024-12-08,PIT,CLE,27,14,Home,1606.8259121418948,1391.6807108867583,1614.6082844018415,1383.8983386268117
2024_14_JAX_TEN,2024,14,2024-12-08,TEN,JAX,6,10,Home,1379.364474354984,1391.5183970691332,1361.275312271317,1409.6075591528001
2024_14_LAC_KC,2024,14,2024-12-08,KC,LAC,19,17,Home,1702.5333574742729,1552.5135550323648,1707.0334911486796,1548.0134213579581
2024_14_LV_TB,2024,14,2024-12-08,TB,LV,28,13,Home,1523.3524840824593,1348.7712860819559,1533.4110638244438,1338.7127063399714
2024_14_NO_NYG,2024,14,2024-12-08,NYG,NO,11,14,Home,1325.1409429397245,1435.1499251651235,1313.306038421058,1446.98482968379
2024_14_NYJ_MIA,2024,14,2024-12-08,MIA,NYJ,32,26,Home,1482.4560602724998,1400.029878766963,1493.3878839596644,1389.0980550797985
2024_14_SEA_ARI,2024,14,2024-12-08,ARI,SEA,18,30,Home,1446.5720494102677,1516.7374033147698,1421.3630488221495,1541.946403902888
2024_14_CIN_DAL,2024,14,2024-12-09,DAL,CIN,20,27,Home,1472.1366125954082,1485.0987225608687,1448.802683779521,1508.432651376756
2024_15_LA_SF,2024,15,2024-12-12,SF,LA,6,12,Home,1566.7772204450257,1513.7759713750067,1542.2667148416645,1538.286476978368
2024_15_BAL_NYG,2024,15,2024-12-15,NYG,BAL,14,35,Home,1313.306038421058,1649.0764138887362,1303.7370620269883,1658.645390282806
2024_15_BUF_DET,2024,15,2024-12-15,DET,BUF,42,48,Home,1719.7164164250403,1693.5046887167414,1696.236439173807,1716.9846659679747
2024_15_CIN_TEN,2024,15,2024-12-15,TEN,CIN,27,37,Home,1361.275312271317,1508.432651376756,1343.5260663693568,1526.1818972787162
2024_15_DAL_CAR,2024,15,2024-12-15,CAR,DAL,14,30,Home,1296.2624837024648,1448.802683779521,1275.7382965221975,1469.3268709597883
2024_15_GB_SEA,2024,15,2024-12-15,SEA,GB,13,30,Home,1541.946403902888,1610.7120192858988,1513.4047946319697,1639.2536285568171
2024_15_IND_DEN,2024,15,2024-12-15,DEN,IND,31,13,Home,1556.5695762902455,1453.7026710486548,1571.649540678581,1438.6227066603194
2024_15_KC_CLE,2024,15,2024-12-15,CLE,KC,7,21,Home,1383.8983386268117,1707.0334911486796,1374.9534866008341,1715.978343174657
2024_15_MIA_HOU,2024,15,2024-12-15,HOU,MIA,20,12,Home,1530.8060588435778,1493.3878839596644,1545.7852321567952,1478.408710646447
2024_15_NE_ARI,2024,15,2024-12-15,ARI,NE,30,17,Home,1421.3630488221495,1340.5966035032463,1436.2988109415073,1325.6608413838885
2024_15_NYJ_JAX,2024,15,2024-12-15,JAX,NYJ,25,32,Home,1409.6075591528001,1389.0980550797985,1384.7618935801327,1413.943720652466
2024_15_PIT_PHI,2024,15,2024-12-15,PHI,PIT,27,13,Home,1684.724273555697,1614.6082844018415,1700.787420141508,1598.5451378160305
2024_15_TB_LAC,2024,15,2024-12-15,LAC,TB,17,40,Home,1548.0134213579581,1533.4110638244438,1510.435965584738,1570.988519597664
2024_15_WAS_NO,2024,15,2024-12-15,NO,WAS,19,20,Home,1446.98482968379,1488.7437678495332,1439.6676794739517,1496.0609180593715
2024_15_ATL_LV,2024,15,2024-12-16,LV,ATL,9,15,Home,1338.7127063399714,1420.9136415962423,1320.3596999321096,1439.2666480041041
2024_15_CHI_MIN,2024,15,2024-12-16,MIN,CHI,30,12,Home,1618.2335468155302,1396.002874508899,1626.6012811601538,1387.6351401642753
2024_16_DEN_LAC,2024,16,2024-12-19,LAC,DEN,34,27,Home,1510.435965584738,1571.649540678581,1530.9684296612093,1551.1170766021096
2024_16_HOU_KC,2024,16,2024-12-21,KC,HOU,27,19,Home,1715.978343174657,1545.7852321567952,1724.1263004723257,1537.6372748591266
2024_16_PIT_BAL,2024,16,2024-12-21,BAL,PIT,34,17,Home,1658.645390282806,1598.5451378160305,1676.5512281036808,1580.6392999951556
2024_16_ARI_CAR,2024,16,2024-12-22,CAR,ARI,36,30,Home,1275.7382965221975,1436.2988109415073,1299.391132940645,1412.6459745230597
2024_16_CLE_CIN,2024,16,2024-12-22,CIN,CLE,24,6,Home,1526.1818972787162,1374.9534866008341,1538.1719805711623,1362.963403308388
2024_16_DET_CHI,2024,16,2024-12-22,CHI,DET,17,34,Home,1387.6351401642753,1696.236439173807,1377.3587029565267,1706.5128763815555
2024_16_JAX_LV,2024,16,2024-12-22,LV,JAX,19,14,Home,1320.3596999321096,1384.7618935801327,1338.2416061403337,1366.8799873719086
2024_16_LA_NYJ,2024,16,2024-12-22,NYJ,LA,9,19,Home,1413.943720652466,1538.286476978368,1394.544335301634,1557.6858623292
2024_16_MIN_SEA,2024,16,2024-12-22,SEA,MIN,24,27,Home,1513.4047946319697,1626.6012811601538,1501.708913561187,1638.2971622309365
2024_16_NE_BUF,2024,16,2024-12-22,BUF,NE,24,21,Home,1716.9846659679747,1325.6608413838885,1718.5331179148545,1324.1123894370087
2024_16_NYG_ATL,2024,16,2024-12-22,ATL,NYG,34,7,Home,1439.2666480041041,1303.7370620269883,1453.9066105924799,1289.0970994386125
2024_16_PHI_WAS,2024,16,2024-12-22,WAS,PHI,36,33,Home,1496.0609180593715,1700.787420141508,1514.0727651919108,1682.7755730089686
2024_16_SF_MIA,2024,16,2024-12-22,MIA,SF,29,17,Home,1478.408710646447,1542.2667148416645,1503.9606327605788,1516.7147927275325
2024_16_TB_DAL,2024,16,2024-12-22,DAL,TB,26,24,Home,1469.3268709597883,1570.988519597664,1481.2689660469025,1559.0464245105497
2024_16_TEN_IND,2024,16,2024-12-22,IND,TEN,38,30,Home,1438.6227066603194,1343.5260663693568,1450.2823175101248,1331.8664555195514
2024_16_NO_GB,2024,16,2024-12-23,GB,NO,34,0,Home,1639.2536285568171,1439.6676794739517,1650.6158852351364,1428.3054227956325
2024_17_BAL_HOU,2024,17,2024-12-25,HOU,BAL,2,31,Home,1537.6372748591266,1676.5512281036808,1511.6276883650212,1702.5608145977862
2024_17_KC_PIT,2024,17,2024-12-25,PIT,KC,10,29,Home,1580.6392999951556,1724.1263004723257,1558.139337388886,1746.6262630785955
2024_17_SEA_CHI,2024,17,2024-12-26,CHI,SEA,3,6,Home,1377.3587029565267,1501.708913561187,1366.1436613748908,1512.923955142823
2024_17_ARI_LA,2024,17,2024-12-28,LA,ARI,13,9,Home,1557.6858623292,1412.6459745230597,1564.4400189468638,1405.891817905396
2024_17_DEN_CIN,2024,17,2024-12-28,CIN,DEN,30,24,Home,1538.1719805711623,1551.1170766021096,1554.3543272234156,1534.9347299498563
2024_17_LAC_NE,2024,17,2024-12-28,NE,LAC,7,40,Home,1324.1123894370087,1530.9684296612093,1303.805988866593,1551.274830231625
2024_17_ATL_WAS,2024,17,2024-12-29,WAS,ATL,30,24,Home,1514.0727651919108,1453.9066105924799,1526.124250842838,1441.8551249415527
2024_17_CAR_TB,2024,17,2024-12-29,TB,CAR,48,14,Home,1559.0464245105497,1299.391132940645,1567.3292086215831,1291.1083488296117
2024_17_DAL_PHI,2024,17,2024-12-29,PHI,DAL,41,7,Home,1682.7755730089686,1481.2689660469025,1694.0262920644827,1470.0182469913884
2024_17_GB_MIN,2024,17,2024-12-29,MIN,GB,27,25,Home,1638.2971622309365,1650.6158852351364,1647.4118605588233,1641.5011869072496
2024_17_IND_NYG,2024,17,2024-12-29,NYG,IND,45,33,Home,1289.0970994386125,1450.2823175101248,1320.306956308315,1419.0724606404224
2024_17_LV_NO,2024,17,2024-12-29,NO,LV,10,25,Home,1428.3054227956325,1338.2416061403337,1391.5564485811924,1374.9905803547738
2024_17_MIA_CLE,2024,17,2024-12-29,CLE,MIA,3,20,Home,1362.963403308388,1503.9606327605788,1341.0403888050016,1525.8836472639653
2024_17_NYJ_BUF,2024,17,2024-12-29,BUF,NYJ,40,14,Home,1718.5331179148545,1394.544335301634,1723.9263320325945,1389.151121183894
2024_17_TEN_JAX,2024,17,2024-12-29,JAX,TEN,20,13,Home,1366.8799873719086,1331.8664555195514,1381.197627005388,1317.548815886072
2024_17_DET_SF,2024,17,2024-12-30,SF,DET,34,40,Home,1516.7147927275325,1706.5128763815555,1504.6442124426046,1718.5834566664835
2024_18_CIN_PIT,2024,18,2025-01-04,PIT,CIN,17,19,Home,1558.139337388886,1554.3543272234156,1545.4043409231572,1567.0893236891443
2024_18_CLE_BAL,2024,18,2025-01-04,BAL,CLE,35,10,Home,1702.5608145977862,1341.0403888050016,1706.8756895325978,1336.72551387019
2024_18_BUF_NE,2024,18,2025-01-05,NE,BUF,23,16,Home,1303.805988866593,1723.9263320325945,1335.5096848079315,1692.222636091256
2024_18_CAR_ATL,2024,18,2025-01-05,ATL,CAR,38,44,Home,1441.8551249415527,1291.1083488296117,1414.3552647899473,1318.608208981217
2024_18_CHI_GB,2024,18,2025-01-05,GB,CHI,22,24,Home,1641.5011869072496,1366.1436613748908,1624.8237005041171,1382.8211477780233
2024_18_HOU_TEN,2024,18,2025-01-05,TEN,HOU,14,23,Home,1317.548815886072,1511.6276883650212,1303.5271798912538,1525.6493243598393
2024_18_JAX_IND,2024,18,2025-01-05,IND,JAX,26,23,Home,1419.0724606404224,1381.197627005388,1428.505420770511,1371.7646668752996
2024_18_KC_DEN,2024,18,2025-01-05,DEN,KC,38,0,Home,1534.9347299498563,1746.6262630785955,1582.9769924014083,1698.5840006270435
2024_18_LAC_LV,2024,18,2025-01-05,LV,LAC,20,34,Home,1374.9905803547738,1551.274830231625,1357.1990340179207,1569.066376568478
2024_18_MIA_NYJ,2024,18,2025-01-05,NYJ,MIA,32,20,Home,1389.151121183894,1525.8836472639653,1419.0475041904808,1495.9872642573785
2024_18_MIN_DET,2024,18,2025-01-05,DET,MIN,31,9,Home,1718.5834566664835,1647.4118605588233,1737.0963219712867,1628.89899525402
2024_18_NO_TB,2024,18,2025-01-05,TB,NO,27,19,Home,1567.3292086215831,1391.5564485811924,1575.2529855841337,1383.6326716186418
2024_18_NYG_PHI,2024,18,2025-01-05,PHI,NYG,20,13,Home,1694.0262920644827,1320.306956308315,1696.595361396423,1317.7378869763747
2024_18_SEA_LA,2024,18,2025-01-05,LA,SEA,25,30,Home,1564.4400189468638,1512.923955142823,1541.9217569875727,1535.442217102114
2024_18_SF_ARI,2024,18,2025-01-05,ARI,SF,47,24,Home,1405.891817905396,1504.6442124426046,1440.223356193959,1470.3126741540416
2024_18_WAS_DAL,2024,18,2025-01-05,DAL,WAS,19,23,Home,1470.0182469913884,1526.124250842838,1453.5784198794588,1542.5640779547675
2024_19_LAC_HOU,2024,19,2025-01-11,HOU,LAC,32,12,Home,1525.6493243598393,1569.066376568478,1553.9282699763062,1540.7874309520112
2024_19_PIT_BAL,2024,19,2025-01-11,BAL,PIT,28,14,Home,1706.8756895325978,1545.4043409231572,1717.3621379209028,1534.9178925348522
2024_19_DEN_BUF,2024,19,2025-01-12,BUF,DEN,31,7,Home,1692.222636091256,1582.9769924014083,1708.2301477482954,1566.9694807443689
2024_19_GB_PHI,2024,19,2025-01-12,PHI,GB,22,10,Home,1696.595361396423,1624.8237005041171,1711.6997954194317,1609.7192664811084
2024_19_WAS_TB,2024,19,2025-01-12,TB,WAS,20,23,Home,1575.2529855841337,1542.5640779547675,1558.3426388535106,1559.4744246853907
2024_19_MIN_LA,2024,19,2025-01-13,LA,MIN,27,9,Neutral,1541.9217569875727,1628.89899525402,1577.192616895883,1593.6281353457098
2024_20_HOU_KC,2024,20,2025-01-18,KC,HOU,23,14,Home,1698.5840006270435,1553.9282699763062,1708.2650239416178,1544.2472466617319
2024_20_WAS_DET,2024,20,2025-01-18,DET,WAS,31,45,Home,1737.0963219712867,1559.4744246853907,1697.9907749877632,1598.5799716689141
2024_20_BAL_BUF,2024,20,2025-01-19,BUF,BAL,27,25,Home,1708.2301477482954,1717.3621379209028,1717.2360596622973,1708.356226006901
2024_20_LA_PHI,2024,20,2025-01-19,PHI,LA,28,22,Home,1711.6997954194317,1577.192616895883,1720.2910796622016,1568.601332653113
2024_21_BUF_KC,2024,21,2025-01-26,KC,BUF,32,29,Home,1708.2650239416178,1717.2360596622973,1719.6223056688664,1705.8787779350487
2024_21_WAS_PHI,2024,21,2025-01-26,PHI,WAS,55,23,Home,1720.2910796622016,1598.5799716689141,1736.695531749965,1582.1755195811506
2024_22_KC_PHI,2024,22,2025-02-09,PHI,KC,40,22,Neutral,1736.695531749965,1719.6223056688664,1764.4785555720907,1691.8392818467407
